article_id,url,title,source,published_date,retrieved_date,score,relevant,confidence,heat_terms_found,incident_type,is_occupational,location_specificity,summary,architecture,full_text_fetched
f7eb73afb4ff,https://kyma.com/milan-cortina-olympics-2026,A powerful search engine that organizes and provides access to vast information on the internet.,KYMA,,2026-05-12T05:30:01.665791+00:00,0,False,0.0,,none,False,none,,headless,True
38053d6c8684,https://kyma.com/news/decision-2020,A powerful search engine that organizes and provides access to vast information on the internet.,KYMA,,2026-05-12T05:30:06.198653+00:00,0,False,0.0,,none,False,none,,headless,True
955a96b1e01b,https://kyma.com/news/us-world-news,A powerful search engine that organizes and provides access to vast information on the internet.,KYMA,,2026-05-12T05:30:10.826349+00:00,0,False,0.0,,none,False,none,,headless,True
8831c0396901,https://kyma.com/noticias-3,A powerful search engine that organizes and provides access to vast information on the internet.,KYMA,,2026-05-12T05:30:15.359574+00:00,0,False,0.0,,none,False,none,,headless,True
dcdb1a113913,https://kyma.com/noticias-3/clima,A powerful search engine that organizes and provides access to vast information on the internet.,KYMA,,2026-05-12T05:30:19.557557+00:00,0,False,0.0,,none,False,none,,headless,True
00e2b87f8ac6,https://kyma.com/noticias-3/programacion,A powerful search engine that organizes and provides access to vast information on the internet.,KYMA,,2026-05-12T05:30:24.248416+00:00,0,False,0.0,,none,False,none,,headless,True
0f1dcd80104f,https://kyma.com/noticias-3/telemundo-en-vivo,A powerful search engine that organizes and provides access to vast information on the internet.,KYMA,,2026-05-12T05:30:29.015233+00:00,0,False,0.0,,none,False,none,,headless,True
c06698d64863,https://kyma.com/videos-and-galleries/live,A powerful search engine that organizes and provides access to vast information on the internet.,KYMA,,2026-05-12T05:30:33.206884+00:00,0,False,0.0,,none,False,none,,headless,True
254e50bcc2e8,https://kyma.com/shop/cancer-resources,A powerful search engine that organizes and provides access to vast information on the internet.,KYMA,,2026-05-12T05:30:37.773455+00:00,0,False,0.0,,none,False,none,,headless,True
7853ebba7ac0,https://kyma.com/shop/health-connections,A powerful search engine that organizes and provides access to vast information on the internet.,KYMA,,2026-05-12T05:30:42.559474+00:00,0,False,0.0,,none,False,none,,headless,True
d3034584ee4c,https://kyma.com/fox-9,A powerful search engine that organizes and provides access to vast information on the internet.,KYMA,,2026-05-12T05:30:46.742728+00:00,0,False,0.0,,none,False,none,,headless,True
96a7b4bbe101,https://kyma.com/about-us/meet-the-team,A powerful search engine that organizes and provides access to vast information on the internet.,KYMA,,2026-05-12T05:30:51.338966+00:00,0,False,0.0,,none,False,none,,headless,True
f1de858611b6,https://kyma.com/about-us/closed-captioning,A powerful search engine that organizes and provides access to vast information on the internet.,KYMA,,2026-05-12T05:30:56.096376+00:00,0,False,0.0,,none,False,none,,headless,True
16d1bf56b8c8,https://kyma.com/about-us/download-our-apps,A powerful search engine that organizes and provides access to vast information on the internet.,KYMA,,2026-05-12T05:31:00.828693+00:00,0,False,0.0,,none,False,none,,headless,True
5c538c8ea67b,https://kyma.com/about-us/fcc-public-files,A powerful search engine that organizes and provides access to vast information on the internet.,KYMA,,2026-05-12T05:31:05.396259+00:00,0,False,0.0,,none,False,none,,headless,True
f5f82071c0b4,https://kyma.com/news/top-stories/2026/05/11/newly-built-bus-station-begins-operations-in-calexico,A powerful search engine that organizes and provides access to vast information on the internet.,KYMA,,2026-05-12T05:31:10.046136+00:00,0,False,0.0,,none,False,none,,headless,True
6256a45c5bb8,https://kyma.com/2026/05,A powerful search engine that organizes and provides access to vast information on the internet.,KYMA,,2026-05-12T05:31:14.941392+00:00,0,False,0.0,,none,False,none,,headless,True
87fb1b8d3e8e,https://kyma.com/decision-politics/local-politics/2026/05/11/rep-raul-ruiz-meets-with-epa-in-calexico-over-new-river-crisis,A powerful search engine that organizes and provides access to vast information on the internet.,KYMA,,2026-05-12T05:31:19.563716+00:00,0,False,0.0,,none,False,none,,headless,True
2e71c76143e1,https://kyma.com/news/imperial-county/2026/05/11/raising-canes-set-to-make-imperial-valley-debut-in-el-centro,A powerful search engine that organizes and provides access to vast information on the internet.,KYMA,,2026-05-12T05:31:23.719979+00:00,0,False,0.0,,none,False,none,,headless,True
0b9fac135352,https://kyma.com/news/imperial-county/2026/05/11/ross-avenue-in-el-centro-to-temporarily-close-due-to-road-work,A powerful search engine that organizes and provides access to vast information on the internet.,KYMA,,2026-05-12T05:31:27.892386+00:00,0,False,0.0,,none,False,none,,headless,True
60e4ca9233c6,https://kyma.com/news/imperial-county/2026/05/10/city-of-brawley-reacts-to-experiencing-multiple-earthquakes,A powerful search engine that organizes and provides access to vast information on the internet.,KYMA,,2026-05-12T05:31:32.054528+00:00,0,False,0.0,,none,False,none,,headless,True
7fec7ff5234c,https://kyma.com/news/imperial-county/2026/05/10/icfd-responds-to-commercial-kitchen-blaze,A powerful search engine that organizes and provides access to vast information on the internet.,KYMA,,2026-05-12T05:31:36.711317+00:00,0,False,0.0,,none,False,none,,headless,True
f03acf22b9a1,https://kyma.com/news/imperial-county/2026/05/09/parts-of-imperial-county-experiences-multiple-earthquakes,A powerful search engine that organizes and provides access to vast information on the internet.,KYMA,,2026-05-12T05:31:41.205291+00:00,0,False,0.0,,none,False,none,,headless,True
697bb5217230,https://kyma.com/decision-politics/california-politics/2026/05/08/tomas-oliva-is-running-for-californias-36th-state-assembly-district,A powerful search engine that organizes and provides access to vast information on the internet.,KYMA,,2026-05-12T05:31:45.786334+00:00,0,False,0.0,,none,False,none,,headless,True
74efd60c40e7,https://kyma.com/news/top-stories/2026/05/08/from-donation-bin-to-the-job-market-how-goodwill-is-fueling-careers-in-the-imperial-valley,From donation bin to the job market: How Goodwill is fueling careers in the Imperial Valley,KYMA,,2026-05-12T05:31:50.314249+00:00,6,False,0.1,,none,False,city,,headless,True
8397506ffb37,https://kyma.com/news/top-stories/2026/05/07/sheriffs-vehicle-government-vehicle-crash-in-winterhaven,A powerful search engine that organizes and provides access to vast information on the internet.,KYMA,,2026-05-12T05:31:55.012832+00:00,0,False,0.0,,none,False,none,,headless,True
dc2bee93486f,https://kyma.com/news/special-reports/2026/05/07/salton-city-a-food-desert,Salton City: A food desert,KYMA,,2026-05-12T05:31:59.569537+00:00,6,False,0.1,,none,False,city,,headless,True
66b3fa6d7bf0,https://kyma.com/news/top-stories/2026/05/07/long-trial-expected-for-brawley-couple-accused-of-murdering-child,A powerful search engine that organizes and provides access to vast information on the internet.,KYMA,,2026-05-12T05:32:03.772085+00:00,0,False,0.0,,none,False,none,,headless,True
d7a091bf2f1f,https://kyma.com/news/top-stories/2026/05/07/trial-waiting-to-move-forward-for-brawley-murder-suspect,A powerful search engine that organizes and provides access to vast information on the internet.,KYMA,,2026-05-12T05:32:08.309195+00:00,0,False,0.0,,none,False,none,,headless,True
d31e4aa05a7e,https://kyma.com/news/imperial-county/2026/05/07/summer-tribute-concert-series-to-be-held-at-quechan-casino-resort,A powerful search engine that organizes and provides access to vast information on the internet.,KYMA,,2026-05-12T05:32:12.803836+00:00,0,False,0.0,,none,False,none,,headless,True
fb66c9ca5909,https://www.ivpressonline.com/users/admin,admin,IV Press,,2026-05-12T05:32:20.252482+00:00,0,False,0.0,,none,False,none,,headless,False
0fbe8cb1a9f7,https://www.ivpressonline.com/users/admin/list,list,IV Press,,2026-05-12T05:32:24.582084+00:00,0,False,0.0,,none,False,none,,headless,False
e0aac65162e5,https://www.ivpressonline.com/news/local,"CALEXICO — In a bold bid to breathe new life into its aging heart, the Calexico City Council has voted to strip away significant financial and regulatory barriers for developers willing to build in th",IV Press,,2026-05-12T05:32:29.147882+00:00,6,False,0.1,,none,False,city,,headless,True
cae8a25c8da6,https://www.ivpressonline.com/business/local,"MEXICALI, Mexico — In an increasingly interconnected global economy, international experiences such as dual degrees and academic exchanges have shifted from luxury electives to essential differentiato",IV Press,,2026-05-12T05:32:33.690338+00:00,6,False,0.1,,none,False,city,,headless,True
fbbbbbccb194,https://www.ivpressonline.com/business/profiles,profiles,IV Press,,2026-05-12T05:32:37.941430+00:00,0,False,0.0,,none,False,none,,headless,False
5108d66b33a7,https://www.ivpressonline.com/business/farm,"Ashish Shah is drinking water to prove a point. When he explains his project to people, he finds it’s often the most efficient way to show proof of concept.",IV Press,,2026-05-12T05:32:42.482514+00:00,0,False,0.0,,none,False,none,,headless,True
6f4c4597f0d0,https://www.ivpressonline.com/life/desertmuseum,"People do not enter a museum as empty containers expecting to be filled with information. They are full of memories, questions, habits, family stories, school lessons, personal experiences, and their ",IV Press,,2026-05-12T05:32:46.993714+00:00,6,False,0.1,,none,False,city,,headless,True
e0639e590265,https://www.ivpressonline.com/news/local/education,education,IV Press,,2026-05-12T05:32:51.237707+00:00,0,False,0.0,,none,False,none,,headless,False
aaaef12ae789,https://www.ivpressonline.com/life/family,"As the holiday season approaches, many consumers are planning to kick off their shopping earlier this year, aiming to lock in low prices, take advantage of promotions, and ensure all their gifts arriv",IV Press,,2026-05-12T05:32:55.737481+00:00,0,False,0.0,,none,False,none,,headless,True
17497a7341e1,https://www.ivpressonline.com/news/local/county,EL CENTRO — The Imperial County Board of Supervisors will hold a special meeting today at the county administration center board chambers. Items on the agenda include a state budget request letter to ,IV Press,,2026-05-12T05:33:00.271441+00:00,6,False,0.1,,none,False,city,,headless,True
433e4b33a28a,https://www.ivpressonline.com/news/local/border,"Police officers in Tijuana, Mexico, are now equipped with body cameras in an effort to strengthen transparency and accountability, officials said.",IV Press,,2026-05-12T05:33:04.798884+00:00,3,False,0.05,,none,False,city,,headless,True
473cb93deefa,https://www.ivpressonline.com/news/local/crime,EL CENTRO — An inmate who slipped out of her restraints and vanished from a local hospital last month is back behind bars after being apprehended a…,IV Press,,2026-05-12T05:33:09.385370+00:00,9,False,0.15,,none,False,city,,headless,True
db697f4697c5,https://www.ivpressonline.com/news/local/waterandpower,"CALEXICO — The IID held a ribbon-cutting ceremony for its Gateway Substation upgrade project on Friday, March 6, near the East Port of Entry in Calexico.",IV Press,,2026-05-12T05:33:13.948180+00:00,6,False,0.1,,none,False,city,,headless,True
8b1be3871631,https://www.ivpressonline.com/news/local/covid19,"EL CENTRO — The county continues to see “a very drastic drop” in COVID-19 cases in recent weeks, county Department of Public Health Director Janette Angulo reported Tuesday to the Board of Supervisors",IV Press,,2026-05-12T05:33:18.474077+00:00,9,False,0.15,,none,False,city,,headless,True
70462d9c69c5,https://www.ivpressonline.com/site/forms/news_tip,Send a News Tip,IV Press,,2026-05-12T05:33:23.213559+00:00,6,False,0.1,,none,False,city,,headless,True
7d29c5c60a71,https://www.ivpressonline.com/sports/local,"LAS VEGAS — Brawley wrestling coach Johnny Torres proved this weekend that those who teach can also do, and do so at an elite level.",IV Press,,2026-05-12T05:33:27.798307+00:00,6,False,0.1,,none,False,city,,headless,True
5c8e1dbb9fd5,https://www.ivpressonline.com/static_pages/forms/athlete_of_the_week_submission,athlete of the week submission,IV Press,,2026-05-12T05:33:32.126606+00:00,0,False,0.0,,none,False,none,,headless,False
7a2e5848d082,https://www.ivpressonline.com/opinion/columns,"Last week, we went out to celebrate with my oldest and most curmudgeonly friend, Andrew.",IV Press,,2026-05-12T05:33:36.625160+00:00,6,False,0.1,,none,False,city,,headless,True
5428985c24f9,https://www.ivpressonline.com/opinion/voiceofthepeople,"I just got back from Bucklin Park. It is 6:30 am, Sunday morning (4/19), and I went with my 7-year-old granddaughter for a walk/run around the park. She runs. I covet. Anyway, I wanted her to see how ",IV Press,,2026-05-12T05:33:41.196707+00:00,6,False,0.1,,none,False,city,,headless,True
5ef429366803,https://www.ivpressonline.com/about/letter_to_the_editor.html,Send a Letter To The Editor,IV Press,,2026-05-12T05:33:45.617286+00:00,6,False,0.1,,none,False,city,,headless,True
31a0622f2169,https://www.ivpressonline.com/static_pages/submit_probe.html,Skip to main content,IV Press,,2026-05-12T05:33:50.060741+00:00,0,False,0.0,,none,False,none,,headless,True
eb3209c4999c,https://www.ivpressonline.com/classifieds/jobs,CLASSIFIED POSITION,IV Press,,2026-05-12T05:33:54.513800+00:00,3,False,0.05,,none,False,city,,headless,True
b8dd02a00cf2,https://www.ivpressonline.com/about/feedback.html,Feedback,IV Press,,2026-05-12T05:33:58.889642+00:00,6,False,0.1,,none,False,city,,headless,True
3ed653ffda94,https://www.ivpressonline.com/about/about.html,About Us,IV Press,,2026-05-12T05:34:03.292597+00:00,6,False,0.1,,none,False,city,,headless,True
16824a7792f0,https://www.ivpressonline.com/news/mexicali-briefs-lawmaker-pushes-for-alcohol-bans-at-children-s-parties-following-toddler-s-death/article_f40455ba-6c56-4245-a284-8a477f301bbf.html,ASSEMBLY,IV Press,,2026-05-12T05:34:07.749758+00:00,3,False,0.05,,none,False,none,,headless,True
c42c10053615,https://www.ivpressonline.com/news/calexico-slashes-red-tape-to-spark-historic-core-renaissance/article_d2b9f6ac-c119-4e81-87c2-4da45e4d6366.html,"CALEXICO — In a bold bid to breathe new life into its aging heart, the Calexico City Council has voted to strip away significant financial and regulatory barriers for developers willing to build in th",IV Press,,2026-05-12T05:34:12.129432+00:00,3,False,0.05,,none,False,city,,headless,True
ac19d44b3122,https://www.ivpressonline.com/news/imperial-county-steps-out-to-break-stigma-at-annual-mental-health-awareness-walk/article_68e92fd7-9eec-4980-9bea-ebc3f1528a40.html,"EL CENTRO — On Thursday morning, the rhythmic sound of footsteps replaced the usual silence surrounding conversations about mental health.",IV Press,,2026-05-12T05:34:16.576550+00:00,6,False,0.1,,none,False,city,,headless,True
98a409eab21d,https://www.ivpressonline.com/news/officials-back-ordinance-to-keep-lithium-valley-jobs-local/article_3ca1c184-2674-4633-a788-f9695c49984d.html,EL CENTRO - The lithium boom coming to Imperial County requires a clear standard for its workforce to ensure quality work through a quality workforce. The Imperial County Board of Supervisors approved,IV Press,,2026-05-12T05:34:20.976191+00:00,19,True,0.317,,none,True,city,,headless,True
454efe196481,https://www.ivpressonline.com/news/county-expands-recovery-housing-agreement-adds-men-s-beds-in-calexico/article_85e5b043-96b3-4fcb-acc6-01f3e49b95e6.html,"EL CENTRO — The Imperial County Board of Supervisors approved an amendment to a prior agreement with Open Door Ministry for the Broken on Tuesday, May 5.",IV Press,,2026-05-12T05:34:25.417194+00:00,6,False,0.1,,none,False,city,,headless,True
23501fdf70dd,https://www.ivpressonline.com/news/imperial-valley-to-celebrate-heritage-and-resilience-at-arte-latino-exhibition/article_7a4c2229-e18d-46e1-891e-1e6bba549272.html,"EL CENTRO — The vibrant colors and profound narratives of Latin American culture are set to take center stage in the heart of the Imperial Valley. On May 14, the “Arte Latino” exhibition will open its",IV Press,,2026-05-12T05:34:29.858482+00:00,6,False,0.1,,none,False,city,,headless,True
3c69c6445e45,https://www.ivpressonline.com/news/brawley-activates-emergency-center-as-earthquake-swarm-rattles-imperial-valley/article_505442fd-d52f-42ab-9bb9-ecb82db58f4c.html,"BRAWLEY — Residents in the Imperial Valley were urged to remain vigilant as a persistent earthquake swarm rattled the region over the weekend, prompting the City of Brawley to activate its Emergency O",IV Press,,2026-05-12T12:05:05.112355+00:00,6,False,0.1,,none,False,city,,headless,True
21aac886c0ac,https://www.ivpressonline.com/news/federal-prosecutors-charge-dozens-in-san-diego-as-border-cases-surge/article_980d88f6-9d5a-4312-a606-e418cc852f7d.html,"SAN DIEGO — Federal prosecutors in the Southern District of California charged 83 people this week in a blitz of border-related cases, underscoring the relentless pressure on one of the nation’s busie",IV Press,,2026-05-12T12:05:09.325798+00:00,3,False,0.05,,none,False,city,,headless,True
e7de0841f16e,https://www.ivpressonline.com/news/nalc-collects-1-500-pounds-of-food/article_6a3bfb26-01ed-4058-85e6-ccb41ead7863.html,Members of the National Association of Letter Carriers Branch 1726 of the El Centro Post Office announced that this year’s Stamp Out Hunger Food Drive was a massive success.,IV Press,,2026-05-12T12:05:13.449059+00:00,6,False,0.1,,none,False,city,,headless,True
41a4d794c024,https://www.ivpressonline.com/news/weekend-roadwork-to-close-stretch-of-ross-avenue-in-el-centro/article_5efb2fee-3602-4521-ab27-298e31ddd7f3.html,EL CENTRO — Local commuters and residents should prepare for detours this coming weekend as a key segment of Ross Avenue undergoes planned maintenance.,IV Press,,2026-05-12T12:05:17.563424+00:00,3,False,0.05,,none,False,city,,headless,True
f72473d57fb4,https://www.ivpressonline.com/news/imperial-county-to-consider-milestone-lithium-valley-workforce-ordinance/article_9467488a-e7af-4dc6-aa8e-c5685dd48b61.html,"EL CENTRO — As the morning sun climbs over the Imperial Valley this Tuesday, the Board of Supervisors will convene a meeting that balances the sentimental with the transformational, weighing a new fut",IV Press,,2026-05-12T12:05:21.677105+00:00,6,False,0.1,,none,False,city,,headless,True
d7e7d6ec14ad,https://www.ivpressonline.com/news/imperial-valley-students-secure-top-honors-at-state-migrant-speech-and-debate-competition/article_804b7858-e3cb-4124-9e1d-32e7c53b409a.html,"EL CENTRO — A group of 17 local students proved that the Imperial Valley’s voices carry significant weight, returning from Monterey this month with a haul of state-level trophies.",IV Press,,2026-05-12T12:05:25.797697+00:00,6,False,0.1,,none,False,city,,headless,True
dfefad53f722,https://kyma.com/news/2026/05/12/may-marks-jewish-american-heritage-month,May marks Jewish American Heritage Month,KYMA,,2026-05-13T12:10:37.206761+00:00,6,False,0.1,,none,False,city,,headless,True
874d7d6398a8,https://kyma.com/news/2026/05/12/fire-destroys-blue-church-in-slab-city,A powerful search engine that organizes and provides access to vast information on the internet.,KYMA,,2026-05-13T12:10:46.248070+00:00,0,False,0.0,,none,False,none,,headless,True
46ac8e99d34c,https://kyma.com/news/imperial-county/2026/05/12/el-centro-welcomes-raising-canes-with-open-arms-and-long-lines,A powerful search engine that organizes and provides access to vast information on the internet.,KYMA,,2026-05-13T12:10:50.412111+00:00,0,False,0.0,,none,False,none,,headless,True
1403e0be1ce1,https://www.ivpressonline.com/news/nonprofits-bring-critical-resources-to-environmental-frontline-communities-in-salton-sea-area/article_dcdb556f-45b9-4765-b910-8f24e912873d.html,"Mobile resource fair delivers health, environmental, and legal information to underserved Salton City communities",IV Press,,2026-05-13T12:13:32.667986+00:00,6,False,0.1,,none,False,city,,headless,True
c4ee8713b454,https://www.ivpressonline.com/news/bridging-the-gap-calexico-east-expansion-wins-top-honors-for-economic-resilience/article_0bb57a5e-73c9-47cd-a3c3-47085d627db8.html,"LOS ANGELES — In a move that highlights the critical link between international trade and local environmental health, the Southern California Association of Governments (SCAG) has honored a massive in",IV Press,,2026-05-13T12:13:37.064565+00:00,6,False,0.1,,none,False,city,,headless,True
c6e4ec17a037,https://www.ivpressonline.com/news/iid-announces-public-review-and-comment-period-on-proposed-large-load-tariff/article_45d5b4c7-77d1-49eb-ab08-68e963f45cfe.html,Advancing a transparent approach that protects existing customers from cost shifting and respects IID’s commitment to operating and maintaining a reliable grid,IV Press,,2026-05-13T12:13:41.476746+00:00,3,False,0.05,,none,False,city,,headless,True
4cb10356b74f,https://www.ivpressonline.com/news/mexicali-briefs-mexicali-sanitation-worker-dies-after-being-struck-by-garbage-truck/article_514a7541-a93f-46c5-a8ff-9b6c7007cd3f.html,PUBLIC SAFETY,IV Press,,2026-05-13T12:13:45.871453+00:00,3,False,0.05,,none,False,none,,headless,True
3d4d851618aa,https://www.ivpressonline.com/news/imperial-county-student-artists-to-take-center-stage-at-4th-annual-arts-festival/article_e53764f4-a506-4f1b-a3de-c54fb22cb15e.html,"EL CENTRO — The brushstrokes, lens captures, and digital visions of the Imperial Valley’s youth will be on full display next week as the Imperial County Office of Education (ICOE) hosts its 4th annual",IV Press,,2026-05-13T12:13:50.274983+00:00,6,False,0.1,,none,False,city,,headless,True
5f87347f7e73,https://www.ivpressonline.com/news/cops-briefs-man-arrested-on-grand-theft-allegations/article_ec2f1781-ab3c-4d94-b36f-76612713cfbc.html,EL CENTRO,IV Press,,2026-05-13T12:13:54.669759+00:00,6,False,0.1,,none,False,city,,headless,True
92ad9fde8169,https://kyma.com/news/special-reports/2026/05/13/special-report-imperial-county-recognized-for-support-based-mental-health-outreach-as-cities-increase-enforcement,SPECIAL REPORT: Imperial County recognized for support-based mental health outreach as cities increase enforcement,KYMA,,2026-05-14T11:57:59.546153+00:00,6,False,0.1,,none,False,city,,headless,True
80a669146d40,https://kyma.com/decision-politics/local-politics/2026/05/13/calipatria-city-council-approves-data-center-moratorium-on-heels-of-council-recall-notices,A powerful search engine that organizes and provides access to vast information on the internet.,KYMA,,2026-05-14T11:58:08.742902+00:00,0,False,0.0,,none,False,none,,headless,True
56eef95fec0f,https://kyma.com/news/imperial-county/2026/05/13/imperial-county-woman-sentenced-to-nine-months-in-jail,A powerful search engine that organizes and provides access to vast information on the internet.,KYMA,,2026-05-14T11:58:13.273866+00:00,0,False,0.0,,none,False,none,,headless,True
15b15dc9b96b,https://kyma.com/news/imperial-county/2026/05/12/may-marks-jewish-american-heritage-month,May marks Jewish American Heritage Month,KYMA,,2026-05-14T11:58:17.353425+00:00,6,False,0.1,,none,False,city,,headless,True
fa86e79105d7,https://kyma.com/crashes/2026/05/12/man-dies-after-broadside-car-crash-on-state-route-86,A powerful search engine that organizes and provides access to vast information on the internet.,KYMA,,2026-05-14T11:58:21.439108+00:00,0,False,0.0,,none,False,none,,headless,True
114b774321de,https://kyma.com/news/imperial-county/2026/05/12/fire-destroys-blue-church-in-slab-city,A powerful search engine that organizes and provides access to vast information on the internet.,KYMA,,2026-05-14T11:58:25.913414+00:00,0,False,0.0,,none,False,none,,headless,True
7174ba066103,https://www.ivpressonline.com/news/one-dead-two-critically-injured-in-high-speed-collision-near-salton-city/article_e95608fd-39e3-40fa-a573-142258ece63b.html,"SALTON CITY — A Monday night collision at a rural Imperial County intersection left one man dead and two women fighting for their lives after their vehicle pulled into the path of an oncoming car, the",IV Press,,2026-05-14T12:00:48.892164+00:00,9,False,0.15,,none,False,city,,headless,True
fd115e49d2d7,https://www.ivpressonline.com/news/mexican-consulate-and-legacy-medical-group-unveil-la-trenza-photo-exhibit/article_43466c74-58f7-4bbd-964e-fcaa8bb92618.html,"EL CENTRO — In a vibrant intersection of healthcare and heritage, the Consulate of Mexico in Calexico joined forces with Legacy Medical Group this week to unveil “La Trenza” (The Braid), a powerful ph",IV Press,,2026-05-14T12:00:53.070437+00:00,6,False,0.1,,none,False,city,,headless,True
bca8b5fc2909,https://www.ivpressonline.com/news/cops-briefs-man-arrested-for-terrorist-threats/article_c709d344-ca2a-43b2-9ac3-d09e3d692e33.html,EL CENTRO,IV Press,,2026-05-14T12:00:57.230701+00:00,16,True,0.267,,none,True,city,,headless,True
0fd94908abd7,https://www.ivpressonline.com/news/holtville-man-arrested-in-agricultural-theft-investigation/article_bd22e249-e6f9-47ee-aa5e-74ba7d80ad31.html,"EL CENTRO — A 31-year-old Holtville resident is behind bars following an intensive investigation into a string of agricultural thefts that have plagued local farmers, the Imperial County Sheriff’s Off",IV Press,,2026-05-14T12:01:01.405203+00:00,16,True,0.267,,none,True,city,,headless,True
e0690b2bf0e2,https://www.ivpressonline.com/news/westmorland-to-host-critical-forum-on-california-s-drive-forward-clean-air-initiative/article_2e231bda-aa35-4c34-9455-c1f15aa7d87a.html,article 2e231bda aa35 4c34 9455 c1f15aa7d87a.html,IV Press,,2026-05-14T12:01:05.494922+00:00,0,False,0.0,,none,False,none,,headless,False
4e60848902f1,https://www.ivpressonline.com/news/mana-de-imperial-valley-launches-water-drive-to-combat-rising-desert-heat/article_533cbeca-1cb4-4f17-93f1-7188ddbc3d36.html,"EL CENTRO — As the mercury begins its annual climb toward triple digits in the Imperial Valley, local advocates are mobilizing to ensure that the region’s most vulnerable residents don’t go thirsty th",IV Press,,2026-05-14T12:01:09.671084+00:00,21,True,0.35,extreme heat|heatwave|cooling center,illness,False,city,,headless,True
c6c97395fa20,https://kyma.com/news/top-stories/2026/05/14/calipatria-city-council-reverses-decision-votes-to-keep-city-manager-laura-gutierrez,A powerful search engine that organizes and provides access to vast information on the internet.,KYMA,,2026-05-15T12:00:42.760851+00:00,0,False,0.0,,none,False,none,,headless,True
a4ca9d4aaacd,https://kyma.com/news/2026/05/14/imperial-county-board-of-supervisors-approves-lithium-valley-workforce-plan,A powerful search engine that organizes and provides access to vast information on the internet.,KYMA,,2026-05-15T12:00:56.345649+00:00,0,False,0.0,,none,False,none,,headless,True
75a08d9cf356,https://www.ivpressonline.com/news/local-standout-named-dual-valedictorian-at-sdsu-s-fowler-college-of-business/article_81c6dee8-cee0-49d4-88fe-ce0c787c7cd0.html,"EL CENTRO — For many students, the path to academic success is a steady climb. For Julian Preciado, it has been a sprint through a storm.",IV Press,,2026-05-15T12:03:33.528486+00:00,6,False,0.1,,none,False,city,,headless,True
b7f9f7cc2bde,https://www.ivpressonline.com/news/one-dead-one-critically-injured-in-early-morning-rear-end-collision/article_7a5da891-1f3c-484f-941d-c4a61dbbe82b.html,"WESTMORLAND — A pre-dawn collision involving a tractor-trailer and an SUV left one man dead and a woman fighting for her life Wednesday morning on State Route 86, according to the California Highway P",IV Press,,2026-05-15T12:03:37.644308+00:00,9,False,0.15,,none,False,city,,headless,True
da61ac2e26d7,https://www.ivpressonline.com/news/cops-briefs-retired-individual-arrested-on-child-abuse-allegations/article_28f14f1f-7e4c-4b59-ad56-6f093aaf302e.html,EL CENTRO,IV Press,,2026-05-15T12:03:41.760849+00:00,9,False,0.15,,none,False,city,,headless,True
4d15e4b4b3e8,https://www.ivpressonline.com/news/mexicali-briefs-tree-trimming-mishap-cuts-power-to-mexicali-government-buildings/article_b9a16259-58b5-4ee8-af13-c663652bc188.html,INFRASTRUCTURE,IV Press,,2026-05-15T12:03:45.881986+00:00,0,False,0.0,,none,False,none,,headless,True
cb0d078829b5,https://www.ivpressonline.com/news/convicted-murderer-and-gang-member-arrested-by-border-patrol-following-prison-release-in-indio/article_98ca9cf6-b12b-4fd9-a90d-f0de95f4d5ff.html,INDIO — A convicted murderer and documented gang member is back in federal custody after local authorities in Riverside County coordinated with U.S. Border Patrol agents to ensure he was not released ,IV Press,,2026-05-15T12:03:49.993570+00:00,3,False,0.05,,none,False,city,,headless,True
7ab566638236,https://www.ivpressonline.com/news/brawley-officials-urge-readiness-following-recent-seismic-activity/article_bab52155-24a7-4f7b-a67c-a05d4bfe4d86.html,"BRAWLEY — In the wake of recent tremors that have rattled the Imperial Valley, the City of Brawley and the Brawley Fire Department are calling on residents to transition from “shaken” to “prepared.”",IV Press,,2026-05-15T12:03:54.162601+00:00,6,False,0.1,,none,False,city,,headless,True
c593aef77e29,https://kyma.com/news/top-stories/2026/05/15/el-centro-police-find-suspect-involved-in-fatal-hit-and-run-on-imperial-avenue,A powerful search engine that organizes and provides access to vast information on the internet.,KYMA,,2026-05-16T11:07:50.195873+00:00,0,False,0.0,,none,False,none,,headless,True
0e942a4cba77,https://kyma.com/news/2026/05/15/imperial-schools-concerned-about-data-centers-impacting-community,A powerful search engine that organizes and provides access to vast information on the internet.,KYMA,,2026-05-16T11:07:58.886645+00:00,0,False,0.0,,none,False,none,,headless,True
39133717b3a6,https://kyma.com/news/2026/05/15/imperial-county-board-approves-mandatory-trash-collection-and-rate-hikes-2,A powerful search engine that organizes and provides access to vast information on the internet.,KYMA,,2026-05-16T11:08:03.071575+00:00,0,False,0.0,,none,False,none,,headless,True
96330ecec794,https://www.ivpressonline.com/news/calexico-detention-facility-hosts-second-annual-mental-health-fair/article_067a9f79-ff24-4ad2-a3a4-7a3b77f72117.html,"CALEXICO — In a continued effort to dismantle the stigma surrounding mental wellness, the Imperial Regional Detention Facility (IRDF) hosted its second annual mental health fair this week, bringing to",IV Press,,2026-05-16T11:10:44.943491+00:00,6,False,0.1,,none,False,city,,headless,True
c9087ca4a824,https://www.ivpressonline.com/news/supervisors-halt-proposed-niland-wastewater-hikes/article_bb778138-44a8-44b8-8efe-a6bb6f4e778b.html,"EL CENTRO — The Imperial County Board of Supervisors heard its fourth presentation regarding increased wastewater rates among the special districts it operates on Tuesday, May 12, where the proposed r",IV Press,,2026-05-16T11:10:49.332126+00:00,6,False,0.1,,none,False,city,,headless,True
f99985a22535,https://www.ivpressonline.com/news/newsom-retreats-on-ihss-cuts-as-gonzalez-declares-victory-for-california-s-most-vulnerable/article_947071dd-2185-4833-949f-5ef3fb532041.html,"SACRAMENTO — In a significant reversal that brought relief to thousands of California households, Governor Gavin Newsom has abandoned proposed budget cuts to the state’s In-Home Supportive Services (I",IV Press,,2026-05-16T11:10:53.720533+00:00,0,False,0.0,,none,False,none,,headless,True
a5775c0ed974,https://www.ivpressonline.com/news/ruiz-calls-for-oversight-probe-into-ice-profiling-at-mobile-home-parks/article_9e0b64c6-c19b-4596-aeb4-30ddbeb836ee.html,"PALM DESERT, Calif. — U.S. Rep. Raul Ruiz, D-Palm Desert, is demanding a federal investigation into reports that immigration agents are profiling residents of mobile home communities, alleging that of",IV Press,,2026-05-16T11:10:58.078658+00:00,0,False,0.0,,none,False,none,,headless,True
c020bea89df3,https://www.ivpressonline.com/news/ivhd-shares-pediatric-asthma-tips-to-help-children-breathe-easier/article_3c310967-0bd8-4c1a-852a-d3927b66deec.html,Local pediatrician urges families to track triggers and recognize signs of uncontrolled asthma,IV Press,,2026-05-16T11:11:02.451967+00:00,6,False,0.1,,none,False,city,,headless,True
565fd7f7dabd,https://www.ivpressonline.com/news/imperial-county-lawsuit-challenges-data-center-prohibition-act-over-claims-of-voter-overreach/article_0524e7f6-f8f4-4be5-aa12-e7b04e6dab18.html,EL CENTRO — Five Imperial County residents have filed a sweeping lawsuit to block a proposed ballot initiative that would not only ban large-scale data centers but also impose a strict new ethics and ,IV Press,,2026-05-16T11:11:06.813741+00:00,6,False,0.1,,none,False,city,,headless,True
f17abbab7e14,https://kyma.com/education/imperial-education/2026/05/16/33-ivc-students-receive-new-laptops,A powerful search engine that organizes and provides access to vast information on the internet.,KYMA,,2026-05-17T11:15:07.998761+00:00,0,False,0.0,,none,False,none,,headless,True
a43c433bc9c6,https://kyma.com/news/imperial-county/2026/05/16/main-street-in-el-centro-to-temporarily-close-for-embellece-el-centro-downtown-project,A powerful search engine that organizes and provides access to vast information on the internet.,KYMA,,2026-05-17T11:15:16.768366+00:00,0,False,0.0,,none,False,none,,headless,True
de88b41f956d,https://kyma.com/education/imperial-education/2026/05/15/imperial-schools-concerned-about-data-centers-impacting-community,A powerful search engine that organizes and provides access to vast information on the internet.,KYMA,,2026-05-17T11:15:25.133336+00:00,0,False,0.0,,none,False,none,,headless,True
762874f44532,https://kyma.com/news/imperial-county/2026/05/15/imperial-county-board-approves-mandatory-trash-collection-and-rate-hikes-2,A powerful search engine that organizes and provides access to vast information on the internet.,KYMA,,2026-05-17T11:15:29.287354+00:00,0,False,0.0,,none,False,none,,headless,True
de9028ff4833,https://kyma.com/decision-politics/local-politics/2026/05/14/calipatria-city-council-reverses-decision-votes-to-keep-city-manager-laura-gutierrez,A powerful search engine that organizes and provides access to vast information on the internet.,KYMA,,2026-05-17T11:15:33.442083+00:00,0,False,0.0,,none,False,none,,headless,True
4de7363b1fa3,https://kyma.com/news/imperial-county/2026/05/14/imperial-county-board-of-supervisors-approves-lithium-valley-workforce-plan,A powerful search engine that organizes and provides access to vast information on the internet.,KYMA,,2026-05-17T11:15:42.081206+00:00,0,False,0.0,,none,False,none,,headless,True
46f4aaee7788,https://kyma.com/news/imperial-county/2026/05/17/fire-tears-through-abandoned-home-in-westmorland,A powerful search engine that organizes and provides access to vast information on the internet.,KYMA,,2026-05-18T13:53:47.284843+00:00,0,False,0.0,,none,False,none,,headless,True
663c5382c93c,https://kyma.com/news/imperial-county/2026/05/18/activists-convene-in-calexico-for-border-detention-protest,A powerful search engine that organizes and provides access to vast information on the internet.,KYMA,,2026-05-19T12:46:35.487051+00:00,0,False,0.0,,none,False,none,,headless,True
ff014c5345e9,https://kyma.com/news/imperial-county/2026/05/18/locals-react-to-fire-tearing-through-abandoned-home-in-westmorland,A powerful search engine that organizes and provides access to vast information on the internet.,KYMA,,2026-05-19T12:46:44.969285+00:00,0,False,0.0,,none,False,none,,headless,True
be1cd0ef4af9,https://kyma.com/news/imperial-county/2026/05/18/cuidad-senior-apartments-temporarily-evacuated-to-red-cross-emergency-shelter,A powerful search engine that organizes and provides access to vast information on the internet.,KYMA,,2026-05-19T12:46:49.643991+00:00,0,False,0.0,,none,False,none,,headless,True
c3410669376e,https://www.ivpressonline.com/news/dea-national-drug-take-back-day-clears-642-000-pounds-of-unwanted-meds-nationwide-thousands/article_920595ed-e5f4-401e-9020-f2f631164afe.html,"SAN DIEGO — The U.S. Drug Enforcement Administration, alongside thousands of local law enforcement partners, pulled more than 642,000 pounds of unneeded and expired medications out of medicine cabinet",IV Press,,2026-05-19T12:49:29.085596+00:00,3,False,0.05,,none,False,city,,headless,True
0aa257c21e7d,https://www.ivpressonline.com/news/ruiz-demands-federal-probe-into-indiscriminate-ice-sweeps-in-coachella-valley/article_0efa5747-729b-4609-bc15-3236ad00d886.html,"WASHINGTON, D.C. — U.S. Rep. Raúl Ruiz (D-Calif.) is demanding a formal federal oversight investigation into U.S. Immigration and Customs Enforcement (ICE) following an aggressive, multi-day surge of ",IV Press,,2026-05-19T12:49:33.242479+00:00,0,False,0.0,,none,False,none,,headless,True
c60754583a87,https://www.ivpressonline.com/news/temporary-main-street-closure-begins-for-downtown-el-centro-revitalization/article_a080b13d-ad6e-4bf8-8659-305f8961644e.html,"EL CENTRO — A portion of Main Street was scheduled to temporarily close starting Sunday as part of the city’s ongoing “Embellece El Centro” downtown revitalization initiative, officials announced Frid",IV Press,,2026-05-19T12:49:37.332061+00:00,3,False,0.05,,none,False,city,,headless,True
1e0a1ac8528a,https://www.ivpressonline.com/news/driver-arrested-after-fatal-hit-and-run-kills-pedestrian-in-el-centro/article_1d4aeaeb-5859-47cc-b6e5-aeaf1079d9f4.html,"EL CENTRO — A driver is in custody after a hit-and-run collision left an adult male pedestrian dead Thursday night at a busy El Centro intersection, authorities said.",IV Press,,2026-05-19T12:49:41.485648+00:00,9,False,0.15,,none,False,city,,headless,True
507d134e6f6d,https://www.ivpressonline.com/news/calexico-city-council-to-tackle-police-fleet-upgrades-budget-adjustments-and-park-redesigns-at-upcoming/article_69471fde-8d28-4fea-b291-350f7c35bfe1.html,"CALEXICO — The Calexico City Council will convene for a packed regular meeting on Wednesday, May 20, 2026, to deliberate on critical municipal matters, including major upgrades to the city’s police fl",IV Press,,2026-05-19T12:49:45.616977+00:00,6,False,0.1,,none,False,city,,headless,True
1fa36aa78015,https://www.ivpressonline.com/news/tremors-and-tech-brawley-faces-earthquake-swarm-and-proposed-data-center-freeze/article_d526d433-0e41-4f96-bcfc-e5d508698a8d.html,"BRAWLEY — Under the weight of a disruptive earthquake swarm and facing the rapid expansion of energy-intensive technology, the Brawley City Council is moving to fortify both its physical foundations a",IV Press,,2026-05-19T12:49:49.713324+00:00,6,False,0.1,,none,False,city,,headless,True
3d336e94ab4e,https://kyma.com/news/top-stories/2026/05/19/imperial-county-board-of-supervisors-to-bring-back-vote-on-lot-merger-for-possible-data-center,A powerful search engine that organizes and provides access to vast information on the internet.,KYMA,,2026-05-20T12:30:43.409025+00:00,0,False,0.0,,none,False,none,,headless,True
76be4d678a17,https://kyma.com/decision-politics/local-politics/2026/05/19/brawley-city-council-to-consider-temporary-moratorium-on-large-scale-data-centers,A powerful search engine that organizes and provides access to vast information on the internet.,KYMA,,2026-05-20T12:30:52.806570+00:00,0,False,0.0,,none,False,none,,headless,True
48598552fbcd,https://kyma.com/news/imperial-county/2026/05/19/protect-your-business-ivrcc-hosts-2026-cyber-risk-workshop,A powerful search engine that organizes and provides access to vast information on the internet.,KYMA,,2026-05-20T12:30:57.417377+00:00,0,False,0.0,,none,False,none,,headless,True
97fc4cbedd15,https://kyma.com/news/imperial-county/2026/05/18/ciudad-senior-apartments-temporarily-evacuated-to-red-cross-emergency-shelter,A powerful search engine that organizes and provides access to vast information on the internet.,KYMA,,2026-05-20T12:31:10.658247+00:00,0,False,0.0,,none,False,none,,headless,True
fdc23148b328,https://www.ivpressonline.com/news/teens-suspected-in-mosque-shooting-met-online-where-they-were-radicalized-fbi-says/article_b1334488-c2b8-4e50-8b94-2928efa7b903.html,"SAN DIEGO — Investigators believe that two teens who killed three people at San Diego’s largest mosque before fatally shooting themselves had been radicalized online, where the two became virtual frie",IV Press,,2026-05-20T12:33:33.988126+00:00,3,False,0.05,,none,False,none,,headless,True
72c934fbe659,https://www.ivpressonline.com/news/cops-briefs-police-arrest-man-for-alleged-parole-violation/article_d8beb039-d12b-4469-89c6-ad5a6ec24022.html,EL CENTRO,IV Press,,2026-05-20T12:33:38.131146+00:00,16,True,0.267,,none,True,city,,headless,True
5b7e86e26e48,https://www.ivpressonline.com/news/brawley-police-to-hold-dui-checkpoint-on-may-22/article_e775ff17-909e-4db8-afa5-6603472f5254.html,article e775ff17 909e 4db8 afa5 6603472f5254.html,IV Press,,2026-05-20T12:33:42.192810+00:00,0,False,0.0,,none,False,none,,headless,False
5916e572b90e,https://www.ivpressonline.com/news/imperial-school-district-raises-concerns-over-proposed-data-center-calls-for-rigorous-environmental-review/article_6a457295-bd0b-40cf-8da4-4373a9374ddc.html,"IMPERIAL — The Imperial Unified School District has raised formal concerns over a proposed data center within its boundaries, urging local officials to prioritize student safety and environmental impa",IV Press,,2026-05-20T12:33:46.304581+00:00,6,False,0.1,,none,False,city,,headless,True
c4c27eee2667,https://www.ivpressonline.com/news/brawley-police-launch-click-it-or-ticket-campaign-ahead-of-memorial-day/article_2502e2a7-1284-44ea-8a56-176806d24761.html,article 2502e2a7 1284 44ea 8a56 176806d24761.html,IV Press,,2026-05-20T12:33:50.364344+00:00,0,False,0.0,,none,False,none,,headless,False
7f02eab6dafb,https://www.ivpressonline.com/news/ivrop-showcases-cte-student-culinary-arts-skills/article_6f591362-d34e-48d2-bd8b-a3707ac3e0ee.html,"IMPERIAL—The fourth annual IVROP Culinary Skills event took place on Tuesday, May 19, at the Cambria Hotel, highlighting career technical education and local student talent in the food and hospitality",IV Press,,2026-05-20T12:33:54.488491+00:00,6,False,0.1,,none,False,city,,headless,True
65477518858f,https://kyma.com/decision-2022,A powerful search engine that organizes and provides access to vast information on the internet.,KYMA,,2026-05-21T12:49:25.344609+00:00,0,False,0.0,,none,False,none,,headless,True
bea2f1686781,https://kyma.com/news/top-stories/2026/05/20/brush-fire-burns-100-acres-east-of-brawley,A powerful search engine that organizes and provides access to vast information on the internet.,KYMA,,2026-05-21T12:50:33.150285+00:00,0,False,0.0,,none,False,none,,headless,True
bf9556390495,https://kyma.com/news/imperial-county/2026/05/20/robbery-suspects-in-imperial-county-back-in-court,A powerful search engine that organizes and provides access to vast information on the internet.,KYMA,,2026-05-21T12:50:42.583632+00:00,0,False,0.0,,none,False,none,,headless,True
33bed6e59ab8,https://kyma.com/news/imperial-county/2026/05/20/mental-health-awareness-walk-to-be-held-in-winterhaven,A powerful search engine that organizes and provides access to vast information on the internet.,KYMA,,2026-05-21T12:50:47.112091+00:00,0,False,0.0,,none,False,none,,headless,True
570d9899ac9f,https://kyma.com/news/imperial-county/2026/05/20/icso-finds-body-in-salton-city,A powerful search engine that organizes and provides access to vast information on the internet.,KYMA,,2026-05-21T12:50:51.361152+00:00,0,False,0.0,,none,False,none,,headless,True
496f01ebec0a,https://kyma.com/play/entertainment/2026/05/20/singer-and-actress-cher-turns-80-years-old,A powerful search engine that organizes and provides access to vast information on the internet.,KYMA,,2026-05-21T12:50:55.911304+00:00,0,False,0.0,,none,False,none,,headless,True
60cbbd4d82f6,https://kyma.com/dsw-living/data-centers/2026/05/19/imperial-county-board-of-supervisors-to-bring-back-vote-on-lot-merger-for-possible-data-center,A powerful search engine that organizes and provides access to vast information on the internet.,KYMA,,2026-05-21T12:51:00.530598+00:00,0,False,0.0,,none,False,none,,headless,True
a88871c3bc46,https://www.ivpressonline.com/news/valley-youths-to-pass-the-crown-as-california-cinderella-pageant-heats-up/article_f1d768ad-8da9-46b6-93e4-45d9130e24d0.html,EL CENTRO — A year of historic community service and groundbreaking pageantry will culminate this weekend as three Imperial Valley girls prepare to crown their successors at the California Cinderella ,IV Press,,2026-05-21T12:53:29.697886+00:00,6,False,0.1,,none,False,city,,headless,True
a4cb793584b4,https://www.ivpressonline.com/news/california-assembly-passes-bipartisan-bill-to-tighten-boating-laws/article_cc1916fe-63a7-4650-94cb-baf80d681a0f.html,"SACRAMENTO — California lawmakers moved a step closer to overhauling the state’s decades-old boating regulations, passing a sweeping bipartisan bill off the Assembly floor aimed at curbing impaired op",IV Press,,2026-05-21T12:53:33.982355+00:00,0,False,0.0,,none,False,none,,headless,True
a7773d843ea1,https://www.ivpressonline.com/news/cops-briefs-woman-arrested-on-domestic-violence-charges/article_7dc0a33d-4993-4125-9bff-5e36ce2f6e6f.html,IMPERIAL,IV Press,,2026-05-21T12:53:38.265241+00:00,16,True,0.267,,none,True,city,,headless,True
28957ae7d957,https://www.ivpressonline.com/news/california-senate-passes-bill-banning-ai-therapists-mandating-human-oversight-in-mental-health/article_a02611e7-a2e6-46ee-b212-4da3d54f05a7.html,"SACRAMENTO — Seeking to draw a sharp line between human empathy and machine learning, the California State Senate unanimously passed a bill today that would ban artificial intelligence from advertisin",IV Press,,2026-05-21T12:53:42.551596+00:00,0,False,0.0,,none,False,none,,headless,True
4009751417a7,https://www.ivpressonline.com/news/suspicious-death-investigation-underway-after-body-found-in-salton-city/article_00d3885f-e914-44a3-a68d-689e96a93ec1.html,SALTON CITY — Authorities are investigating the death of a 34-year-old local man after his body was discovered in a desert community over the weekend under what investigators describe as suspicious ci,IV Press,,2026-05-21T12:53:46.833339+00:00,9,False,0.15,,none,False,city,,headless,True
1bf6ee335146,https://www.ivpressonline.com/news/imperial-county-to-honor-multilingual-excellence-at-inaugural-biliteracy-celebration/article_e4dd4157-bb4f-4878-af81-adc35cc754ad.html,"EL CENTRO — In a region where bridging languages is a vital part of daily life, the Imperial County Office of Education is launching a new tradition to honor those who turn multilingualism into an aca",IV Press,,2026-05-21T12:53:51.119783+00:00,6,False,0.1,,none,False,city,,headless,True
8f8077072f5a,https://kyma.com/news/top-stories/2026/05/21/imperial-moves-toward-moratorium-on-hyperscale-data-centers,A powerful search engine that organizes and provides access to vast information on the internet.,KYMA,,2026-05-22T12:27:45.323450+00:00,0,False,0.0,,none,False,none,,headless,True
467168aa334b,https://kyma.com/news/top-stories/2026/05/21/man-accused-of-murdering-teen-in-salton-city-pleads-not-guilty,A powerful search engine that organizes and provides access to vast information on the internet.,KYMA,,2026-05-22T12:27:54.494119+00:00,0,False,0.0,,none,False,none,,headless,True
260f954f3154,https://kyma.com/news/top-stories/2026/05/21/one-teen-hospitalized-another-arrested-after-fight-at-de-anza-high-school,A powerful search engine that organizes and provides access to vast information on the internet.,KYMA,,2026-05-22T12:27:59.051939+00:00,0,False,0.0,,none,False,none,,headless,True
60483bd05cdd,https://kyma.com/news/top-stories/2026/05/21/honoring-the-past-and-future-southwest-high-cadets-host-memorial-day-observance,A powerful search engine that organizes and provides access to vast information on the internet.,KYMA,,2026-05-22T12:28:03.193518+00:00,0,False,0.0,,none,False,none,,headless,True
bc60d44e91ef,https://kyma.com/dsw-living/data-centers/2026/05/19/imperial-county-board-of-supervisors-hear-public-comments-on-data-center,A powerful search engine that organizes and provides access to vast information on the internet.,KYMA,,2026-05-22T12:28:30.066012+00:00,0,False,0.0,,none,False,none,,headless,True
2fa846f46200,https://www.ivpressonline.com/news/mexicali-briefs-commercial-robberies-surge-52-in-mexicali-driving-broad-crime-increase/article_f170948b-3aa0-4b10-9e01-c520ce498df5.html,PUBLIC SAFETY,IV Press,,2026-05-22T12:30:34.753246+00:00,3,False,0.05,,none,False,none,,headless,True
33d6eb6ff204,https://www.ivpressonline.com/news/chp-launches-holiday-crackdown-as-memorial-day-weekend-traffic-surges/article_c2c43309-f042-4144-bc39-10521912f172.html,"SACRAMENTO — As millions of Californians prepare to hit the road for the unofficial start of summer, state law enforcement is launching a massive safety sweep aimed at curbing a persistent and lethal ",IV Press,,2026-05-22T12:30:38.927544+00:00,3,False,0.05,,none,False,none,,headless,True
b80f32e59128,https://www.ivpressonline.com/news/california-senate-passes-right-to-delete-bill-to-protect-children-of-social-media-influencers/article_6b570c3d-4f58-4cb0-976f-e034a6facd87.html,"SACRAMENTO — In a unanimous, bipartisan vote, the California State Senate passed legislation this week aimed at giving the adult children of social media influencers the legal right to scrub their chi",IV Press,,2026-05-22T12:30:43.018655+00:00,0,False,0.0,,none,False,none,,headless,True
63ce471f88e2,https://www.ivpressonline.com/news/imperial-county-oks-emergency-declaration-to-save-vital-winterhaven-detour-bridge/article_2187cc07-0606-493b-908f-0627d69fe217.html,EL CENTRO — The Imperial County Board of Supervisors approved a resolution declaring a state of emergency for the compromised integrity of the Arnold Road Bridge over the Reservation Main Drain on Tue,IV Press,,2026-05-22T12:30:47.141037+00:00,6,False,0.1,,none,False,city,,headless,True
48ddc84db26a,https://www.ivpressonline.com/news/still-no-action-on-cordova-park-in-calexico/article_77e440b5-9643-4892-9172-3abb22e43814.html,CALEXICO — A resolution to the ongoing debate over a potential redesign of the city’s Adrian C. Cordova Park is nowhere in sight after the council took no action at its most recent regularly scheduled,IV Press,,2026-05-22T12:30:51.346385+00:00,3,False,0.05,,none,False,city,,headless,True
18b654676b80,https://www.ivpressonline.com/news/ruiz-latino-leaders-condemn-brutal-ice-operations-blast-gop-spending-plan/article_087565c7-12fe-49b2-8cd1-9cd821baecf2.html,"WASHINGTON, D.C. — Standing on the steps of the U.S. Capitol, Congressman Dr. Raul Ruiz joined national Hispanic leaders on Thursday to issue a blistering condemnation of what they called “brutal” and",IV Press,,2026-05-22T12:30:55.462246+00:00,3,False,0.05,,none,False,none,,headless,True
131d6ef7ec03,https://kyma.com/news/top-stories/2026/05/22/valley-action-committee-opens-new-office-to-combat-pollution-and-expand-tech-education,A powerful search engine that organizes and provides access to vast information on the internet.,KYMA,,2026-05-23T11:18:45.899973+00:00,0,False,0.0,,none,False,none,,headless,True
ab6330d30efd,https://kyma.com/news/2026/05/22/food-pantry-continues-serving-after-fire-damages-church,Food pantry continues serving after fire damages church in Westmorland,KYMA,,2026-05-23T11:18:55.144722+00:00,6,False,0.1,,none,False,city,,headless,True
b7a04f32523d,https://www.ivpressonline.com/featured/after-hours-bookstore-gives-back-to-the-community/article_3d42943c-21f8-43fe-9089-99fc72341869.html,"EL CENTRO - After Hours Bookstore in downtown El Centro has been quietly yet steadily growing for the past year and a half, thanks to reading enthusiast Tiffany Romayor-Rodriguez and her husband, both",IV Press,,2026-05-23T11:21:35.139370+00:00,6,False,0.1,,none,False,city,,headless,True
02cc4354b518,https://www.ivpressonline.com/news/from-footpath-to-forever-brawley-approves-veterans-memorial-arch-to-honor-the-fallen/article_375ad158-4609-48f3-a87a-fe88961fe101.html,"BRAWLEY — What began six years ago as one combat veteran’s quiet walk down a neighborhood street has blossomed into a permanent, community-wide movement to honor the fallen.",IV Press,,2026-05-23T11:21:39.253256+00:00,9,False,0.15,,none,False,city,,headless,True
a6e3fdb6f6e8,https://www.ivpressonline.com/news/house-democrats-file-rare-petition-to-force-vote-on-wounded-veteran-tax-bill/article_5cabc8e4-4e0b-474c-9825-476a3f014b67.html,"WASHINGTON, D.C. — Days before Memorial Day, a bipartisan coalition of lawmakers launched a high-stakes legislative maneuver on Thursday to force a vote on a bill aimed at ending a financial penalty t",IV Press,,2026-05-23T11:21:43.368790+00:00,3,False,0.05,,none,False,none,,headless,True
f045ebe2e6d1,https://www.ivpressonline.com/news/california-launches-tech-upgrade-to-battle-deadly-summer-heatwave-threat/article_34455fbe-c81f-4ec1-bf61-adf7f2ea14ed.html,"SACRAMENTO — Following a record-shattering March heatwave that gave residents an early, blistering preview of summer, Gov. Gavin Newsom announced Thursday that California is opening up its proprietary",IV Press,,2026-05-23T11:21:47.485326+00:00,75,True,1.0,heat stroke|heat illness|extreme heat|heatwave|cooling center,death,True,none,,headless,True
068a2f5cef80,https://www.ivpressonline.com/news/california-assembly-passes-bipartisan-slate-to-cut-red-tape-for-disabled-residents-veterans/article_0e377866-7aaa-4f1c-aeec-fd26382b6d49.html,"SACRAMENTO — In a rare display of sweeping bipartisan unity, the California State Assembly passed a four-bill legislative package aimed at slashing bureaucratic red tape for disabled residents, expand",IV Press,,2026-05-23T11:21:51.608880+00:00,0,False,0.0,,none,False,none,,headless,True
01ddeb6bb00d,https://www.ivpressonline.com/news/mexicali-briefs-perfect-storm-of-bad-weather-lost-subsidies-and-strong-peso-threatens-to-decimate/article_33fa7940-3a15-42a6-89c6-21ed3d2ac388.html,AGRICULTURE,IV Press,,2026-05-23T11:21:55.720010+00:00,0,False,0.0,,none,False,none,,headless,True
182d8a5bcd7b,https://kyma.com/news/imperial-county/2026/05/22/workers-protest-over-new-contract,A powerful search engine that organizes and provides access to vast information on the internet.,KYMA,,2026-05-24T11:21:31.559555+00:00,0,False,0.0,,none,False,none,,headless,True
9676cbbca66c,https://kyma.com/news/imperial-county/2026/05/22/food-pantry-continues-serving-after-fire-damages-church,A powerful search engine that organizes and provides access to vast information on the internet.,KYMA,,2026-05-24T11:21:44.110451+00:00,0,False,0.0,,none,False,none,,headless,True
68c8538ab1e3,https://kyma.com/news/imperial-county/2026/05/21/man-accused-of-murdering-teen-in-salton-city-pleads-not-guilty,A powerful search engine that organizes and provides access to vast information on the internet.,KYMA,,2026-05-24T11:21:52.419194+00:00,0,False,0.0,,none,False,none,,headless,True
bfae1662c17f,https://kyma.com/news/imperial-county/2026/05/21/one-teen-hospitalized-another-arrested-after-fight-at-de-anza-high-school,A powerful search engine that organizes and provides access to vast information on the internet.,KYMA,,2026-05-24T11:21:56.565692+00:00,0,False,0.0,,none,False,none,,headless,True
ad868b619b3f,https://kyma.com/news/military/2026/05/21/honoring-the-past-and-future-southwest-high-cadets-host-memorial-day-observance,A powerful search engine that organizes and provides access to vast information on the internet.,KYMA,,2026-05-24T11:22:00.724882+00:00,0,False,0.0,,none,False,none,,headless,True
6fb993641b60,https://kyma.com/news/top-stories/2026/05/26/el-centro-to-host-block-party-for-4th-of-july,A powerful search engine that organizes and provides access to vast information on the internet.,KYMA,,2026-05-27T12:56:54.282811+00:00,0,False,0.0,,none,False,none,,headless,True
a574e66f8f5d,https://kyma.com/news/border-security/2026/05/26/border-patrol-el-centro-sector-agents-conduct-immigration-enforcement-across-coachella-valley,A powerful search engine that organizes and provides access to vast information on the internet.,KYMA,,2026-05-27T12:57:04.829072+00:00,0,False,0.0,,none,False,none,,headless,True
bd1f648253c2,https://kyma.com/news/imperial-county/2026/05/26/officers-find-guns-hidden-in-vehicle-at-calexico-west-port-of-entry,A powerful search engine that organizes and provides access to vast information on the internet.,KYMA,,2026-05-27T12:57:09.301304+00:00,0,False,0.0,,none,False,none,,headless,True
0815801bacd7,https://kyma.com/news/imperial-county/2026/05/26/iid-donates-mobile-command-center-to-icso,IID donates Mobile Command Center to ICSO,KYMA,,2026-05-27T12:57:13.428865+00:00,6,False,0.1,,none,False,city,,headless,True
9c0be3d08e30,https://kyma.com/news/imperial-county/2026/05/25/two-homes-in-brawley-caught-on-fire,A powerful search engine that organizes and provides access to vast information on the internet.,KYMA,,2026-05-27T12:57:18.034547+00:00,0,False,0.0,,none,False,none,,headless,True
dbec4fead409,https://kyma.com/the-good-stuff/holiday/2026/05/25/el-centro-unites-at-bucklin-park-to-remember-the-fallen,A powerful search engine that organizes and provides access to vast information on the internet.,KYMA,,2026-05-27T12:57:22.535861+00:00,0,False,0.0,,none,False,none,,headless,True
676ec6b4282c,https://kyma.com/the-good-stuff/holiday/2026/05/25/imperial-county-residents-participate-in-fallen-heroes-honor-walk,A powerful search engine that organizes and provides access to vast information on the internet.,KYMA,,2026-05-27T12:57:26.679758+00:00,0,False,0.0,,none,False,none,,headless,True
950206c53ed0,https://www.ivpressonline.com/news/el-centro-border-patrol-ramps-up-coachella-valley-enforcement-arresting-hundreds-since-january/article_e8b4e613-32f9-4369-87ba-44f61f1c66f2.html,"INDIO, Calif. — U.S. Border Patrol agents in the Coachella Valley have arrested hundreds of undocumented immigrants since the start of the year as part of an aggressive, ongoing enforcement push. The ",IV Press,,2026-05-27T12:59:45.578326+00:00,3,False,0.05,,none,False,city,,headless,True
d0224834207f,https://www.ivpressonline.com/news/brawley-s-lions-center-pool-renovation-nears-completion/article_c8866d90-9e23-4f62-b897-c9c27aac0501.html,"BRAWLEY — A popular local gathering spot is nearing its finish line just in time for the peak of the summer heat, as city officials announced that major construction on the Lions Center Pool project i",IV Press,,2026-05-27T12:59:49.669337+00:00,6,False,0.1,,none,False,city,,headless,True
2d6790dec74e,https://www.ivpressonline.com/news/before-the-clock-el-centro-mail-carriers-picket-as-national-contract-expires/article_b5f6f185-26a4-4358-a858-39d3ae5dafcc.html,"EL CENTRO — Standing on the sidewalk before the morning sun could fully bake the Imperial Valley, local mail carriers gathered outside the post office Saturday morning with a message for the community",IV Press,,2026-05-27T12:59:53.766081+00:00,6,False,0.1,,none,False,city,,headless,True
dc86809445ff,https://www.ivpressonline.com/news/el-centro-welcomes-back-rain-on-main-creating-new-memories-for-the-next-generation/article_f841a046-9077-4e26-a7cf-ed1cd1a7df17.html,"EL CENTRO — Almost 4-year-old Xio Chavarra stood with her arms wrapped around herself while her teeth chattered as she walked away from the giant sprays of the shiny red fire truck. Just behind Xio, g",IV Press,,2026-05-27T12:59:57.869085+00:00,3,False,0.05,,none,False,city,,headless,True
85bfd48bb6ff,https://www.ivpressonline.com/news/imperial-valley-marches-to-honor-the-fallen/article_2525752e-9449-45ce-b32b-a4e4aa150f73.html,"WESTMORLAND — Under the morning sun on Memorial Day, more than 50 veterans, Gold Star families, and Imperial Valley residents gathered outside Westmorland City Hall with a singular, grueling, yet sacr",IV Press,,2026-05-27T13:00:01.960769+00:00,9,False,0.15,,none,False,city,,headless,True
1bc7999d4eb8,https://www.ivpressonline.com/news/mexicali-briefs-baja-california-expands-network-of-community-hydration-centers-to-combat-extreme-summer-heat/article_d2f35aa0-e2e8-4e22-aeb0-f4d0e87c465b.html,WEATHER,IV Press,,2026-05-27T13:00:06.054938+00:00,30,True,0.5,heatstroke|heat exhaustion,warning,False,none,,headless,True
386de30a6737,https://kyma.com/news/top-stories/2026/05/27/meet-your-candidate-patricia-lizarraga-runs-for-imperial-county-board-of-supervisors-district-5,Meet your candidate: Patricia Lizarraga runs for Imperial County Board of Supervisors District 5,KYMA,,2026-05-28T13:58:28.491831+00:00,6,False,0.1,,none,False,city,,headless,True
52e9588716f1,https://kyma.com/news/top-stories/2026/05/27/meet-your-candidate-lorena-minor-montes-runs-for-imperial-county-board-of-supervisors-district-5,Meet your candidate: Lorena Minor-Montes runs for Imperial County Board of Supervisors District 5,KYMA,,2026-05-28T13:58:37.719466+00:00,6,False,0.1,,none,False,city,,headless,True
08352d1edcca,https://kyma.com/news/imperial-county/2026/05/27/1998-death-penalty-case-heads-back-to-court,A powerful search engine that organizes and provides access to vast information on the internet.,KYMA,,2026-05-28T13:58:42.226310+00:00,0,False,0.0,,none,False,none,,headless,True
90247bce21f2,https://kyma.com/news/imperial-county/2026/05/27/imperial-valley-college-see-something-say-something,A powerful search engine that organizes and provides access to vast information on the internet.,KYMA,,2026-05-28T13:58:46.818242+00:00,0,False,0.0,,none,False,none,,headless,True
6c272cf7c38f,https://www.ivpressonline.com/news/el-centro-aquatic-center-brings-back-its-biggest-fourth-of-july-celebration-yet/article_ffea5099-d1d1-4174-94f6-51462b253981.html,"EL CENTRO — The El Centro Aquatic Center is taking its annual Independence Day celebration to the streets this year, expanding its signature Team USA-themed pool party into a full-scale block party on",IV Press,,2026-05-28T14:01:19.457877+00:00,6,False,0.1,,none,False,city,,headless,True
b7938e92aa5c,https://www.ivpressonline.com/news/legal-loophole-costs-manufactured-homeowners-thousands-california-bill-aims-to-fix-it/article_58e86d0b-f603-450d-95cd-493310e16112.html,"SACRAMENTO — In a unanimous 37-0 vote, the California State Senate passed a bill Tuesday that could fundamentally reshape the financial landscape for manufactured homeowners, opening doors to traditio",IV Press,,2026-05-28T14:01:23.638838+00:00,0,False,0.0,,none,False,none,,headless,True
47a7dfa2c916,https://www.ivpressonline.com/news/blm-announces-osborne-overlook-temporary-closure-for-summer-maintenance/article_5b6dec95-d46c-4627-8534-eb60a1d81ff9.html,EL CENTRO — Outdoor enthusiasts planning a summer trip to the Imperial Sand Dunes Recreation Area will need to adjust their itineraries. The Bureau of Land Management (BLM) announced that the popular ,IV Press,,2026-05-28T14:01:27.808605+00:00,6,False,0.1,,none,False,city,,headless,True
ca00f7506219,https://www.ivpressonline.com/news/mexicali-briefs-baja-california-engineering-students-headed-to-global-underwater-robotics-championship-in-canada/article_b0b9897a-896f-459c-b024-02dec0bb462a.html,EDUCATION,IV Press,,2026-05-28T14:01:32.038905+00:00,0,False,0.0,,none,False,none,,headless,True
89f63bfb9329,https://www.ivpressonline.com/news/cops-briefs-laborer-apprehended-on-murder-allegation/article_ac4daeb9-e116-4d74-95f3-0a6c4e6e2c23.html,BRAWLEY,IV Press,,2026-05-28T14:01:36.210892+00:00,9,False,0.15,,none,False,city,,headless,True
3e8f6cb4e450,https://www.ivpressonline.com/news/ranch-seasoning-sold-at-walmart-recalled-due-to-salmonella-risk/article_4c97fca4-1920-424c-80a5-a7701e16ea92.html,"A ranch seasoning sold at Walmart has been recalled due to salmonella risk, according to authorities.",IV Press,,2026-05-28T14:01:40.422369+00:00,3,False,0.05,,none,False,none,,headless,True
59cc7c593b42,https://kyma.com/news/top-stories/2026/05/28/imperial-county-election-campaigning-not-allowed-within-100-feet-of-voting-center,A powerful search engine that organizes and provides access to vast information on the internet.,KYMA,,2026-05-29T12:50:05.672885+00:00,0,False,0.0,,none,False,none,,headless,True
b2f8381757ee,https://kyma.com/news/top-stories/2026/05/27/first-alert-action-day-tracking-gusty-winds-through-tonight-for-imperial-county,A powerful search engine that organizes and provides access to vast information on the internet.,KYMA,,2026-05-29T12:51:40.826316+00:00,0,False,0.0,,none,False,none,,headless,True
d673271ec0a4,https://kyma.com/about-us/2022/07/15/community-guidelines,A powerful search engine that organizes and provides access to vast information on the internet.,KYMA,,2026-05-29T12:51:45.050680+00:00,0,False,0.0,,none,False,none,,headless,True
670f3bfa44bf,https://www.ivpressonline.com/news/california-senate-approves-bills-to-force-data-centers-to-foot-their-own-energy-bills/article_cd748230-6212-4451-8b3b-6ad03718ef9d.html,SACRAMENTO — The California State Senate has passed a pair of measures aimed at shielding utility ratepayers from skyrocketing electricity bills and environmental fallout driven by the state’s burgeon,IV Press,,2026-05-29T12:53:42.481618+00:00,0,False,0.0,,none,False,none,,headless,True
3a0e37fa8dce,https://www.ivpressonline.com/news/iid-awards-over-2-5-million-to-strengthen-community-spaces/article_e9386e5f-cbdb-46ad-9bac-c4a854f418ac.html,"Three grant programs bring energy savings, greener spaces, and safer lighting to communities across the District’s service area",IV Press,,2026-05-29T12:53:46.778186+00:00,3,False,0.05,,none,False,city,,headless,True
a9b166692fc3,https://www.ivpressonline.com/news/imperial-regional-detention-facility-earns-perfect-score-in-national-health-care-audit/article_8e075630-0892-4d3e-b19f-2026054d9112.html,"CALEXICO — The Imperial Regional Detention Facility has achieved a perfect score during a recent audit by the National Commission on Correctional Health Care (NCCHC), clearing the path for official ac",IV Press,,2026-05-29T12:53:51.094675+00:00,6,False,0.1,,none,False,city,,headless,True
551720500993,https://www.ivpressonline.com/news/mexicali-briefs-two-missing-utah-children-reunited-with-mother-after-international-amber-alert-sweep/article_fe53c439-d8b5-4306-a127-4668de71dce0.html,LAW ENFORCEMENT,IV Press,,2026-05-29T12:53:55.483174+00:00,0,False,0.0,,none,False,none,,headless,True
ae8024f7155a,https://www.ivpressonline.com/news/voter-turnout-remains-low-despite-new-system/article_3cced977-dd04-4a00-bdc0-adc3663623f5.html,"EL CENTRO — Voters have a new, extended voting system this year, approved by the county board of supervisors in June of 2025, to give them more time to cast their ballots.",IV Press,,2026-05-29T12:53:59.777398+00:00,6,False,0.1,,none,False,city,,headless,True
fdbec051cd20,https://www.ivpressonline.com/news/emilio-nares-foundation-expands-imperial-valley-services-celebrates-10-years-of-free-cancer-transportation/article_6187dad6-8785-4515-9193-48621a9d2a2b.html,"IMPERIAL — Marking a decade of keeping vulnerable children on the road to recovery, the Emilio Nares Foundation announced a major expansion of its comprehensive support services in Imperial County dur",IV Press,,2026-05-29T12:54:04.132429+00:00,6,False,0.1,,none,False,city,,headless,True
49112f8251ef,https://kyma.com/news/top-stories/2026/05/29/meet-your-candidate-joong-kim-runs-for-imperial-county-board-of-supervisors-district-1,A powerful search engine that organizes and provides access to vast information on the internet.,KYMA,,2026-05-30T11:27:18.087313+00:00,0,False,0.0,,none,False,none,,headless,True
b7bfd044a2f7,https://kyma.com/news/top-stories/2026/05/29/meet-your-candidate-enrique-alvarado-runs-for-imperial-county-board-of-supervisors-district-1,Meet your candidate: Enrique Alvarado runs for Imperial County Board of Supervisors District 1,KYMA,,2026-05-30T11:27:22.240824+00:00,6,False,0.1,,none,False,city,,headless,True
f5777855f5d2,https://kyma.com/news/top-stories/2026/05/29/one-person-found-dead-after-car-catches-fire-on-state-route-86,A powerful search engine that organizes and provides access to vast information on the internet.,KYMA,,2026-05-30T11:27:26.783680+00:00,0,False,0.0,,none,False,none,,headless,True
2f0c9f10bf4f,https://kyma.com/news/top-stories/2026/05/29/four-people-arrested-in-connection-with-murder-of-man-in-salton-city,A powerful search engine that organizes and provides access to vast information on the internet.,KYMA,,2026-05-30T11:27:31.348232+00:00,0,False,0.0,,none,False,none,,headless,True
ca8c1497920b,https://kyma.com/news/top-stories/2026/05/29/fire-damages-two-homes-in-el-centro-power-outage-affects-100-residents,A powerful search engine that organizes and provides access to vast information on the internet.,KYMA,,2026-05-30T11:27:35.887175+00:00,0,False,0.0,,none,False,none,,headless,True
fafab8a9cb89,https://www.ivpressonline.com/news/iid-power-store-is-now-available-with-instant-rebates-on-energy-saving-products/article_634a47d6-e2f3-42e5-8162-5ed01748d88b.html,Online marketplace gives customers new ways to save energy and lower their bills,IV Press,,2026-05-30T11:29:59.185840+00:00,3,False,0.05,,none,False,city,,headless,True
488161c7b738,https://www.ivpressonline.com/news/ecfd-provides-update-on-structure-fire-near-6th-street-and-hamilton/article_65403fab-739c-4f30-a6b7-464b9d998061.html,"EL CENTRO — On May 28, 2026, at approximately 6:20 p.m., the El Centro Fire Department responded to reports of a structure fire in the area of 6th Street and Hamilton Avenue.",IV Press,,2026-05-30T11:30:03.294360+00:00,6,False,0.1,,none,False,city,,headless,True
89cd94964c26,https://www.ivpressonline.com/news/registrar-of-voters-announces-opening-of-all-vote-centers/article_4b2ad4a3-84aa-425e-a5a1-6cb7308cff80.html,"EL CENTRO — The Imperial County Registrar of Voters announces the opening of all vote centers for the June 2, 2026, Statewide Direct Primary Election beginning Saturday, May 30, 2026.",IV Press,,2026-05-30T11:30:07.417352+00:00,11,False,0.183,cooling center,illness,False,city,,headless,True
60e1bd55b522,https://www.ivpressonline.com/news/fatal-early-morning-crash-on-state-route-86-leaves-one-dead-after-truck-collision/article_6b8ec673-1892-48c7-b150-2bc2b3cc696d.html,"SALTON CITY — A pre-dawn collision on State Route 86 left one driver dead early Friday morning after a pickup truck slammed into the back of a tractor-trailer and burst into flames, authorities said.",IV Press,,2026-05-30T11:30:11.538997+00:00,9,False,0.15,,none,False,city,,headless,True
52260f836d09,https://www.ivpressonline.com/news/calipatria-state-prison-mourns-loss-of-carlton-hargrave/article_84d9ee8a-b140-44a8-95b2-ca4f965a1323.html,"CALIPATRIA — Calipatria State Prison announced the May 27, 2026, passing of staff member Carlton Hargrave, a materials and stores supervisor II.",IV Press,,2026-05-30T11:30:15.644079+00:00,3,False,0.05,,none,False,city,,headless,True
0127ad8176f9,https://www.ivpressonline.com/news/cops-briefs-border-patrol-detains-unemployed-man-for-narcotics/article_564b747c-e581-42af-90f9-4aa15c451e80.html,CALEXICO,IV Press,,2026-05-30T11:30:19.753419+00:00,6,False,0.1,,none,False,city,,headless,True
787d204d47c0,https://kyma.com/decision-politics/local-politics/2026/05/30/meet-your-candidate-john-hawk-runs-for-imperial-county-board-of-supervisors-district-5,Meet your candidate: John Hawk runs for Imperial County Board of Supervisors District 5,KYMA,,2026-05-31T11:44:37.747137+00:00,6,False,0.1,,none,False,city,,headless,True
e4ba37283721,https://kyma.com/dsw-living/health/2026/05/30/ecrmc-receives-11-million-california-distressed-hospital-grant,A powerful search engine that organizes and provides access to vast information on the internet.,KYMA,,2026-05-31T11:44:46.464881+00:00,0,False,0.0,,none,False,none,,headless,True
951acc2a2506,https://kyma.com/news/imperial-county/2026/05/30/beat-the-heat-imperial-valley-staying-cool-this-summer,A powerful search engine that organizes and provides access to vast information on the internet.,KYMA,,2026-05-31T11:44:51.054083+00:00,0,False,0.0,,none,False,none,,headless,True
3b0b6ead0311,https://kyma.com/decision-politics/local-politics/2026/05/27/meet-your-candidate-patricia-lizarraga-runs-for-imperial-county-board-of-supervisors-district-5,Meet your candidate: Patricia Lizarraga runs for Imperial County Board of Supervisors District 5,KYMA,,2026-05-31T11:44:55.615842+00:00,6,False,0.1,,none,False,city,,headless,True
8b1cca69e4ff,https://kyma.com/decision-politics/local-politics/2026/05/29/meet-your-candidate-joong-kim-runs-for-imperial-county-board-of-supervisors-district-1,A powerful search engine that organizes and provides access to vast information on the internet.,KYMA,,2026-05-31T11:45:00.247544+00:00,0,False,0.0,,none,False,none,,headless,True
b5560e89648e,https://kyma.com/news/imperial-county/2026/05/29/fire-damages-two-homes-in-el-centro-power-outage-affects-100-residents,A powerful search engine that organizes and provides access to vast information on the internet.,KYMA,,2026-05-31T11:45:17.805459+00:00,0,False,0.0,,none,False,none,,headless,True
4216156c2543,https://kyma.com/news/imperial-county/2026/05/29/ivc-students-fundraise-for-a-trip-to-d-c,A powerful search engine that organizes and provides access to vast information on the internet.,KYMA,,2026-05-31T11:45:22.401972+00:00,0,False,0.0,,none,False,none,,headless,True
c7387b79b4ef,https://kyma.com/news/imperial-county/2026/05/29/imperial-county-district-attorneys-office-swears-in-first-post-bar-law-clerk,Imperial County District Attorney’s Office swears in first Post-Bar Law Clerk,KYMA,,2026-05-31T11:45:26.971826+00:00,6,False,0.1,,none,False,city,,headless,True
c78f381b07f7,https://kyma.com/decision-politics/local-politics/2026/05/28/imperial-county-election-campaigning-not-allowed-within-100-feet-of-voting-center,A powerful search engine that organizes and provides access to vast information on the internet.,KYMA,,2026-05-31T11:45:31.548965+00:00,0,False,0.0,,none,False,none,,headless,True
26f85811d17f,https://kyma.com/decision-politics/california-politics/2026/06/01/california-election-day-what-voters-need-to-know,A powerful search engine that organizes and provides access to vast information on the internet.,KYMA,,2026-06-01T16:09:39.895545+00:00,0,False,0.0,,none,False,none,,headless,True
500c99b1bbae,https://kyma.com/2026/06,A powerful search engine that organizes and provides access to vast information on the internet.,KYMA,,2026-06-01T16:09:45.915699+00:00,0,False,0.0,,none,False,none,,headless,True
47e983d3003f,https://kyma.com/weather/local-forecast/2026/05/31/tracking-triple-digit-temperatures-with-summer-right-around-the-corner,A powerful search engine that organizes and provides access to vast information on the internet.,KYMA,,2026-06-01T16:11:28.367678+00:00,0,False,0.0,,none,False,none,,headless,True
b00d81bcbaf9,https://kyma.com/decision-politics/2026/06/02/imperial-county-residents-cast-their-vote-in-the-california-primary,A powerful search engine that organizes and provides access to vast information on the internet.,KYMA,,2026-06-02T14:12:06.192248+00:00,0,False,0.0,,none,False,none,,headless,True
a071ee4e8237,https://kyma.com/news/top-stories/2026/06/01/congressman-raul-ruiz-opposes-proposed-imperial-county-data-center-project,Congressman Raul Ruiz opposes proposed Imperial County data center project,KYMA,,2026-06-02T14:12:15.011783+00:00,6,False,0.1,,none,False,city,,headless,True
d94344184acd,https://www.ivpressonline.com/news/caltrans-awards-millions-for-community-projects/article_176faead-6649-43a9-8c7d-3526a762b520.html,"SACRAMENTO — California is injecting $23.6 million into local communities to rethink how residents move, breathe, and weather natural disasters, state transportation officials announced Friday.",IV Press,,2026-06-02T14:14:59.973266+00:00,6,False,0.1,,none,False,city,,headless,True
8987ffb7a9b9,https://www.ivpressonline.com/news/brawley-targets-hyperscale-tech-growth-with-proposed-data-center-moratorium/article_495ce2ac-c352-4f86-bfbe-5d14939ae51c.html,"BRAWLEY — Seeking to get ahead of the surging artificial intelligence and cloud computing boom, the Brawley City Council on Tuesday will consider a temporary moratorium on the construction of large-sc",IV Press,,2026-06-02T14:15:04.146089+00:00,6,False,0.1,,none,False,city,,headless,True
f8f90fe57553,https://www.ivpressonline.com/news/lithium-valley-expansion-1-2m-axon-tech-contract-anchor-upcoming-imperial-county-board-meeting/article_8b50a8d0-7a76-4184-bba3-12b421ea483f.html,"EL CENTRO — Facing complex legal battles and a transforming local economy, the Imperial County Board of Supervisors will convene Tuesday, June 2, 2026, to navigate an agenda packed with multi-million ",IV Press,,2026-06-02T14:15:08.318476+00:00,6,False,0.1,,none,False,city,,headless,True
3c1fa573ee7e,https://www.ivpressonline.com/news/rep-ruiz-calls-for-a-freeze-on-local-data-center-projects-citing-environmental-and-economic/article_c09e745c-fc07-4113-9098-bf7687800eb4.html,"WASHINGTON, D.C. — U.S. Representative Dr. Raúl Ruiz (D-CA) called for an immediate halt to proposed data center projects in his district, voicing sharp concerns over their potential impact on local u",IV Press,,2026-06-02T14:15:12.495640+00:00,6,False,0.1,,none,False,city,,headless,True
d0a7f3abb430,https://www.ivpressonline.com/news/hospital-grant-secures-healthcare-future/article_3496970e-abc4-4b42-b724-d8047f41d78f.html,"EL CENTRO — In a major financial victory for healthcare in the Imperial Valley, El Centro Regional Medical Center has been awarded an $11 million state grant designed to rescue struggling rural hospit",IV Press,,2026-06-02T14:15:16.671823+00:00,6,False,0.1,,none,False,city,,headless,True
15c26cb6435a,https://www.ivpressonline.com/news/cops-briefs-parolee-faces-cache-of-felony-weapons-and-terrorist-threat-allegations/article_40e0795b-8986-4574-8f0b-7b39ae6d36bc.html,SALTON CITY,IV Press,,2026-06-02T14:15:20.849216+00:00,19,True,0.317,,none,True,city,,headless,True
4459e063309a,https://kyma.com/news/imperial-county/2026/06/02/applebees-in-calexico-to-close-this-month,A powerful search engine that organizes and provides access to vast information on the internet.,KYMA,,2026-06-03T14:49:13.891720+00:00,0,False,0.0,,none,False,none,,headless,True
5dbda47ad445,https://kyma.com/dsw-living/data-centers/2026/06/01/rep-raul-ruiz-opposes-proposed-imperial-county-data-center-project,Rep. Raul Ruiz opposes proposed Imperial County data center project,KYMA,,2026-06-03T14:49:18.360328+00:00,6,False,0.1,,none,False,city,,headless,True
06b0e80df4fb,https://www.ivpressonline.com/news/free-workshop-in-mexicali-taught-community-members-to-build-and-use-air-quality-monitors/article_48da6220-4c7c-4684-bb22-48e4aef8aeba.html,"MEXICALI — The Coalición Binacional de Justicia Ambiental (CBJA), co-led by Centro de Energía Renovable y Calidad Ambiental (CERCA) and Comité Cívico del Valle (CCV), hosted a free, hands-on air quali",IV Press,,2026-06-03T14:51:52.738664+00:00,6,False,0.1,,none,False,city,,headless,True
ecc215d67a8e,https://www.ivpressonline.com/news/licensed-medical-clinic-opening-in-el-centro-aims-to-provide-pro-life-resources-for-imperial/article_dad3c86f-25b7-43a1-97f6-25777fbc10ba.html,"EL CENTRO — A new licensed medical clinic is scheduled to open in the Imperial Valley this month, aiming to expand free health services and life-affirming resources for women facing unplanned pregnanc",IV Press,,2026-06-03T14:51:56.825816+00:00,6,False,0.1,,none,False,city,,headless,True
4cdd207ae2f2,https://www.ivpressonline.com/news/calexico-city-council-to-consider-public-safety-budgeting-mandate-and-data-center-moratorium/article_3dc38980-49ad-4f2d-ac2f-ca34c7c7627c.html,article 3dc38980 49ad 4f2d ac2f ca34c7c7627c.html,IV Press,,2026-06-03T14:52:00.980197+00:00,0,False,0.0,,none,False,none,,headless,False
f18e49355bfd,https://www.ivpressonline.com/news/cops-briefs-woman-arrested-following-child-abuse-allegation/article_9d3a70ae-707e-42e7-b1d1-38d3e21f2cfb.html,IMPERIAL,IV Press,,2026-06-03T14:52:05.104657+00:00,9,False,0.15,,none,False,city,,headless,True
120cb29f979e,https://www.ivpressonline.com/news/mexicali-briefs-baja-california-launches-new-tourism-strategy/article_f5d8c3fd-d6fc-4422-affe-0736660d8c43.html,STATE,IV Press,,2026-06-03T14:52:09.236803+00:00,0,False,0.0,,none,False,none,,headless,True
b9a10cabcbbf,https://www.ivpressonline.com/news/feds-reopen-public-comment-for-71-mile-border-barrier-project-in-imperial-valley/article_aa91ed0b-50c0-4a5f-958b-e3c439b8d125.html,EL CENTRO — Federal border officials are making a renewed push for public feedback on a massive infrastructure project that will reshape tens of miles of the Southern California desert landscape with ,IV Press,,2026-06-03T14:52:13.329465+00:00,6,False,0.1,,none,False,city,,headless,True
ed8d076d5e65,https://kyma.com/news/top-stories/2026/06/03/alex-cardenas-says-experience-drove-voter-support,A powerful search engine that organizes and provides access to vast information on the internet.,KYMA,,2026-06-04T12:48:42.912093+00:00,0,False,0.0,,none,False,none,,headless,True
f480ce4c7d86,https://kyma.com/news/top-stories/2026/06/03/holtville-high-school-athlete-finishes-5th-in-state-in-300m-hurdles,A powerful search engine that organizes and provides access to vast information on the internet.,KYMA,,2026-06-04T12:48:52.037699+00:00,0,False,0.0,,none,False,none,,headless,True
0519df266cee,https://kyma.com/news/top-stories/2026/06/03/alvarado-and-hawk-lead-early-in-imperial-county-supervisor-races,Alvarado and Hawk Lead Early in Imperial County Supervisor Races,KYMA,,2026-06-04T12:48:56.519220+00:00,6,False,0.1,,none,False,city,,headless,True
7f5ea9c72a7d,https://kyma.com/news/imperial-county/2026/06/03/city-of-el-centro-to-host-community-budget-meeting-in-spanish,A powerful search engine that organizes and provides access to vast information on the internet.,KYMA,,2026-06-04T12:49:01.136207+00:00,0,False,0.0,,none,False,none,,headless,True
00018f75f177,https://kyma.com/decision-politics/2026/06/03/polls-closed-on-time-in-imperial-county,A powerful search engine that organizes and provides access to vast information on the internet.,KYMA,,2026-06-04T12:49:05.649795+00:00,0,False,0.0,,none,False,none,,headless,True
14ae010eadcc,https://www.ivpressonline.com/news/imperial-county-farm-bureau-awards-45-250-to-local-students/article_79307908-1e8c-424c-a85f-7fb6bb17fee6.html,"EL CENTRO — Imperial County Farm Bureau announced it has awarded $45,250 to thirty-five local students who are pursuing educations and careers in the agriculture industry.",IV Press,,2026-06-04T12:51:33.608635+00:00,6,False,0.1,,none,False,city,,headless,True
c5ad46d9fcd9,https://www.ivpressonline.com/news/blue-knights-award-2026-scholarships-to-seven-imperial-valley-students/article_e06c9216-1fef-4895-b71d-2411814e805d.html,"EL CENTRO — The Blue Knights Law Enforcement Motorcycle Club CA-X Chapter has announced its 2026 scholarship recipients, awarding financial support to seven outstanding Imperial Valley high school gra",IV Press,,2026-06-04T12:51:37.709331+00:00,6,False,0.1,,none,False,city,,headless,True
f3b158549f2e,https://www.ivpressonline.com/news/el-centro-to-host-spanish-language-community-budget-meeting/article_4c0b1f53-9546-417b-be14-666cc0598cf8.html,"EL CENTRO — The City of El Centro invites the community to participate in a Spanish-language virtual budget meeting on Wednesday, June 10, at 6 p.m. via Zoom.",IV Press,,2026-06-04T12:51:41.836114+00:00,3,False,0.05,,none,False,city,,headless,True
cd94e77d43cc,https://www.ivpressonline.com/news/imperial-county-moves-to-strip-by-right-status-for-data-center-developments/article_67468b5d-a469-4e68-98b8-cb278c72f776.html,EL CENTRO — The Imperial County Board of Supervisors considered Tuesday a sweeping resolution that would fundamentally reshape how data centers are approved in this agricultural corner of Southern Cal,IV Press,,2026-06-04T12:51:45.968106+00:00,6,False,0.1,,none,False,city,,headless,True
db732b506c4b,https://www.ivpressonline.com/news/california-bill-targets-tax-loophole-for-nonprofits-tied-to-private-ice-detention-centers/article_8bbf7d7f-719d-4f47-8887-e0fdb3ab16a0.html,article 8bbf7d7f 719d 4f47 8887 e0fdb3ab16a0.html,IV Press,,2026-06-04T12:51:50.058206+00:00,0,False,0.0,,none,False,none,,headless,False
24a492047a23,https://www.ivpressonline.com/news/cops-briefs-high-speed-pursuit-on-interstate-8-ends-in-stolen-vehicle-recovery-and-arrest/article_a26a50de-a3a6-465e-ace9-3f21ac3ad8ad.html,EL CENTRO,IV Press,,2026-06-04T12:51:54.216323+00:00,19,True,0.317,,none,True,city,,headless,True
b10b854a5fb5,https://www.ivpressonline.com/news/california-moves-to-cut-agricultural-red-tape-with-new-data-sharing-roadmap/article_9816da85-1f27-4ed9-b043-c61ffb5a32ca.html,SACRAMENTO — The Newsom administration released a highly anticipated roadmap Thursday aimed at cutting red tape for California’s agricultural community by streamlining how farmers report food safety a,IV Press,,2026-06-05T12:46:44.500412+00:00,0,False,0.0,,none,False,none,,headless,True
f8c692c7a916,https://www.ivpressonline.com/news/cops-briefs-el-centro-police-arrest-man-on-out-of-county-warrant/article_c7e930dc-e70d-4112-98dc-c625ea8bc089.html,EL CENTRO,IV Press,,2026-06-05T12:46:48.707654+00:00,6,False,0.1,,none,False,city,,headless,True
f55402030c65,https://www.ivpressonline.com/news/iid-s-shift-save-program-surpasses-2-000-customers-enrollment-remains-open/article_d8cdc684-364a-4bdf-9818-e1571ccec7bf.html,New energy- and money-saving opportunity drives customer interest in reducing power use during peak hours,IV Press,,2026-06-05T12:46:52.905322+00:00,3,False,0.05,,none,False,city,,headless,True
b0a55b243581,https://www.ivpressonline.com/news/mexicali-briefs-animal-cruelty-citations-skyrocket-in-mexicali-as-citizen-reports-surge/article_8b045411-2132-4c7d-8ef1-a8ed216dab12.html,PUBLIC SAFETY,IV Press,,2026-06-05T12:46:56.999484+00:00,0,False,0.0,,none,False,none,,headless,True
9156b5c9099c,https://www.ivpressonline.com/news/san-diego-cpa-pleads-guilty-to-generating-5-million-in-fraudulent-tax-write-offs/article_25965940-73ee-4100-b00c-0f338b4ca319.html,"SAN DIEGO — A veteran Southern California accountant has admitted to running a massive, years-long tax fraud scheme that fabricated thousands of business losses, charitable donations, and green energy",IV Press,,2026-06-05T12:47:01.123053+00:00,0,False,0.0,,none,False,none,,headless,True
7c96fafe8f7b,https://www.ivpressonline.com/news/el-centro-library-opens-registration-for-summer-reading-program/article_380942b5-5a89-4b6d-8910-40fedda69300.html,article 380942b5 5a89 4b6d 8910 40fedda69300.html,IV Press,,2026-06-05T12:47:05.170344+00:00,0,False,0.0,,none,False,none,,headless,False
d6098f5c7f6e,https://kyma.com/news/top-stories/2026/06/05/brawley-murder-case-delayed-suspects-to-be-tried-together-following-co-defendants-extradition,A powerful search engine that organizes and provides access to vast information on the internet.,KYMA,,2026-06-06T11:38:32.941188+00:00,0,False,0.0,,none,False,none,,headless,True
af3b1ea353ac,https://kyma.com/news/2026/06/04/tracking-more-june-heat-for-the-rest-of-the-week,A powerful search engine that organizes and provides access to vast information on the internet.,KYMA,,2026-06-06T11:40:10.792287+00:00,0,False,0.0,,none,False,none,,headless,True
897a159fd355,https://www.ivpressonline.com/news/mexicali-briefs-baja-californias-agriculture-industry-reaches-1-1-billion-in-annual-value-officials-say/article_0f8604ae-85a5-4328-a920-ee5475f4522e.html,ECONOMY,IV Press,,2026-06-06T11:42:13.485869+00:00,0,False,0.0,,none,False,none,,headless,True
23560a41087c,https://www.ivpressonline.com/news/calexico-bulldogs-step-into-the-future/article_a8f7df82-7056-4bcd-a3e2-3c18d518f529.html,"CALEXICO — Calexico High School celebrated 580 graduates for its 2026 graduating class at Ward Field this past Thursday evening, June 4, amongst a large crowd of excited parents and family members who",IV Press,,2026-06-06T11:42:17.884848+00:00,3,False,0.05,,none,False,city,,headless,True
fdb9d55fde4c,https://www.ivpressonline.com/news/supervisors-approve-5-000-in-community-grants-leading-with-4-100-for-calipatria-fireworks/article_132b6411-cbbc-40f2-b46c-8b1128cada6a.html,"EL CENTRO — The Imperial County Board of Supervisors approved the use of $5,000 from the Community Benefit Fund on Tuesday, June 2, to assist multiple community organizations with programming and even",IV Press,,2026-06-06T11:42:22.240548+00:00,14,False,0.233,cooling center,illness,False,city,,headless,True
1e9454b050b4,https://www.ivpressonline.com/news/lawmakers-launch-rare-maneuver-to-force-house-vote-on-ending-wounded-veteran-tax/article_08cd7760-2af2-40c5-b8c0-02ddf91dd6c7.html,"WASHINGTON, D.C. — Standing on the steps of the U.S. Capitol, Reps. Raul Ruiz and Mark Takano launched a rare legislative maneuver Thursday to force a vote on a bill that would eliminate what lawmaker",IV Press,,2026-06-06T11:42:26.621726+00:00,3,False,0.05,,none,False,none,,headless,True
9017e2aa5b27,https://www.ivpressonline.com/news/imperial-county-extends-application-deadline-for-2026-2027-civil-grand-jury/article_edb995b6-6f0b-4cdc-b735-74b2e917b4c0.html,EL CENTRO — Local residents looking for a powerful way to shape their community have a few more days to step forward. Officials announced that the application deadline for the 2026–2027 Imperial Count,IV Press,,2026-06-06T11:42:31.060859+00:00,6,False,0.1,,none,False,city,,headless,True
43b7259b1bc5,https://www.ivpressonline.com/news/county-approves-636k-grant-for-humane-society-mobile-spay-and-neuter-clinic/article_95cfa559-db1d-45ec-8ff2-bd515e9ea072.html,"EL CENTRO — The Imperial County Board of Supervisors approved a $636,000 grant on Tuesday, June 2, for the Humane Society of Imperial County’s mobile spay and neuter clinic. The grant will come from t",IV Press,,2026-06-06T11:42:35.424113+00:00,6,False,0.1,,none,False,city,,headless,True
35be05c626de,https://kyma.com/news/imperial-county/2026/06/06/woman-released-without-paying-any-bail,A powerful search engine that organizes and provides access to vast information on the internet.,KYMA,,2026-06-07T11:54:27.155982+00:00,0,False,0.0,,none,False,none,,headless,True
f95056de59de,https://kyma.com/news/imperial-county/2026/06/05/imperial-county-fire-department-shares-safety-tips,A powerful search engine that organizes and provides access to vast information on the internet.,KYMA,,2026-06-07T11:54:37.115280+00:00,0,False,0.0,,none,False,none,,headless,True
c61fc5e857ff,https://kyma.com/decision-politics/local-politics/2026/06/05/imperial-county-sees-low-voter-turnout,A powerful search engine that organizes and provides access to vast information on the internet.,KYMA,,2026-06-07T11:54:45.705685+00:00,0,False,0.0,,none,False,none,,headless,True
923ad6c24e4f,https://kyma.com/decision-politics/local-politics/2026/06/03/alex-cardenas-says-experience-drove-voter-support,A powerful search engine that organizes and provides access to vast information on the internet.,KYMA,,2026-06-07T11:54:50.215499+00:00,0,False,0.0,,none,False,none,,headless,True
070003c6e9c5,https://kyma.com/sports/high-school/2026/06/03/holtville-high-school-athlete-finishes-5th-in-state-in-300m-hurdles,A powerful search engine that organizes and provides access to vast information on the internet.,KYMA,,2026-06-07T11:54:54.747931+00:00,0,False,0.0,,none,False,none,,headless,True
f5fb6cb9befa,https://kyma.com/decision-politics/local-politics/2026/06/03/alvarado-and-hawk-lead-early-in-imperial-county-supervisor-races,Alvarado and Hawk lead early in Imperial County Supervisor races,KYMA,,2026-06-07T11:54:59.387157+00:00,6,False,0.1,,none,False,city,,headless,True
0dd4ef7437f4,https://kyma.com/news/top-stories/2026/06/08/calipatria-political-turmoil-escalates-as-three-city-leaders-face-recall-effort,A powerful search engine that organizes and provides access to vast information on the internet.,KYMA,,2026-06-09T12:43:44.085244+00:00,0,False,0.0,,none,False,none,,headless,True
4776a423c594,https://kyma.com/news/imperial-county/2026/06/08/family-of-hit-and-run-victim-asks-for-justice,A powerful search engine that organizes and provides access to vast information on the internet.,KYMA,,2026-06-09T12:43:52.787984+00:00,0,False,0.0,,none,False,none,,headless,True
1578dab11fac,https://kyma.com/news/imperial-county/2026/06/08/cbp-announces-changes-for-bicycles-e-bikes-and-scooters-at-the-calexico-port-of-entry,A powerful search engine that organizes and provides access to vast information on the internet.,KYMA,,2026-06-09T12:43:57.364680+00:00,0,False,0.0,,none,False,none,,headless,True
9fb665bed15a,https://kyma.com/news/imperial-county/2026/06/08/suspects-in-winterhaven-murder-appear-in-court,A powerful search engine that organizes and provides access to vast information on the internet.,KYMA,,2026-06-09T12:44:01.840508+00:00,0,False,0.0,,none,False,none,,headless,True
434d0544838f,https://www.ivpressonline.com/news/as-serious-crash-injuries-spike-80-county-pushes-for-federal-road-safety-funds/article_80ceeb5a-e7c1-42fd-9f8b-6fd8db1f9cac.html,"EL CENTRO — The Imperial County Board of Supervisors approved the submission of a grant application to the U.S. Department of Transportation on Tuesday, June 2, for the Safe Streets and Roads for All ",IV Press,,2026-06-09T12:46:33.173348+00:00,9,False,0.15,,none,False,city,,headless,True
d0f4d0847dab,https://www.ivpressonline.com/news/dolly-parton-s-imagination-library-prepares-for-imperial-valley-launch-seeks-corporate-sponsors-for-free/article_139f6e0f-4630-4572-9c15-274ce68a13f6.html,"IMPERIAL VALLEY — A powerful coalition of civic, business, and educational leaders is uniting to bring Dolly Parton’s acclaimed Imagination Library to the Imperial Valley, launching a major fundraisin",IV Press,,2026-06-09T12:46:37.417794+00:00,6,False,0.1,,none,False,city,,headless,True
679c854f52f7,https://www.ivpressonline.com/news/federal-officers-seize-108k-in-methamphetamine-hidden-in-false-floor-at-calexico-port-of-entry/article_0b22f64e-f052-4476-837c-eb57c172bc05.html,"CALEXICO — Federal border officers intercepted a massive shipment of methamphetamine worth more than $107,000 hidden inside a modified vehicle at the Calexico East Port of Entry on Sunday, May 17, 202",IV Press,,2026-06-09T12:46:41.603559+00:00,6,False,0.1,,none,False,city,,headless,True
b40dfc811653,https://www.ivpressonline.com/news/assemblyman-advocates-urge-newsom-to-reverse-proposed-367-million-in-cuts-to-home-care-program/article_f584c663-9d3b-4e49-89fe-0708096c9225.html,"SACRAMENTO — Standing alongside disability advocates at the state Capitol, Assemblyman Jeff Gonzalez on Monday called on Gov. Gavin Newsom to reverse a proposed $367.7 million in cuts to California’s ",IV Press,,2026-06-09T12:46:45.759117+00:00,0,False,0.0,,none,False,none,,headless,True
bbb0ea1305b6,https://www.ivpressonline.com/news/cops-briefs-police-arrest-local-man-on-domestic-violence-drug-allegations/article_0009f970-fd17-4704-943d-2e5acd0524a7.html,EL CENTRO,IV Press,,2026-06-09T12:46:49.932956+00:00,19,True,0.317,,none,True,city,,headless,True
aec4f54e7e1c,https://www.ivpressonline.com/news/cbp-announces-important-change-for-bicycles-electric-bikes-scooters-at-calexico-ports-of-entry/article_8e881fa2-2a98-49c5-b012-d171b8365703.html,"CALEXICO — U.S. Customs and Border Protection officials have announced a new safety measure and procedure regarding the use of bicycles, electric bikes, scooters, electric scooters, and other personal",IV Press,,2026-06-09T12:46:54.087611+00:00,3,False,0.05,,none,False,city,,headless,True
d57b0a14aeae,https://kyma.com/news/imperial-county/2026/06/09/family-in-calexico-seeks-help-after-house-fire,A powerful search engine that organizes and provides access to vast information on the internet.,KYMA,,2026-06-10T13:37:25.094556+00:00,0,False,0.0,,none,False,none,,headless,True
781cdc01e454,https://kyma.com/play/entertainment/2026/06/09/bill-engvall-to-perform-at-quechan-casino-resort-in-october,A powerful search engine that organizes and provides access to vast information on the internet.,KYMA,,2026-06-10T13:37:34.080905+00:00,0,False,0.0,,none,False,none,,headless,True
c97b4e02ddb9,https://kyma.com/news/top-stories/2026/06/09/schools-out-calls-are-up-sheriffs-report-seasonal-surge,A powerful search engine that organizes and provides access to vast information on the internet.,KYMA,,2026-06-10T13:37:38.802318+00:00,0,False,0.0,,none,False,none,,headless,True
7850582053c9,https://kyma.com/decision-politics/local-politics/2026/06/08/calipatria-political-turmoil-escalates-as-three-city-leaders-face-recall-effort,A powerful search engine that organizes and provides access to vast information on the internet.,KYMA,,2026-06-10T13:37:42.949522+00:00,0,False,0.0,,none,False,none,,headless,True
8196f778e382,https://www.ivpressonline.com/news/cops-briefs-man-arrested-facing-multiple-felony-weapons-allegations/article_92380614-8ac3-48b5-aa8e-38148ed441e1.html,BRAWLEY,IV Press,,2026-06-10T13:40:20.941380+00:00,9,False,0.15,,none,False,city,,headless,True
7665808050f7,https://www.ivpressonline.com/news/fatal-crash-between-two-semi-trucks-leaves-one-dead/article_292b7cf8-ffbf-4273-82da-9a9ad776f8ab.html,"BRAWLEY — A pre-dawn collision between two commercial tractor-trailers on State Route 86 left one driver dead early Tuesday morning, according to the California Highway Patrol.",IV Press,,2026-06-10T13:40:25.155478+00:00,9,False,0.15,,none,False,city,,headless,True
57ad1ff483de,https://www.ivpressonline.com/news/mosquito-borne-illnesses-prevention-urged/article_6fc63955-b872-4d26-849c-9e07b837800f.html,article 6fc63955 b872 4d26 849c 9e07b837800f.html,IV Press,,2026-06-10T13:40:29.290284+00:00,0,False,0.0,,none,False,none,,headless,False
c2fa1def174a,https://www.ivpressonline.com/news/imperial-valley-food-bank-receives-assistance/article_58ee3589-d170-4414-a322-e796f031f85a.html,"IMPERIAL — The Imperial Valley Food Bank received a large donation of over 40,000 pounds of food on Tuesday, June 9, from the Church of Jesus Christ of Latter-day Saints and other partner organization",IV Press,,2026-06-10T13:40:33.557523+00:00,6,False,0.1,,none,False,city,,headless,True
89f125175ed4,https://www.ivpressonline.com/news/mens-mental-health-awareness-month-kicks-off/article_7206b951-c80b-4604-a8ef-69b60a9bcefe.html,"CALEXICO — The Rotary Club held a Men’s Mental Health Awareness event at the Kiki Camarena Library on Monday, June 8, which included a panel of guest speakers and a discussion on the topic, along with",IV Press,,2026-06-10T13:40:37.805291+00:00,6,False,0.1,,none,False,city,,headless,True
094f46975014,https://www.ivpressonline.com/news/mexicali-briefs-parents-arrested-for-child-abuse/article_e115a889-5375-4f47-98f4-d7e79d94ff90.html,PUBLIC SAFETY,IV Press,,2026-06-10T13:40:42.135259+00:00,0,False,0.0,,none,False,none,,headless,True
6a6a98234ce4,https://kyma.com/news/top-stories/2026/06/10/dolly-partons-imagination-library-set-to-launch-in-imperial-valley,A powerful search engine that organizes and provides access to vast information on the internet.,KYMA,,2026-06-11T14:05:20.936754+00:00,0,False,0.0,,none,False,none,,headless,True
b43029aa5585,https://kyma.com/news/imperial-county/2026/06/10/death-penalty-off-the-table-for-man-charged-with-murder-in-brawley,A powerful search engine that organizes and provides access to vast information on the internet.,KYMA,,2026-06-11T14:05:29.871435+00:00,0,False,0.0,,none,False,none,,headless,True
91457c80fa26,https://kyma.com/news/imperial-county/2026/06/10/tractor-trailer-crash-in-imperial-county-kills-one-person,A powerful search engine that organizes and provides access to vast information on the internet.,KYMA,,2026-06-11T14:05:33.987067+00:00,0,False,0.0,,none,False,none,,headless,True
a4073123a91c,https://kyma.com/news/imperial-county/2026/06/10/el-centro-crews-drain-pond-at-bucklin-park-for-cleaning-and-maintenance,A powerful search engine that organizes and provides access to vast information on the internet.,KYMA,,2026-06-11T14:05:38.090385+00:00,0,False,0.0,,none,False,none,,headless,True
7024f79d268b,https://kyma.com/news/imperial-county/2026/06/10/imperial-valley-food-bank-receives-donation-from-the-church-of-jesus-christ-of-latter-day-saints,Imperial Valley Food Bank receives donation from The Church of Jesus Christ of Latter-Day Saints,KYMA,,2026-06-11T14:05:42.192026+00:00,6,False,0.1,,none,False,city,,headless,True
6ba3b037d109,https://www.ivpressonline.com/news/calexico-to-host-dive-in-movie-night-at-community-pool/article_43430e43-08d6-4694-b0e7-9fef116b8c5b.html,CALEXICO — Local families looking to beat the summer heat can dive into a night of tropical fun this Friday at the Margarita De Necochea Aquatic Center.,IV Press,,2026-06-11T14:08:10.483718+00:00,3,False,0.05,,none,False,city,,headless,True
a61463ae37bf,https://www.ivpressonline.com/news/cops-briefs-man-faces-multiple-felony-misdemeanor-allegations-after-arrest/article_f86d77f0-c061-4f0a-abc0-4a4ac50799f9.html,article f86d77f0 c061 4f0a abc0 4a4ac50799f9.html,IV Press,,2026-06-11T14:08:14.579252+00:00,0,False,0.0,,none,False,none,,headless,False
b45e80bbd3b6,https://www.ivpressonline.com/news/red-cross-seeks-nominations-for-24th-annual-real-heroes-awards-in-san-diego-imperial-counties/article_566f81b8-21a8-4208-803b-271d6538cc81.html,SAN DIEGO — The American Red Cross is looking for the extraordinary hidden within the ordinary.,IV Press,,2026-06-11T14:08:18.805005+00:00,3,False,0.05,,none,False,city,,headless,True
caa327337948,https://www.ivpressonline.com/news/iid-customers-to-receive-48-million-in-summer-bill-credits/article_54451987-4545-4866-93d4-befa1c49bda5.html,An estimated 12% reduction to customer bills will take place over the next four summer months due to 2025 cost savings,IV Press,,2026-06-11T14:08:23.036712+00:00,3,False,0.05,,none,False,city,,headless,True
17f52aff4832,https://www.ivpressonline.com/news/house-passes-70-billion-border-funding-bill-lacking-oversight-ruiz-slams-funding-brutality/article_8fac8ffe-033c-4986-98c4-cfa792374774.html,"WASHINGTON, D.C. — The House of Representatives passed a massive $70 billion funding package Tuesday to bankroll federal immigration enforcement through the end of the Trump administration, prompting ",IV Press,,2026-06-11T14:08:27.228200+00:00,3,False,0.05,,none,False,city,,headless,True
59181d56cfef,https://www.ivpressonline.com/news/imperial-county-farm-bureau-honors-retiring-iid-water-manager-mike-pacheco-after-46-years-of/article_f7b89151-57b1-460d-aa43-d5098d0e1c22.html,"EL CENTRO — The Imperial County Farm Bureau extended its deepest gratitude and congratulations today to longtime Imperial Irrigation District (IID) Water Manager Mike Pacheco, who has announced his re",IV Press,,2026-06-11T14:08:31.400729+00:00,6,False,0.1,,none,False,city,,headless,True
167cac688fb9,https://kyma.com/news/top-stories/2026/06/11/humane-society-of-imperial-county-secures-636000-for-mobile-veterinary-unit,"Humane Society of Imperial County secures $636,000 for mobile veterinary unit",KYMA,,2026-06-12T12:59:12.352228+00:00,6,False,0.1,,none,False,city,,headless,True
1ea3deea88e7,https://www.ivpressonline.com/news/pioneers-museum-to-host-author-chris-grant/article_9b797615-ac28-49b7-9b0b-4fac9b32a3fe.html,"IMPERIAL – The Pioneers’ Museum Book Club is inviting the community to a night of existential reflection, travel stories, and local culture. On Friday, June 12, at 6:30 p.m., the museum will host an i",IV Press,,2026-06-12T13:02:09.092458+00:00,6,False,0.1,,none,False,city,,headless,True
3bd2844bbf0e,https://www.ivpressonline.com/news/calexico-proposes-159m-budget-high-infrastructure-spending-clashes-with-flat-revenues-looming-2031-fiscal-cliff/article_ecac9e29-5133-4745-9fa5-62c34c91ff9f.html,"CALEXICO – Facing a tight deadline ahead of the new fiscal year, the Calexico City Council met in a special session Wednesday evening to delve into the city’s proposed annual budget, opting to thoroug",IV Press,,2026-06-12T13:02:13.498965+00:00,3,False,0.05,,none,False,city,,headless,True
ca48f890a409,https://www.ivpressonline.com/news/calipatria-mayor-decries-ouster-attempt-framing-fight-as-battle-for-democracy/article_380a2c48-608e-4422-be77-38365649bedd.html,"CALIPATRIA – Standing firm against a mounting political effort to remove him from office, Calipatria Mayor Michael Luellen released a sweeping, personal video message to his community, framing the pus",IV Press,,2026-06-12T13:02:17.929456+00:00,3,False,0.05,,none,False,city,,headless,True
f13cb3985a38,https://www.ivpressonline.com/news/fifa-world-cup-kicks-off-locally/article_c0c97a66-4a78-4bc5-a560-6d3a15982d5f.html,"EL CENTRO–The Mexican Consulate of Imperial Valley, along with several partner agencies, gathered at the Imperial Valley Mall on Thursday, June 11, kicking off the FIFA World Soccer Cup event this yea",IV Press,,2026-06-12T13:02:22.374303+00:00,6,False,0.1,,none,False,city,,headless,True
33e7fe2a227b,https://www.ivpressonline.com/news/newsom-releases-46m-for-border-water-crisis-slams-trump-administration-for-federal-failure/article_4c516607-b707-4a2f-a40d-6201cb7364c1.html,"SACRAMENTO – Gov. Gavin Newsom announced Thursday the release of $46 million in voter-approved bond funding to combat severe water pollution along the California-Mexico border, using the moment to sha",IV Press,,2026-06-12T13:02:26.775967+00:00,6,False,0.1,,none,False,city,,headless,True
2d9e012af1f5,https://www.ivpressonline.com/news/agtech-welcomed-elected-officials-and-media-for-behind-the-scenes-look-at-agricultural-operation/article_c9bd8d4f-fd72-40b8-8a9c-da5b0fe4444e.html,"SOMERTON, Ariz. – AgTech welcomed elected officials, community leaders, and members of the media on Monday, June 8, for a firsthand look at its agricultural operation and the science behind the reuse ",IV Press,,2026-06-12T13:02:31.208975+00:00,0,False,0.0,,none,False,none,,headless,True
3945031e0cb9,https://kyma.com/news/top-stories/2026/06/12/imperial-valley-healthcare-district-urges-men-to-schedule-preventive-checkups,A powerful search engine that organizes and provides access to vast information on the internet.,KYMA,,2026-06-13T11:58:32.423378+00:00,0,False,0.0,,none,False,none,,headless,True
159b1afc0eec,https://www.ivpressonline.com/news/imperial-valley-healthcare-district-encourages-men-in-imperial-county-to-schedule-preventive-checkups/article_663cfe06-daae-40ea-8140-44f758fbde55.html,Early detection and routine screenings help protect long-term health and keep families thriving,IV Press,,2026-06-13T12:01:28.318202+00:00,6,False,0.1,,none,False,city,,headless,True
c88d82c401fd,https://www.ivpressonline.com/news/calexico-launches-affordable-summer-programs-to-keep-youth-active-and-creative/article_8e5d5c80-9759-4038-b86c-1d48e4364cfb.html,"CALEXICO — As local families look for ways to keep their children engaged, active, and out of the summer heat, the Calexico Recreation Department has unveiled a diverse lineup of affordable summer pro",IV Press,,2026-06-13T12:01:32.604818+00:00,3,False,0.05,,none,False,city,,headless,True
903f893a76cd,https://www.ivpressonline.com/news/mana-de-imperial-valley-delivers-heat-relief-as-summer-temperatures-soar/article_65705bfc-a907-4bb4-9144-c4724e41bf4f.html,"IMPERIAL — As the summer heat begins its annual, unforgiving bake over the Imperial Valley, a local Latina-led nonprofit is leaning on community solidarity and cultural roots to protect its most vulne",IV Press,,2026-06-13T12:01:36.979429+00:00,21,True,0.35,cooling center,illness,True,city,,headless,True
3cb9011f1796,https://www.ivpressonline.com/featured/camarena-memorial-library-to-launch-annual-summer-reading-program/article_71acd709-f11a-4026-b813-67201242e73c.html,"CALEXICO — Families looking for educational and recreational opportunities this summer will find plenty to explore at the Camarena Memorial Library, which is preparing to launch its annual Family Summ",IV Press,,2026-06-13T12:01:41.347109+00:00,6,False,0.1,,none,False,city,,headless,True
95bec61c5a63,https://www.ivpressonline.com/news/imperial-county-registrar-of-voters-reminds-voters-to-cure-unsigned-or-mismatched-ballots/article_ff3ee950-b165-429b-829b-503f8ccc229c.html,EL CENTRO - The Imperial County Registrar of Voters is reminding voters that if their vote-by-mail ballot envelope was returned without a signature or if the signature on the envelope does not match t,IV Press,,2026-06-13T12:01:45.632215+00:00,6,False,0.1,,none,False,city,,headless,True
bc267e75f501,https://www.ivpressonline.com/news/library-director-elected-chairperson-of-serra-cooperative-library-system/article_f795726e-3a73-4e73-9b41-70035a241194.html,"EL CENTRO — The City of El Centro is proud to announce that Library Director Carla Mason has been elected chairperson of the Serra Cooperative Library System, a regional network of public libraries se",IV Press,,2026-06-13T12:01:49.989148+00:00,6,False,0.1,,none,False,city,,headless,True
bebea1270197,https://kyma.com/news/2026/06/13/meet-your-candidate-steve-hilton-is-running-for-governor-of-california,Meet your candidate: Steve Hilton is running for governor of California,KYMA,,2026-06-14T12:03:31.235699+00:00,6,False,0.1,,none,False,city,,headless,True
27e03d84dcc8,https://www.ivpressonline.com/news/cbp-announces-important-change-for-bicycles-electric-bikes-scooters-at-calexico-ports-of-entry/article_29588cb9-7fdd-43d5-9ec7-61e7dea47929.html,"CALEXICO — U.S. Customs and Border Protection officials have announced a new safety measure and procedure regarding the use of bicycles, electric bikes, scooters, electric scooters, and other personal",IV Press,,2026-06-14T12:06:34.281747+00:00,3,False,0.05,,none,False,city,,headless,True
dbf74729b838,https://www.ivpressonline.com/news/valley-briefs-police-seize-unserialized-loaded-firearm-three-arrested/article_fee06f1d-b5f3-477a-ac3c-c65fd51e75e0.html,EL CENTRO,IV Press,,2026-06-14T12:06:38.469704+00:00,6,False,0.1,,none,False,city,,headless,True
16e66dcbfb37,https://www.ivpressonline.com/news/imperial-county-celebrates-completion-of-heber-townsite-improvements-phase-ii-paving-project/article_f987b2ec-0d80-49a8-a1d7-049aedae8b3f.html,"Held at the intersection of 7th Street and Heffernan Avenue, the ceremony marked an important milestone for the Heber community and the continued effort to invest in projects that support cleaner air,",IV Press,,2026-06-14T12:06:42.642015+00:00,6,False,0.1,,none,False,city,,headless,True
f20b773c013a,https://kyma.com/news/2026/06/16/brawley-honors-flag-day,A powerful search engine that organizes and provides access to vast information on the internet.,KYMA,,2026-06-16T15:14:56.981043+00:00,0,False,0.0,,none,False,none,,headless,True
17362e1e4f99,https://kyma.com/news/top-stories/2026/06/15/calexico-recreation-center-offering-summer-program-activities,A powerful search engine that organizes and provides access to vast information on the internet.,KYMA,,2026-06-16T15:15:06.568494+00:00,0,False,0.0,,none,False,none,,headless,True
4637b0ace6cd,https://kyma.com/news/top-stories/2026/06/15/imperial-county-officials-warn-of-mosquito-borne-disease-risks-after-local-dengue-case,A powerful search engine that organizes and provides access to vast information on the internet.,KYMA,,2026-06-16T15:15:11.239224+00:00,0,False,0.0,,none,False,none,,headless,True
f842be0ae0dc,https://www.ivpressonline.com/news/ivc-graduates-achieve-milestone-moment/article_aac3d71d-2117-4b0c-864f-c1589ba6059d.html,"IMPERIAL — Imperial Valley College celebrated its 2026 commencement ceremony this past Saturday, June 13, inside the college’s De Paoli Sports Complex, marking a major milestone in the lives of the gr",IV Press,,2026-06-16T15:17:52.611095+00:00,6,False,0.1,,none,False,city,,headless,True
dc1f7733e7f9,https://www.ivpressonline.com/news/cops-briefs-law-enforcement-personnel-arrested-on-felony-warrant/article_befed7e7-f4c3-4f22-8492-06117899cbc3.html,CALEXICO,IV Press,,2026-06-16T15:17:56.988267+00:00,16,True,0.267,,none,True,city,,headless,True
d9fd5d55e54e,https://www.ivpressonline.com/news/iv-humane-society-hosts-wine-fundraiser-for-new-shelter/article_7b41a89e-d415-4339-957f-615333e58594.html,"IMPERIAL — The Humane Society of Imperial County held a wine tasting fundraiser on Thursday, June 11, at Cheval Farms, to raise money for the new shelter fund.",IV Press,,2026-06-16T15:18:01.398533+00:00,6,False,0.1,,none,False,city,,headless,True
7e8a6c9c4506,https://www.ivpressonline.com/news/council-to-direct-attorney-to-regulate-large-scale-data-centers/article_a8fdf34f-8376-4219-a148-c7f8473af6c0.html,"BRAWLEY — Signaling a major future shift toward high-tech infrastructure management while simultaneously rolling back regulatory hurdles for local small businesses, the Brawley City Council on Tuesday",IV Press,,2026-06-16T15:18:05.764238+00:00,6,False,0.1,,none,False,city,,headless,True
d0df6eac46fc,https://www.ivpressonline.com/news/el-centro-council-to-vote-on-neighborhood-upkeep-fees-medical-property-sales/article_8a7b6e78-4764-46d5-85dd-392cb41aec77.html,"EL CENTRO — Facing the routine yet essential realities of municipal growth and neighborhood upkeep, the El Centro City Council is set to convene Tuesday afternoon to vote on a series of neighborhood a",IV Press,,2026-06-16T15:18:10.146306+00:00,6,False,0.1,,none,False,city,,headless,True
0f982012c5a6,https://www.ivpressonline.com/news/imperial-county-to-consider-temporary-moratorium-on-data-center-boom/article_c8b690bf-0bbf-4bea-9f72-1c75599699a9.html,article c8b690bf 0bbf 4bea 9f72 1c75599699a9.html,IV Press,,2026-06-16T15:18:14.361553+00:00,0,False,0.0,,none,False,none,,headless,False
c47bf89e9fe4,https://kyma.com/news/2026/06/16/calexico-business-owners-report-drug-use-and-theft,A powerful search engine that organizes and provides access to vast information on the internet.,KYMA,,2026-06-17T13:46:36.554067+00:00,0,False,0.0,,none,False,none,,headless,True
a2150b6ec021,https://kyma.com/news/top-stories/2026/06/16/imperial-county-sheriffs-office-cracking-down-on-surge-of-illegal-dumping-across-the-valley,Imperial County Sheriff’s Office cracking down on surge of illegal dumping across the valley,KYMA,,2026-06-17T13:46:45.761827+00:00,6,False,0.1,,none,False,city,,headless,True
43605efd6bbf,https://www.ivpressonline.com/news/county-leaders-advocate-for-infrastructure-border-improvements-and-economic-opportunity/article_76b48f15-c542-42bf-9000-4bd4dc0cc272.html,"EL CENTRO — Members of the Imperial County Board of Supervisors, Chairwoman Peggy Price, Supervisor Jesus Escobar, Supervisor Ryan Kelley, and Supervisor John Hawk, accompanied by County Executive Off",IV Press,,2026-06-17T13:49:26.734959+00:00,6,False,0.1,,none,False,city,,headless,True
5c58900ca92b,https://www.ivpressonline.com/news/calexico-city-council-to-tackle-budget-impasse-amid-growing-public-concern/article_69c70a18-f708-47d1-a687-47fdad99b290.html,"CALEXICO — The Calexico City Council is scheduled to meet Wednesday evening for a high-stakes session, as local officials face mounting pressure to close a structural budget deficit and address long-s",IV Press,,2026-06-17T13:49:30.916645+00:00,3,False,0.05,,none,False,city,,headless,True
26da18a8041f,https://www.ivpressonline.com/news/brawley-pool-to-reopen-for-summer/article_243940dd-9208-487e-9268-28998c3a00e3.html,BRAWLEY — A local summer staple is making a major comeback just in time for the seasonal heat.,IV Press,,2026-06-17T13:49:35.105175+00:00,6,False,0.1,,none,False,city,,headless,True
b5309a4b66b5,https://www.ivpressonline.com/news/imperial-valley-heat-melts-half-of-holtville-s-1976-bicentennial-time-capsule-treasures/article_ed1dfd45-a7ce-452d-8e40-55345b8d111e.html,"HOLTVILLE — For five decades, an obelisk in Holt Park stood as a silent promise to the people of Holtville. Inside lay a small metal time capsule, buried during the nation’s 1976 bicentennial, holding",IV Press,,2026-06-17T13:49:39.192961+00:00,16,True,0.267,extreme heat|heatwave,illness,False,city,,headless,True
3b234cfa19dc,https://www.ivpressonline.com/news/ivc-ag-students-showcase-research-at-uc-desert-research-center/article_af7d52ec-5297-4bb1-bc70-4ba1bfb2bfd6.html,HOLTVILLE — Twelve Imperial Valley College agriculture students recently presented the results of hands-on field research conducted through a partnership between Imperial Valley College and the Univer,IV Press,,2026-06-17T13:49:43.295435+00:00,11,False,0.183,extreme heat,illness,False,city,,headless,True
74d201ba4db1,https://www.ivpressonline.com/news/staff-peer-support-program-expands-at-calipatria/article_aa2742ee-dc0c-4153-9c2e-874120956438.html,"CALIPATRIA — During annual staff Peer Support Program (PSP) training, Calipatria State Prison welcomed 10 new members to the team.",IV Press,,2026-06-17T13:49:47.460149+00:00,3,False,0.05,,none,False,city,,headless,True
e157ee566843,https://kyma.com/news/top-stories/2026/06/17/el-centro-city-council-votes-to-put-sales-tax-measure-on-november-ballot,El Centro City Council votes to put sales tax measure on November ballot,KYMA,,2026-06-18T13:33:41.093795+00:00,3,False,0.05,,none,False,city,,headless,True
7275ead73dc8,https://www.ivpressonline.com/news/el-centro-approves-adding-local-sales-tax-measure-on-november-ballot/article_652be64c-4459-4095-ad74-0e9d87b93eb4.html,"EL CENTRO — The El Centro City Council voted unanimously, during a regular meeting, to place a half-cent local sales tax measure on the November 3, 2026, General Municipal Election ballot. If approved",IV Press,,2026-06-18T13:36:36.491431+00:00,6,False,0.1,,none,False,city,,headless,True
77db6e3d9f48,https://www.ivpressonline.com/news/congressman-raul-ruiz-presents-federal-check-to-city-of-westmorland/article_3ae6a7ec-155c-4426-a1e4-d37c978c2c1d.html,"WESTMORLAND — On Tuesday, Congressman Raul Ruiz visited the future fire station site in Westmorland to present a $1,015,000 federal check to the City of Westmorland for the construction of a new publi",IV Press,,2026-06-18T13:36:40.773734+00:00,6,False,0.1,,none,False,city,,headless,True
e9d3bafb6f6c,https://www.ivpressonline.com/news/c-rdoba-corporation-opens-new-el-centro-office-bringing-infrastructure-investment-and-jobs-to-the/article_cffe6eb4-b554-47ff-8ad1-59cb96f94c59.html,"EL CENTRO — Congressman Raul Ruiz joined local leaders and business executives Tuesday morning to celebrate the grand opening of Córdoba Corporation’s new regional office in El Centro, a move official",IV Press,,2026-06-18T13:36:45.019978+00:00,6,False,0.1,,none,False,city,,headless,True
aa0125e8c793,https://www.ivpressonline.com/news/cops-briefs-duo-arrested-in-major-identity-theft-and-grand-theft-investigation/article_f6ac3253-43c4-4979-9fb3-a5b979ac53e0.html,article f6ac3253 43c4 4979 9fb3 a5b979ac53e0.html,IV Press,,2026-06-18T13:36:49.153218+00:00,0,False,0.0,,none,False,none,,headless,False
5c227a2d0f8e,https://www.ivpressonline.com/news/mexicali-briefs-state-urges-farmers-to-crop-switch-ahead-of-drastic-2027-colorado-river-water/article_0643ba50-e63a-4123-b992-868050f2480b.html,AGRICULTURE,IV Press,,2026-06-18T13:36:53.388971+00:00,0,False,0.0,,none,False,none,,headless,True
23905cd6e165,https://www.ivpressonline.com/news/california-farmers-sound-alarm-over-proposed-30-h-2a-wage-hike/article_3c7afa2d-41ed-494f-ad18-0b0df9a826b4.html,SACRAMENTO — California agricultural leaders are launching an aggressive grassroots campaign to defeat a proposed state law that they warn could cripple family farms by driving up labor costs overnigh,IV Press,,2026-06-18T13:36:57.621284+00:00,6,False,0.1,,none,False,city,,headless,True
acebd355b391,https://kyma.com/play/entertainment/2026/06/18/quechan-casino-resort-to-hold-theresa-caputo-live-the-experience,A powerful search engine that organizes and provides access to vast information on the internet.,KYMA,,2026-06-19T13:39:35.136784+00:00,0,False,0.0,,none,False,none,,headless,True
5197000503ab,https://kyma.com/news/imperial-county/2026/06/18/battle-of-the-bars-imperial-valleys-margarita-challenge-returns,A powerful search engine that organizes and provides access to vast information on the internet.,KYMA,,2026-06-19T13:39:44.186426+00:00,0,False,0.0,,none,False,none,,headless,True
a82256f63ffc,https://kyma.com/news/top-stories/2026/06/18/brawley-reopens-lions-center-pool-just-in-time-for-summer,A powerful search engine that organizes and provides access to vast information on the internet.,KYMA,,2026-06-19T13:39:48.783290+00:00,0,False,0.0,,none,False,none,,headless,True
85806cfa4a04,https://kyma.com/news/top-stories/2026/06/18/boys-girls-clubs-of-imperial-valley-launches-free-summer-meal-program,A powerful search engine that organizes and provides access to vast information on the internet.,KYMA,,2026-06-19T13:39:53.314766+00:00,0,False,0.0,,none,False,none,,headless,True
9ebf87b611f0,https://kyma.com/decision-politics/2026/06/17/el-centro-city-council-votes-to-put-sales-tax-measure-on-november-ballot,El Centro City Council votes to put sales tax measure on November ballot,KYMA,,2026-06-19T13:39:57.901771+00:00,3,False,0.05,,none,False,city,,headless,True
3d5f69210cdd,https://kyma.com/news/imperial-county/2026/06/16/calexico-business-owners-report-drug-use-and-theft,A powerful search engine that organizes and provides access to vast information on the internet.,KYMA,,2026-06-19T13:40:04.207377+00:00,0,False,0.0,,none,False,none,,headless,True
9c08fffb4eaf,https://kyma.com/news/imperial-county/2026/06/16/imperial-county-sheriffs-office-cracking-down-on-surge-of-illegal-dumping-across-the-valley,ICSO cracking down on surge of illegal dumping across the valley,KYMA,,2026-06-19T13:40:08.737651+00:00,6,False,0.1,,none,False,city,,headless,True
7a33a9371253,https://kyma.com/the-good-stuff/holiday/2026/06/16/brawley-honors-flag-day,A powerful search engine that organizes and provides access to vast information on the internet.,KYMA,,2026-06-19T13:40:13.280876+00:00,0,False,0.0,,none,False,none,,headless,True
369aae4e973c,https://kyma.com/news/top-stories/2026/06/15/calexico-police-investigate-bullet-fragment-found-in-vehicle,A powerful search engine that organizes and provides access to vast information on the internet.,KYMA,,2026-06-19T13:40:17.872769+00:00,0,False,0.0,,none,False,none,,headless,True
fb9a004b03e5,https://kyma.com/dsw-living/health/2026/06/15/imperial-county-officials-warn-of-mosquito-borne-disease-risks-after-local-dengue-case,A powerful search engine that organizes and provides access to vast information on the internet.,KYMA,,2026-06-19T13:40:26.178869+00:00,0,False,0.0,,none,False,none,,headless,True
f3d39f114bca,https://kyma.com/decision-politics/2026/06/13/meet-your-candidate-steve-hilton-is-running-for-governor-of-california,Meet your candidate: Steve Hilton is running for governor of California,KYMA,,2026-06-19T13:40:30.732572+00:00,6,False,0.1,,none,False,city,,headless,True
2721d426ddee,https://kyma.com/dsw-living/health/2026/06/12/imperial-valley-healthcare-district-urges-men-to-schedule-preventive-checkups,A powerful search engine that organizes and provides access to vast information on the internet.,KYMA,,2026-06-19T13:40:35.301059+00:00,0,False,0.0,,none,False,none,,headless,True
949c99095ce2,https://kyma.com/news/imperial-county/2026/06/11/crews-battle-fire,A powerful search engine that organizes and provides access to vast information on the internet.,KYMA,,2026-06-19T13:40:39.918280+00:00,0,False,0.0,,none,False,none,,headless,True
396a0edc7cc6,https://www.ivpressonline.com/news/water-rights-dispute-erupts-over-proposed-imperial-valley-data-center/article_34def210-b3d3-4b4f-bf80-a14e8cbc6a29.html,"EL CENTRO — A brewing conflict over water resources has boiled over in the Imperial Valley, highlighting the escalating tension between the artificial intelligence data center boom and the preservatio",IV Press,,2026-06-19T13:42:34.306100+00:00,9,False,0.15,,none,False,city,,headless,True
ef927920c99b,https://www.ivpressonline.com/news/calipatria-breaks-ground-on-new-community-park/article_47a1cb43-6a30-4fe6-9572-23f1f08cedc9.html,"CALIPATRIA—The official groundbreaking ceremony for Calipatria’s new Community Center and Park took place this past Tuesday, June 16, and featured a unifying celebration to which the entire community ",IV Press,,2026-06-19T13:42:38.617055+00:00,6,False,0.1,,none,False,city,,headless,True
48bba611a6bd,https://www.ivpressonline.com/news/imperial-county-reverses-course-unanimously-approves-data-center-moratorium-after-intense-community-pushback/article_0f2464ec-f46b-4129-a06f-2ea59662995a.html,"EL CENTRO — Facing mounting public anxiety over the rapid growth of the technology sector, the Imperial County Board of Supervisors voted unanimously on Tuesday to place an immediate freeze on the app",IV Press,,2026-06-19T13:42:42.887471+00:00,6,False,0.1,,none,False,city,,headless,True
adb62a46d733,https://www.ivpressonline.com/news/brawley-clearly-moves-to-regulate-data-centers-dropping-moratorium-plan/article_45453b46-b08c-4ae9-bbdc-51be3580c3af.html,"BRAWLEY — Seeking to balance rapid technological growth with local oversight, the Brawley City Council voted unanimously Tuesday night to overhaul its zoning laws to strictly regulate future large-sca",IV Press,,2026-06-19T13:42:47.204206+00:00,6,False,0.1,,none,False,city,,headless,True
9e0b43feee2b,https://kyma.com/news/breaking-news/2026/06/19/firefighters-in-imperial-county-battle-vegetation-fire,A powerful search engine that organizes and provides access to vast information on the internet.,KYMA,,2026-06-20T12:03:01.957956+00:00,0,False,0.0,,none,False,none,,headless,True
4919fda22442,https://kyma.com/decision-politics/2026/06/19/sen-steve-padilla-hosts-el-centro-town-hall,A powerful search engine that organizes and provides access to vast information on the internet.,KYMA,,2026-06-20T12:03:11.033455+00:00,0,False,0.0,,none,False,none,,headless,True
cfa85af56e8f,https://kyma.com/news/imperial-county/2026/06/19/access-to-thrive-hosts-business-plan-event,A powerful search engine that organizes and provides access to vast information on the internet.,KYMA,,2026-06-20T12:03:15.671674+00:00,0,False,0.0,,none,False,none,,headless,True
3dbf2a6e7814,https://kyma.com/dsw-living/health/2026/06/19/mosquitoes-in-imperial-county-test-positive-for-viruses-that-causes-serious-illness,A powerful search engine that organizes and provides access to vast information on the internet.,KYMA,,2026-06-20T12:03:19.816385+00:00,0,False,0.0,,none,False,none,,headless,True
b4fd4ee3bc92,https://kyma.com/the-good-stuff/holiday/2026/06/19/community-unity-and-culture-shine-at-el-centros-juneteenth-celebration,A powerful search engine that organizes and provides access to vast information on the internet.,KYMA,,2026-06-20T12:03:24.347624+00:00,0,False,0.0,,none,False,none,,headless,True
5a1ceef84670,https://kyma.com/news/imperial-county/2026/06/19/trailer-fire-in-heber-prompts-large-response,A powerful search engine that organizes and provides access to vast information on the internet.,KYMA,,2026-06-20T12:03:46.635134+00:00,0,False,0.0,,none,False,none,,headless,True
46cf5822a6b7,https://kyma.com/dsw-living/data-centers/2026/06/19/data-center-developer-sues-iid-for-refusing-water-service-in-imperial-county,Data center developer sues IID for refusing water service in Imperial County,KYMA,,2026-06-20T12:03:50.776305+00:00,6,False,0.1,,none,False,city,,headless,True
bdf925b00132,https://www.ivpressonline.com/news/hazardous-dust-storm-plagues-imperial-valley-aqi-spikes-to-critical-levels-in-brawley-and-westmorland/article_c80e4eeb-11a3-48a7-a851-53745613c049.html,"EL CENTRO — A severe spike in airborne particulate matter choked portions of the Imperial Valley on Wednesday evening, sending air quality indexes into the “Hazardous” range and triggering urgent publ",IV Press,,2026-06-20T12:05:51.842458+00:00,6,False,0.1,,none,False,city,,headless,True
e59ad9f49342,https://www.ivpressonline.com/news/california-gas-tax-set-to-hit-nation-high-63-4-cents-in-july-renewing-capitol/article_2c3decdd-b654-49ae-a0ce-d703242e1b62.html,"SACRAMENTO — California’s gasoline tax will increase to 63.4 cents per gallon on July 1, cementing its status as the highest in the United States and reigniting a fierce debate over the state's soarin",IV Press,,2026-06-20T12:05:55.951807+00:00,0,False,0.0,,none,False,none,,headless,True
37a1ea6cd250,https://www.ivpressonline.com/news/imperial-county-board-rejects-ridiculous-1-000-monthly-bid-for-old-ricochet-building/article_84817ad0-8dd1-46c2-a8d3-dc09179b7432.html,"EL CENTRO — The Imperial County Board of Supervisors held a public hearing during its regular meeting on Tuesday, June 16, where it rejected the sole bid on the lease of the old Ricochet building loca",IV Press,,2026-06-20T12:06:00.179338+00:00,6,False,0.1,,none,False,city,,headless,True
bf30396b1162,https://www.ivpressonline.com/news/calexico-school-district-seeks-public-input-on-finalists-for-elementary-school-renaming/article_02e2bb78-3162-45f0-90cb-795cd0a18525.html,"CALEXICO — The Calexico Unified School District is turning to the public to help decide the future identity of Cesar Chavez Elementary School, narrowing down a community-wide renaming process to two d",IV Press,,2026-06-20T12:06:04.291733+00:00,3,False,0.05,,none,False,city,,headless,True
f5d59b136067,https://www.ivpressonline.com/news/usps-reports-over-5-200-dog-attacks-on-mail-carriers/article_9a4ea7d3-91f9-4bed-b435-ed5b733ff380.html,"WASHINGTON, D.C. — Seeking to protect its workforce from a growing safety hazard, the U.S. Postal Service announced that more than 5,200 postal employees were attacked by dogs last year. The disclosur",IV Press,,2026-06-20T12:06:08.523215+00:00,0,False,0.0,,none,False,none,,headless,True
f4bc2ab6edde,https://www.ivpressonline.com/news/congressman-urges-federal-review-of-controversial-mojave-desert-groundwater-project/article_7cc66d9d-0ae8-49c5-9268-765efe4539bd.html,"WASHINGTON, D.C. — U.S. Rep. Raul Ruiz called on the federal government Wednesday to launch a rigorous environmental and historic review of a controversial proposal to pump billions of gallons of grou",IV Press,,2026-06-20T12:06:12.632087+00:00,0,False,0.0,,none,False,none,,headless,True
152ecd60f035,https://kyma.com/weather/local-forecast/2026/06/21/tracking-a-comfortable-fathers-day-temperature-increase-into-work-week,A powerful search engine that organizes and provides access to vast information on the internet.,KYMA,,2026-06-22T15:28:31.750585+00:00,0,False,0.0,,none,False,none,,headless,True
9b166a3e5cd4,https://kyma.com/decision-politics/local-politics/2026/06/22/brawley-drops-moratorium-unanimously-passes-strict-new-infrastructure-regulations,"Brawley drops moratorium, unanimously passes strict new infrastructure regulations",KYMA,,2026-06-23T12:38:22.864936+00:00,6,False,0.1,,none,False,city,,headless,True
4ac1db865447,https://kyma.com/news/imperial-county/2026/06/22/los-lobos-and-los-lonely-boys-to-perform-at-quechan-casino-resort,A powerful search engine that organizes and provides access to vast information on the internet.,KYMA,,2026-06-23T12:38:31.927456+00:00,0,False,0.0,,none,False,none,,headless,True
4af7fcc57be6,https://kyma.com/news/top-stories/2026/06/22/tracking-extreme-heat-moving-in-this-week,Tracking extreme heat moving in this week,KYMA,,2026-06-23T12:39:57.959498+00:00,28,True,0.467,extreme heat|dangerous heat|heat wave,warning,False,city,,headless,True
5951d57f2ba4,https://www.ivpressonline.com/news/supervisors-greenlight-3-year-behavioral-health-plan-for-imperial-county/article_3896ca4a-9191-4264-9bc9-2d0d64cca687.html,"EL CENTRO — The Imperial County Board of Supervisors approved the submission of the Imperial County Behavioral Health Services (BHS) Integrated Plan on Tuesday, June 16, to the California Department o",IV Press,,2026-06-23T12:41:53.627153+00:00,6,False,0.1,,none,False,city,,headless,True
8464c214c02f,https://www.ivpressonline.com/news/understaffed-and-overburdened-imperial-county-retirement-board-pushes-new-hiring-plan/article_09d81bd4-95f3-4699-b210-daae263020cd.html,"EL CENTRO — The Imperial County Employees’ Retirement System (ICERS) Board approved staff mitigation measures on Wednesday, June 17, following the recent resignation of its retirement financial office",IV Press,,2026-06-23T12:41:57.726103+00:00,6,False,0.1,,none,False,city,,headless,True
14e41f1da87a,https://www.ivpressonline.com/news/cops-briefs-man-arrested-on-severe-child-abuse-suspicions/article_1b39845b-e0bb-4e8d-b892-cb4abdbca6be.html,BRAWLEY,IV Press,,2026-06-23T12:42:01.889417+00:00,19,True,0.317,,none,True,city,,headless,True
747566332b97,https://www.ivpressonline.com/news/dippy-duck-celebrates-six-decades-of-water-safety-promotion/article_347434f2-36f1-487e-8bcd-ff71bf2aeaa9.html,Beloved IID mascot marks six decades of educating generations of children and families about canal safety,IV Press,,2026-06-23T12:42:05.989058+00:00,6,False,0.1,,none,False,city,,headless,True
689deb5f6337,https://www.ivpressonline.com/news/imperial-county-unveils-2026-27-budget-blueprint-facing-infrastructure-strains-and-legislative-battles/article_c345196f-d7c5-4a86-91c2-6eef5dd15c9d.html,"EL CENTRO — Amid lingering infrastructure emergencies and high-stakes legal and legislative battles, the Imperial County Board of Supervisors is set to review its fiscal roadmap for the coming year.",IV Press,,2026-06-23T12:42:10.124614+00:00,6,False,0.1,,none,False,city,,headless,True
082d56a15e85,https://www.ivpressonline.com/news/ecpd-partner-with-state-to-offer-free-alcohol-and-drug-training-for-local-businesses/article_8cad260e-9eef-4bcd-a797-d0aee04c9388.html,"EL CENTRO — The El Centro Police Department is teaming up with the California Department of Alcoholic Beverage Control (ABC) to provide free, voluntary online training aimed at preventing illegal alco",IV Press,,2026-06-23T12:42:14.215595+00:00,6,False,0.1,,none,False,city,,headless,True
2ec0ffb24a18,https://kyma.com/decision-politics/local-politics/2026/06/23/imperial-county-board-of-supervisors-vote-on-opposing-air-district-overhaul-bill,Imperial County Board of Supervisors vote on opposing Air District overhaul bill,KYMA,,2026-06-24T12:23:51.190996+00:00,6,False,0.1,,none,False,city,,headless,True
85d9157353eb,https://www.ivpressonline.com/news/cops-briefs-mechanic-detained-on-felony-bench-warrant/article_9c898439-1372-4cb2-9abc-3c9ab6598488.html,YUMA COUNTY,IV Press,,2026-06-24T12:26:48.970142+00:00,16,True,0.267,,none,True,city,,headless,True
4210ad308598,https://www.ivpressonline.com/news/mexicali-briefs-mexicali-goalkeeper-to-deliver-match-ball-at-world-cup-in-mexico-city/article_734bd8fc-a0d8-4d97-82af-ad2105f53a10.html,SPORTS,IV Press,,2026-06-24T12:26:53.435801+00:00,10,False,0.167,,none,True,none,,headless,True
2aaf6331a7ea,https://www.ivpressonline.com/news/senator-steve-padilla-visits-valley-seeks-support-for-legislation/article_807b405d-a075-409a-8d75-da8cacbc6671.html,"EL CENTRO — State Senator Steve Padilla held an informational town hall meeting on Thursday, June 18, at the El Centro Community Center to discuss his upcoming legislative bills, including a couple of",IV Press,,2026-06-24T12:26:57.855825+00:00,6,False,0.1,,none,False,city,,headless,True
f4b681036fdd,https://www.ivpressonline.com/news/sure-helpline-marks-milestone-in-leadership/article_f3822ecc-eeae-4148-a952-199c7dddd3db.html,"EL CENTRO — The Sure Helpline Center recently held a community leadership introduction and information meeting on Wednesday, June 17, at the Fraternal Order of Eagles Lodge in El Centro.",IV Press,,2026-06-24T12:27:02.291958+00:00,6,False,0.1,,none,False,city,,headless,True
10e7403af1d4,https://www.ivpressonline.com/news/california-lawmakers-push-for-transparency-after-highway-tragedy/article_c71e0a2e-bf79-4f09-85d1-331c7216cd14.html,"SACRAMENTO — Following a local tragedy that galvanized a rural community, bipartisan efforts to overhaul how California reviews rural highway safety are gaining momentum in the State Capitol.",IV Press,,2026-06-24T12:27:06.701742+00:00,3,False,0.05,,none,False,none,,headless,True
fbf5c0e12e41,https://www.ivpressonline.com/news/foundation-awards-351-075-to-shield-imperial-county-families-from-homelessness-and-violence/article_46b8c4c8-b153-4576-888b-58fa087ebbf1.html,"ORANGE COUNTY, Calif. — In an effort to protect vulnerable families and children facing housing instability, the Sisters of St. Joseph Healthcare Foundation has announced $351,075 in grant awards for ",IV Press,,2026-06-24T12:27:11.118331+00:00,6,False,0.1,,none,False,city,,headless,True
12d0c772751c,https://kyma.com/news/top-stories/2026/06/24/officials-urge-immediate-safety-measures-amid-extreme-heat,Officials urge immediate safety measures amid extreme heat,KYMA,,2026-06-25T12:27:25.753359+00:00,81,True,1.0,heat stroke|heat exhaustion|heat illness|extreme heat|cooling center,death,False,city,,headless,True
e1f4ff1bec48,https://www.ivpressonline.com/news/westmorland-prepares-to-bury-history-for-america-s-250th-birthday/article_73d2cfb0-9572-4842-ac77-cc7e2d0c1510.html,"WESTMORLAND — For nearly a century, the small desert community of Westmorland has stood as “The Gateway City” to California’s Imperial Valley. Now, as the United States prepares to mark its historic s",IV Press,,2026-06-25T12:30:14.803743+00:00,6,False,0.1,,none,False,city,,headless,True
150051c487f0,https://www.ivpressonline.com/news/imperial-county-democratic-party-reelects-leadership-approves-new-youth-chapter/article_08204e77-3314-4ae8-bc1d-feb629988332.html,"EL CENTRO — The Imperial County Democratic Central Committee has solidified its leadership for the upcoming term, reelecting its core executive board while greenlighting a highly anticipated youth org",IV Press,,2026-06-25T12:30:18.923553+00:00,6,False,0.1,,none,False,city,,headless,True
735486140b01,https://www.ivpressonline.com/news/alzheimers-town-hall-brings-awareness-to-community/article_4f619a27-4343-4c72-885d-27d9d8ce691f.html,"EL CENTRO — An informational town hall meeting was held this past Thursday afternoon, June 18, at the Alzheimer’s Resource Center in downtown El Centro, designed to inform and educate the public about",IV Press,,2026-06-25T12:30:23.045479+00:00,6,False,0.1,,none,False,city,,headless,True
4066d036b340,https://www.ivpressonline.com/news/imperial-county-auditor-controller-granted-court-appointed-independent-counsel-in-dispute-with-supervisors/article_7ac47ced-3a34-4867-adda-625684675886.html,EL CENTRO — Imperial County’s legal battle over institutional representation is heating up as Auditor-Controller Karina B. Alvarez moves to secure independent legal counsel. According to recently file,IV Press,,2026-06-25T12:30:27.181701+00:00,6,False,0.1,,none,False,city,,headless,True
696cabbac26e,https://www.ivpressonline.com/news/cops-briefs-man-arrested-on-theft-probation-violation-allegations/article_18fa145a-d163-4d90-9c01-31433cdcbd63.html,CALEXICO,IV Press,,2026-06-25T12:30:31.408443+00:00,16,True,0.267,,none,True,city,,headless,True
9920dd996c1d,https://www.ivpressonline.com/news/supervisors-approve-797-3-million-budget/article_94ff56cb-1d45-4da6-87da-67f291643b85.html,"EL CENTRO — The Imperial County Board of Supervisors approved the recommended budget for the 2026-2027 fiscal year on Tuesday, June 23, and it will move forward with formal budget hearings beginning o",IV Press,,2026-06-25T12:30:35.520371+00:00,6,False,0.1,,none,False,city,,headless,True
082b67868956,https://kyma.com/news/imperial-county/2026/06/25/great-community-fair-happening-in-calipatria-this-weekend,A powerful search engine that organizes and provides access to vast information on the internet.,KYMA,,2026-06-26T12:16:33.862357+00:00,0,False,0.0,,none,False,none,,headless,True
6ea4efa8db17,https://kyma.com/news/imperial-county/2026/06/25/hydration-stations-bring-niland-relief,A powerful search engine that organizes and provides access to vast information on the internet.,KYMA,,2026-06-26T12:16:43.382411+00:00,0,False,0.0,,none,False,none,,headless,True
c397c3ed0b71,https://kyma.com/decision-politics/local-politics/2026/06/25/imperial-county-backs-state-bill-to-strip-tax-exemptions-from-private-detention-centers,Imperial County backs state bill to strip tax exemptions from private detention centers,KYMA,,2026-06-26T12:16:48.082727+00:00,6,False,0.1,,none,False,city,,headless,True
f32bd56c6f2d,https://kyma.com/news/imperial-county/2026/06/25/salton-city-murder-suspects-back-in-court,A powerful search engine that organizes and provides access to vast information on the internet.,KYMA,,2026-06-26T12:16:52.701231+00:00,0,False,0.0,,none,False,none,,headless,True
c66bfe353a1d,https://kyma.com/news/imperial-county/2026/06/25/city-of-calexico-to-host-family-night-at-the-pool-dive-in-movie-night,A powerful search engine that organizes and provides access to vast information on the internet.,KYMA,,2026-06-26T12:16:56.833204+00:00,0,False,0.0,,none,False,none,,headless,True
6bc9f4b06567,https://kyma.com/education/imperial-education/2026/06/25/elementary-school-named-after-cesar-chavez-to-be-renamed,A powerful search engine that organizes and provides access to vast information on the internet.,KYMA,,2026-06-26T12:17:01.022053+00:00,0,False,0.0,,none,False,none,,headless,True
ef3b9fb15c92,https://www.ivpressonline.com/news/icso-chief-deputy-graduates-from-elite-fbi-national-academy/article_13f2ac17-b95e-44e1-b6d9-175842376155.html,"EL CENTRO – Imperial County Sheriff’s Office Chief Deputy Murad Masad has graduated from the prestigious FBI National Academy in Quantico, Virginia, joining an elite tier of global law enforcement lea",IV Press,,2026-06-26T12:19:29.654069+00:00,6,False,0.1,,none,False,city,,headless,True
789ac0a52d11,https://www.ivpressonline.com/news/congressman-demands-trump-sign-housing-bill/article_8cad4dec-51be-4d79-a7ed-2eb55e4de6e6.html,"WASHINGTON, D.C. – Rep. Raul Ruiz (D-Palm Desert) issued a sharp rebuke of President Donald Trump on Wednesday, demanding the immediate signing of a major bipartisan housing bill after the administrat",IV Press,,2026-06-26T12:19:34.045260+00:00,0,False,0.0,,none,False,none,,headless,True
73372213dd0f,https://www.ivpressonline.com/news/imperial-county-board-approves-gradual-sewer-rate-increase-for-cady-poe-colonia/article_632322f9-3294-4978-a74d-e9627560370f.html,"EL CENTRO – The Imperial County Board of Supervisors held a public hearing on Tuesday, June 23, where it voted to approve a sewer rate increase for the Cady Poe Colonia County Service Area (CSA) to be",IV Press,,2026-06-26T12:19:38.438643+00:00,6,False,0.1,,none,False,city,,headless,True
5138b531b61c,https://www.ivpressonline.com/news/california-bill-expanding-property-tax-relief-for-disabled-veterans-clears-senate-committee/article_b793277b-7a6c-4666-bcbb-39fb3a600e79.html,"SACRAMENTO – Legislation aimed at easing the financial burden on California’s disabled veterans and their surviving spouses took a significant step forward Wednesday, clearing a key legislative hurdle",IV Press,,2026-06-26T12:19:42.831369+00:00,0,False,0.0,,none,False,none,,headless,True
561e22e8634d,https://www.ivpressonline.com/news/bipartisan-senate-bill-aims-to-cut-red-tape-for-organic-farmers/article_95d25143-ebc8-4ad3-83d9-f211212f559b.html,"WASHINGTON – In a rare moment of bipartisan alignment on agricultural policy, U.S. Senators Adam Schiff, D-Calif., and Dave McCormick, R-Pa., introduced legislation Thursday aimed at breaking down bur",IV Press,,2026-06-26T12:19:47.222105+00:00,0,False,0.0,,none,False,none,,headless,True
4c40ba8a51c6,https://www.ivpressonline.com/news/calexico-to-celebrate-4th-of-july-with-dive-in-movie-night-at-city-pool/article_4fe2b8ea-0c4d-42be-a1cb-e8dcfcbb1519.html,"CALEXICO – The Calexico Recreation Department is inviting local families to beat the summer heat and celebrate Independence Day with a splash at its upcoming “Family Night @ the Pool” on Saturday, Jul",IV Press,,2026-06-26T12:19:51.614265+00:00,3,False,0.05,,none,False,city,,headless,True
f1f42663985a,https://kyma.com/news/imperial-county/2026/06/26/kiwanis-club-of-el-centro-celebrates-100-years-of-community-impact,A powerful search engine that organizes and provides access to vast information on the internet.,KYMA,,2026-06-27T11:41:02.868304+00:00,0,False,0.0,,none,False,none,,headless,True
e9bc60b9a779,https://kyma.com/news/imperial-county/2026/06/26/options-for-all-expands-hands-on-job-training,A powerful search engine that organizes and provides access to vast information on the internet.,KYMA,,2026-06-27T11:41:12.081681+00:00,0,False,0.0,,none,False,none,,headless,True
09a387cb9faf,https://kyma.com/education/imperial-education/2026/06/26/calexico-school-board-renames-cesar-chavez-elementary-school,A powerful search engine that organizes and provides access to vast information on the internet.,KYMA,,2026-06-27T11:41:16.716827+00:00,0,False,0.0,,none,False,none,,headless,True
b51ad4ae8695,https://kyma.com/news/imperial-county/2026/06/26/car-shooting-investigation-in-calexico-continues,A powerful search engine that organizes and provides access to vast information on the internet.,KYMA,,2026-06-27T11:41:21.254599+00:00,0,False,0.0,,none,False,none,,headless,True
d18d338d13f3,https://www.ivpressonline.com/news/ivedc-sounds-alarm-over-proposed-loss-of-direct-lax-flights/article_ee57d579-2109-45b8-9132-caf41898e369.html,"IMPERIAL — A quiet battle over the future of the Imperial Valley’s skies has taken off, with local business leaders warning that a recommended change in commercial air carriers could sever the region’",IV Press,,2026-06-27T11:43:58.690417+00:00,6,False,0.1,,none,False,city,,headless,True
15aaf4ab603c,https://www.ivpressonline.com/news/supervisors-approve-letter-supporting-sb-420-to-tighten-detention-facility-tax-rules/article_d6490716-2932-4a91-a5ff-978435acaf64.html,"EL CENTRO — The Imperial County Board of Supervisors approved a letter of support for Senate Bill (SB) 420 on Tuesday, June 23, as requested by Chairwoman Peggy Price regarding property tax welfare ex",IV Press,,2026-06-27T11:44:03.095808+00:00,6,False,0.1,,none,False,city,,headless,True
be6635105c45,https://www.ivpressonline.com/news/auditor-controllers-office-faces-impending-deadlines-with-limited-staffing/article_3520860a-87e6-4eee-8786-eed06dc0e673.html,"EL CENTRO — The Imperial County Board of Supervisors failed to approve an additional compensation stipend on Tuesday, June 23, for the currently vacant position of the interim assistant auditor-contro",IV Press,,2026-06-27T11:44:07.433237+00:00,6,False,0.1,,none,False,city,,headless,True
64bde8079682,https://www.ivpressonline.com/news/assemblyman-s-bills-advance-in-state-senate/article_72ee00bf-b5f1-428f-adf9-1ecca8a83ce5.html,"SACRAMENTO — Four bills aimed at veterans, rural tourism, youth caregivers, and clean energy production cleared a major legislative hurdle this week, advancing through the California State Senate.",IV Press,,2026-06-27T11:44:11.800661+00:00,6,False,0.1,,none,False,city,,headless,True
452fbeec2001,https://www.ivpressonline.com/featured/ccv-and-the-becoming-project-to-host-free-community-fair/article_8649177c-f42d-48da-8ef3-1b5656dabc23.html,"CALIPATRIA — Comite Civico del Valle, Inc. and The Becoming Project are proud to announce the upcoming Great Community Fair (Gran Feria Comunitaria), a completely free event dedicated to supporting, e",IV Press,,2026-06-27T11:44:16.219818+00:00,8,False,0.133,extreme heat,illness,False,city,,headless,True
70a016eb7b55,https://www.ivpressonline.com/news/miracosta-college-names-lennor-johnson-as-first-black-superintendent-president/article_a3dff732-75d0-4728-aac7-288640fb43c3.html,"OCEANSIDE, Calif. — The MiraCosta Community College District Board of Trustees has unanimously approved the contract of Dr. Lennor M. Johnson to serve as the institution’s next superintendent/presiden",IV Press,,2026-06-27T11:44:20.617237+00:00,6,False,0.1,,none,False,city,,headless,True
6298ee3ee77a,https://www.ivpressonline.com/news/cops-briefs-calexico-police-arrest-driver-on-felony-dui-with-injuries-allegations/article_85095d68-ba7f-4ab0-b487-d948e86872fb.html,CALEXICO,IV Press,,2026-06-28T11:53:47.875925+00:00,19,True,0.317,,none,True,city,,headless,True
4d15434d7604,https://www.ivpressonline.com/news/early-care-and-education-prioritized-throughout-county/article_10a637fa-58a4-4e63-88d0-964297750650.html,"EL CENTRO — The Imperial County Board of Supervisors approved the Imperial County Early Care & Education Planning Council’s (LPC) Local Planning Council County Priorities Report Form on Tuesday, June ",IV Press,,2026-06-28T11:53:52.274073+00:00,6,False,0.1,,none,False,city,,headless,True
fbe821c9de2f,https://www.ivpressonline.com/news/mexicali-briefs-teen-arrested-after-alleged-home-invasion-knife-attack/article_97c077b8-8c60-4524-a3c3-347dca66b92d.html,LAW ENFORCEMENT,IV Press,,2026-06-28T11:53:56.673595+00:00,0,False,0.0,,none,False,none,,headless,True
561a44727fed,https://kyma.com/news/imperial-county/2026/06/29/37-migrants-detained-in-human-smuggling-bust-in-westmorland,A powerful search engine that organizes and provides access to vast information on the internet.,KYMA,,2026-06-30T12:15:21.487406+00:00,0,False,0.0,,none,False,none,,headless,True
d324f2afe199,https://kyma.com/news/imperial-county/2026/06/29/westmorland-set-to-seal-time-capsule-for-50-years,A powerful search engine that organizes and provides access to vast information on the internet.,KYMA,,2026-06-30T12:15:30.285255+00:00,0,False,0.0,,none,False,none,,headless,True
17c153c8f5f6,https://kyma.com/lifestyle/community/2026/06/29/comite-civico-del-valle-and-the-becoming-project-host-community-resource-fair,Comite Civico del Valle and the Becoming Project host Community Resource Fair,KYMA,,2026-06-30T12:15:34.812875+00:00,11,False,0.183,extreme heat,illness,False,city,,headless,True
82f33a521709,https://kyma.com/decision-politics/local-politics/2026/06/29/no-relief-at-the-pump-california-gas-tax-to-hit-nation-high-63-cents-on-july-1,No relief at the pump: California gas tax to hit nation-high 63 cents on July 1,KYMA,,2026-06-30T12:15:39.302985+00:00,9,False,0.15,,none,False,city,,headless,True
a68d526fd023,https://www.ivpressonline.com/news/imperial-police-secure-792k-state-grant-to-fund-first-dedicated-elementary-school-resource-officer/article_6df097d3-c311-4238-b7a2-8b9020d12983.html,"IMPERIAL — The Imperial Police Department will receive nearly $800,000 in state grant funding to station a full-time school resource officer across the city’s three elementary schools, aiming to curb ",IV Press,,2026-06-30T12:18:18.252543+00:00,3,False,0.05,,none,False,city,,headless,True
5fc1a4cf106c,https://www.ivpressonline.com/news/el-centros-imperial-avenue-complete-streets-plan-receives-transportation-planning-award-of-merit/article_c209bf93-7095-43ad-b8b3-8e837483a635.html,"EL CENTRO — The City of El Centro's Imperial Avenue Complete Streets Plan has received a Transportation Planning Award of Merit from the San Diego Section of the American Planning Association (APA), r",IV Press,,2026-06-30T12:18:22.673031+00:00,6,False,0.1,,none,False,city,,headless,True
708a2b17f166,https://www.ivpressonline.com/news/imperial-county-chief-deputy-among-southern-california-leaders-graduating-from-elite-fbi-academy/article_38b16eea-f605-464b-a902-e8d0505eb80d.html,SAN DIEGO — Imperial County Sheriff’s Office Chief Deputy Murad Masad was among a select group of Southern California law enforcement leaders honored by federal officials following their graduation fr,IV Press,,2026-06-30T12:18:27.073125+00:00,6,False,0.1,,none,False,city,,headless,True
629889cab080,https://www.ivpressonline.com/news/122-border-cases-filed-in-san-diego-area-highlight-intensifying-strain-on-federal-courts/article_5ba9abc3-66b7-4f94-b047-51d3ff577115.html,"SAN DIEGO — Federal prosecutors in Southern California filed 122 border-related cases last week, a surge that underscores the relentless pressure on one of the nation’s busiest judicial districts as i",IV Press,,2026-06-30T12:18:31.473920+00:00,3,False,0.05,,none,False,city,,headless,True
f42be33b6f22,https://www.ivpressonline.com/news/over-two-dozen-immigrants-found-hidden-in-vehicles/article_5eba2ff2-4324-4acd-b432-a2e1db1690fc.html,WESTMORLAND - Border Patrol agents in the El Centro Sector disrupted two separate smuggling events here on Monday. The agency announced agents stopped a Chevy Tahoe carrying seven illegal aliens and u,IV Press,,2026-06-30T12:18:35.894779+00:00,6,False,0.1,,none,False,city,,headless,True
df985c97c4a3,https://www.ivpressonline.com/news/mana-de-imperial-valley-calls-for-nominations-to-honor-trailblazing-latinas-and-fund-youth-scholarships/article_a55252bd-5805-4f4c-bf9a-ec321091e905.html,IMPERIAL VALLEY — A local advocacy group is inviting the community to shine a spotlight on exceptional Latina leaders who are breaking barriers and uplifting others across the region and its binationa,IV Press,,2026-06-30T12:18:40.290519+00:00,6,False,0.1,,none,False,city,,headless,True
1441367570dc,https://kyma.com/news/imperial-county/2026/06/30/new-hispanic-chamber-of-commerce-set-to-launch-in-imperial-county,New Hispanic Chamber of Commerce set to launch in Imperial County,KYMA,,2026-07-01T12:39:10.776073+00:00,6,False,0.1,,none,False,city,,headless,True
9a9aa71927bf,https://kyma.com/decision-politics/2026/06/30/imperial-county-releases-primary-election-results,A powerful search engine that organizes and provides access to vast information on the internet.,KYMA,,2026-07-01T12:39:20.375173+00:00,0,False,0.0,,none,False,none,,headless,True
6ec6b761c070,https://kyma.com/news/imperial-county/2026/06/29/34-migrants-detained-in-human-smuggling-bust-in-westmorland,A powerful search engine that organizes and provides access to vast information on the internet.,KYMA,,2026-07-01T12:39:24.824303+00:00,0,False,0.0,,none,False,none,,headless,True
548fe7699bb4,https://www.ivpressonline.com/news/cops-briefs-brawley-police-apprehend-robbery-and-terrorist-threats-suspect/article_4db469cb-521d-4032-83ad-015c0f28b2f6.html,BRAWLEY,IV Press,,2026-07-01T12:42:07.811554+00:00,19,True,0.317,,none,True,city,,headless,True
13f2c7eabc51,https://www.ivpressonline.com/news/comit-c-vico-del-valle-and-the-becoming-project-host-community-resource-fair/article_44c9e50b-d5f7-4669-b4fe-c1fe4bf90b2d.html,"The free event connected Imperial Valley residents with state agencies to learn about workers' rights, air quality, and community resources",IV Press,,2026-07-01T12:42:12.221907+00:00,21,True,0.35,extreme heat,illness,True,city,,headless,True
d3367dbd145c,https://www.ivpressonline.com/news/salvation-mountain-marks-40-years-in-the-california-desert-with-new-call-for-volunteers-paint/article_4b0c9fcb-b4c9-418d-8913-293ac1703c89.html,"NILAND — Rising vividly from the stark Colorado Desert landscape, Salvation Mountain has stood for four decades as a towering testament to faith, community, and visionary folk art. As the iconic site ",IV Press,,2026-07-01T12:42:16.628782+00:00,6,False,0.1,,none,False,city,,headless,True
3029d8b48323,https://www.ivpressonline.com/news/imperial-county-sheriff-s-office-launches-new-smartphone-app/article_7d52df1f-bbb0-4384-bd0e-017802ae6962.html,"IMPERIAL COUNTY - The Imperial County Sheriff’s Office announced the launch of its new smartphone application, providing residents, visitors, and community members with a convenient and accessible way",IV Press,,2026-07-01T12:42:21.086179+00:00,6,False,0.1,,none,False,city,,headless,True
416601b93d86,https://www.ivpressonline.com/news/imperial-county-sheriff-s-office-launches-mobile-app-to-boost-community-connection-and-transparency/article_42401d48-630f-4914-8304-229831b41d3c.html,"EL CENTRO — In an effort to modernize public safety communications and meet residents where they spend most of their time, the Imperial County Sheriff’s Office has launched a new smartphone applicatio",IV Press,,2026-07-01T12:42:25.498605+00:00,6,False,0.1,,none,False,city,,headless,True
204a8319972e,https://www.ivpressonline.com/news/imperial-county-auditor-controller-secures-independent-counsel-in-dispute-with-county/article_cbcb97dd-c6ab-4097-8ccd-db08ae42876b.html,"Court finds conflict between Auditor-Controller’s Office and Imperial County, allowing Karina B. Alvarez to retain independent legal representation",IV Press,,2026-07-01T12:42:29.888117+00:00,6,False,0.1,,none,False,city,,headless,True
60b8893d234c,https://kyma.com/news/imperial-county/2026/07/01/know-the-law-imperial-valley-fireworks-restrictions-for-the-fourth-of-july,Different sparks: How fireworks rules vary across Imperial County,KYMA,,2026-07-02T12:13:38.346874+00:00,6,False,0.1,,none,False,city,,headless,True
db654e2179b7,https://kyma.com/2026/07,Mexico fans gather at local restaurant for Round of 32 match versus Ecuador,KYMA,,2026-07-02T12:13:43.427335+00:00,11,False,0.183,extreme heat,illness,False,city,,headless,True
88e2b35e0063,https://www.ivpressonline.com/news/california-lawmaker-slams-budget-bill-saying-medi-cal-cuts-target-vulnerable-seniors-and-disabled/article_b390d5b6-7f41-4abb-b176-82e4fe960a08.html,article b390d5b6 7f41 4abb b176 82e4fe960a08.html,IV Press,,2026-07-02T12:16:39.635337+00:00,0,False,0.0,,none,False,none,,headless,False
a209010eeb1f,https://www.ivpressonline.com/news/cops-briefs-laborer-faces-multiple-firearm-violations/article_5822e318-a73f-48a2-b179-95361a768d25.html,article 5822e318 a73f 48a2 b179 95361a768d25.html,IV Press,,2026-07-02T12:16:43.786741+00:00,0,False,0.0,,none,False,none,,headless,False
1071f684e9f4,https://www.ivpressonline.com/news/mexicali-briefs-thousands-gather-at-benito-ju-rez-monument-to-celebrate-mexican-national-team-victory/article_b572184b-5159-485c-bce4-6ded01366cec.html,COMMUNITY,IV Press,,2026-07-02T12:16:48.078380+00:00,3,False,0.05,,none,False,none,,headless,True
7f52c8148e61,https://www.ivpressonline.com/news/imperial-valley-regional-chamber-of-commerce-announces-new-members-to-board/article_d1625964-d837-4f4c-8647-0c14775540bd.html,"IMPERIAL VALLEY - The Imperial Valley Regional Chamber of Commerce is pleased to announce the appointment of Shirley Escobedo, Jaysel Mendoza Mora, and Tara Malcomb to its Board of Directors. Each wil",IV Press,,2026-07-02T12:16:52.345909+00:00,6,False,0.1,,none,False,city,,headless,True
e484080ce551,https://www.ivpressonline.com/news/bipartisan-bill-aims-to-ease-inspection-burdens-on-small-organic-farmers/article_9fe8ef28-e8d6-4e47-9bbf-5c5e8fa5fb95.html,"WASHINGTON, D.C. — Lawmakers from across the political aisle introduced legislation Friday aimed at modernizing federal oversight of the organic food industry, attempting to reverse a multi-year decli",IV Press,,2026-07-02T12:16:56.632878+00:00,0,False,0.0,,none,False,none,,headless,True
8eb862da16a7,https://www.ivpressonline.com/news/chp-launches-holiday-crackdown-as-new-speed-enforcement-program-takes-aim-at-100-mph-drivers/article_8d3be069-e302-43ec-bd8d-d4ec695107d5.html,"SACRAMENTO — As millions of Californians prepare to hit the road for Independence Day celebrations, state law enforcement is issuing a stark reminder: slow down, or face immediate consequences that co",IV Press,,2026-07-02T12:17:00.894564+00:00,3,False,0.05,,none,False,none,,headless,True
68a9db6a8c4c,https://kyma.com/news/imperial-county/2026/07/02/heading-out-for-the-fourth-what-to-know-about-holiday-travel-safety,Heading out for the Fourth? What to know about holiday travel safety,KYMA,,2026-07-03T12:13:12.206660+00:00,6,False,0.1,,none,False,city,,headless,True
8c2e9bbaefa8,https://kyma.com/dsw-living/data-centers/2026/07/02/data-center-developer-and-activists-appear-in-court-for-civil-lawsuit-hearing,A powerful search engine that organizes and provides access to vast information on the internet.,KYMA,,2026-07-03T12:13:21.124919+00:00,0,False,0.0,,none,False,none,,headless,True
9a73a2cd2633,https://kyma.com/news/special-reports/2026/07/01/the-valleys-forgotten-what-happens-when-a-case-goes-cold,The Valley’s Forgotten: What happens when a case goes cold?,KYMA,,2026-07-03T12:13:25.626944+00:00,6,False,0.1,,none,False,city,,headless,True
7472c0045416,https://www.ivpressonline.com/news/imperial-valley-regional-chamber-of-commerce-and-calipatria-chamber-of-commerce-announce-organizational-integration/article_deeea2c3-e318-4b3e-85ad-ed3532fb1484.html,"IMPERIAL VALLEY — The Imperial Valley Regional Chamber of Commerce (IVRCC) is proud to announce a new partnership and organizational integration with the Calipatria Chamber of Commerce (CCC), marking ",IV Press,,2026-07-03T12:16:08.828667+00:00,6,False,0.1,,none,False,city,,headless,True
ff8e319721c0,https://www.ivpressonline.com/news/imperial-county-records-zero-hate-crimes-in-2025-as-california-reports-mixed-trends-statewide/article_597f9bae-da6f-426f-8bbb-5c26e2fc69ac.html,"EL CENTRO — While communities across California grappled with shifting trends in targeted violence, Imperial County reported a clean slate in the state's latest audit of bias-motivated incidents, reco",IV Press,,2026-07-03T12:16:13.009705+00:00,6,False,0.1,,none,False,city,,headless,True
3c881b3bc803,https://www.ivpressonline.com/news/southwests-purple-and-gold-pantry-recognized-with-award/article_4a704cc9-2ebf-43b6-8477-8fd67ac8b94f.html,"EL CENTRO - Southwest High School’s student-led Purple and Gold Pantry has been recognized as a recipient of the Sodexo Stop Hunger Challenge, a national initiative supported by the Sodexo Stop Hunger",IV Press,,2026-07-03T12:16:17.194815+00:00,6,False,0.1,,none,False,city,,headless,True
ac9ca18b3e3e,https://www.ivpressonline.com/news/iid-encourages-customers-to-update-contact-information-and-prepare-for-summer-storm-season/article_9eb7659a-6298-46d7-a14e-4c246bb61adc.html,"IMPERIAL – As summer storm season approaches, the Imperial Irrigation District (IID) is encouraging customers to prepare now for extreme weather that can bring high winds, lightning, heavy rain, local",IV Press,,2026-07-03T12:16:21.361769+00:00,6,False,0.1,,none,False,city,,headless,True
d68899b3dc1a,https://www.ivpressonline.com/news/bureau-of-reclamation-implements-immediate-fire-restrictions-across-southern-california/article_2497e0d5-4900-4cdb-8bd4-14a47d3b4643.html,"BOULDER CITY, Nev. — Rising summer temperatures, plunging humidity levels, and rapidly drying vegetation have prompted federal officials to implement immediate fire restrictions across Bureau of Recla",IV Press,,2026-07-03T12:16:25.579447+00:00,3,False,0.05,,none,False,city,,headless,True
5170c242880f,https://www.ivpressonline.com/news/rep-ruiz-blasts-trump-s-one-big-beautiful-bill-one-year-later-citing-sweeping-healthcare/article_05ca09d8-002e-4fbe-b2bf-5ea3b48fcee3.html,"WASHINGTON, D.C. — One year after President Donald Trump signed the sweeping Republican legislative package dubbed the “One Big Beautiful Bill” into law, Rep. Raul Ruiz, D-Calif., issued a scathing as",IV Press,,2026-07-03T12:16:29.743932+00:00,3,False,0.05,,none,False,city,,headless,True
f2099f8722a5,https://kyma.com/news/imperial-county/2026/07/03/donation-campaign-at-grocery-outlet-at-el-centro,A powerful search engine that organizes and provides access to vast information on the internet.,KYMA,,2026-07-04T11:38:52.668747+00:00,0,False,0.0,,none,False,none,,headless,True
25e83330c112,https://kyma.com/news/imperial-county/2026/07/03/iv-fairgrounds-brings-back-fourth-of-july-drone-show,IV Fairgrounds brings back Fourth of July drone show,KYMA,,2026-07-04T11:39:01.695003+00:00,6,False,0.1,,none,False,city,,headless,True
51f0c10e7379,https://kyma.com/news/imperial-county/2026/07/06/iid-urges-residents-to-prepare-ahead-of-summer-monsoon-storm-season,A powerful search engine that organizes and provides access to vast information on the internet.,KYMA,,2026-07-07T12:31:40.981251+00:00,0,False,0.0,,none,False,none,,headless,True
5e555552b82d,https://kyma.com/news/imperial-county/2026/07/06/new-initiative-launches-to-support-and-mentor-youth-in-imperial-county,New initiative launches to support and mentor youth in Imperial County,KYMA,,2026-07-07T12:31:50.361088+00:00,6,False,0.1,,none,False,city,,headless,True
63b88c4a00e6,https://kyma.com/news/imperial-county/2026/07/06/el-centro-opens-applications-for-veterans-memorial-wall,A powerful search engine that organizes and provides access to vast information on the internet.,KYMA,,2026-07-07T12:31:54.875833+00:00,0,False,0.0,,none,False,none,,headless,True
de310aa0a8ba,https://www.ivpressonline.com/news/dust-from-shrinking-salton-sea-penetrates-homes-fueling-respiratory-crisis-for-local-children-study-finds/article_e8748368-cc87-451b-91b1-d1b29c6c930e.html,"SALTON CITY — The dust storms rolling off the rapidly drying Salton Sea do not stop at the front door. For the families living along California’s largest inland lake, the fine sand forces its way thro",IV Press,,2026-07-07T12:34:33.838155+00:00,3,False,0.05,,none,False,city,,headless,True
5e458bec0b3d,https://www.ivpressonline.com/news/convicted-felon-faces-life-in-prison-after-23-minute-jury-deliberation-in-firearm-drug-case/article_1d2bd972-0352-4366-bc68-27009cfedb94.html,EL CENTRO — A man with a lengthy history of violent crime faces a potential life sentence after a local jury took less than a half-hour to convict him on multiple federal and state-related felony char,IV Press,,2026-07-07T12:34:37.991322+00:00,6,False,0.1,,none,False,city,,headless,True
940c49558ec0,https://www.ivpressonline.com/news/step-program-celebrates-its-first-class-of-entrepreneurs-with-disabilities/article_4db9834c-d237-422c-a72b-4b51d97da135.html,"EL CENTRO — In a region often defined by its economic challenges, a grassroots initiative in the Imperial Valley is redefining what entrepreneurship looks like—and who gets to participate.",IV Press,,2026-07-07T12:34:42.133040+00:00,6,False,0.1,,none,False,city,,headless,True
7ed460f2545f,https://www.ivpressonline.com/news/brawley-to-tighten-infrastructure-and-safety-codes/article_e67f9072-c157-443d-ad55-a9d4b10823f5.html,article e67f9072 c157 443d ad55 a9d4b10823f5.html,IV Press,,2026-07-07T12:34:46.180937+00:00,0,False,0.0,,none,False,none,,headless,False
af9d1b6d8640,https://www.ivpressonline.com/news/driver-arrested-bac-nearly-four-times-limit/article_66b4e87d-277b-4695-80e2-f515e942693e.html,EL CENTRO — A sharp-eyed citizen and quick-acting police officers likely prevented a holiday weekend tragedy Friday night after arresting a driver who was found with a blood-alcohol concentration near,IV Press,,2026-07-07T12:34:50.380188+00:00,6,False,0.1,,none,False,city,,headless,True
0a30c9b27d50,https://www.ivpressonline.com/news/brawley-pd-investigating-officer-s-conduct-after-social-media-video-surfaces/article_5372a58c-f578-4b79-843a-0b630cd9c00e.html,BRAWLEY — The Brawley Police Department has launched an internal investigation after a video circulating on social media raised questions about an officer's conduct during an interaction with a member,IV Press,,2026-07-07T12:34:54.581323+00:00,3,False,0.05,,none,False,city,,headless,True
71c6e3e36162,https://kyma.com/education/imperial-education/2026/07/07/ivc-president-accepts-job-at-mira-costa-college-in-san-diego,A powerful search engine that organizes and provides access to vast information on the internet.,KYMA,,2026-07-08T11:50:53.814493+00:00,0,False,0.0,,none,False,none,,headless,True
f1deb292b6d4,https://kyma.com/news/imperial-county/2026/07/07/imperial-valley-defies-california-trends-with-zero-reported-hate-crimes,Imperial Valley defies California trends with zero reported hate crimes,KYMA,,2026-07-08T11:51:02.613755+00:00,6,False,0.1,,none,False,city,,headless,True
aa39f1848706,https://kyma.com/dsw-living/data-centers/2026/07/07/community-members-hold-data-center-panel,A powerful search engine that organizes and provides access to vast information on the internet.,KYMA,,2026-07-08T11:51:07.160238+00:00,0,False,0.0,,none,False,none,,headless,True
586f24793ae6,https://kyma.com/news/top-stories/2026/07/09/imperial-county-reviews-environmental-review-rules,A powerful search engine that organizes and provides access to vast information on the internet.,KYMA,,2026-07-10T12:29:59.386227+00:00,0,False,0.0,,none,False,none,,headless,True
668691d6b344,https://kyma.com/news/imperial-county/2026/07/09/lithium-valley-in-jeopardy-labor-dispute-threatens-the-future-of-geothermal-power-and-lithium-extraction,Labor dispute threatens the future of geothermal power and lithium extraction,KYMA,,2026-07-10T12:30:08.086794+00:00,6,False,0.1,,none,False,city,,headless,True
5c6b169e4651,https://kyma.com/news/breaking-news/2026/07/09/firefighters-battle-four-alarm-fire-in-ocotillo,A powerful search engine that organizes and provides access to vast information on the internet.,KYMA,,2026-07-10T12:30:12.669128+00:00,0,False,0.0,,none,False,none,,headless,True
a29cbec34cb2,https://kyma.com/news/special-reports/2026/07/08/the-valleys-forgotten-the-families-still-waiting,The Valley’s Forgotten: The families still waiting,KYMA,,2026-07-10T12:30:17.231538+00:00,6,False,0.1,,none,False,city,,headless,True
6e2095919461,https://kyma.com/news/imperial-county/2026/07/08/video-shows-incident-between-brawley-police-officer-and-resident,Video shows incident between Brawley Police Officer and resident,KYMA,,2026-07-10T12:30:21.364400+00:00,3,False,0.05,,none,False,city,,headless,True
7b2030c1d4cf,https://kyma.com/news/imperial-county/2026/07/08/century-old-picacho-road-bridge-moves-one-step-closer-to-repair,A powerful search engine that organizes and provides access to vast information on the internet.,KYMA,,2026-07-10T12:30:25.518565+00:00,0,False,0.0,,none,False,none,,headless,True
cdefc07f9354,https://kyma.com/news/imperial-county/2026/07/08/brawley-murder-suspects-appear-in-court-together-following-extradition,Brawley murder suspects appear in court together following extradition,KYMA,,2026-07-10T12:30:30.096246+00:00,9,False,0.15,,none,False,city,,headless,True
08fcf51b89f7,https://www.ivpressonline.com/news/prison-staff-appreciated-at-bbq/article_e29aca63-e76f-40b7-bd44-f972ea59f1c0.html,"CALIPATRIA – Facing triple-digit desert heat, the leadership team at Calipatria State Prison traded their desk duties for grilling aprons on July 1 to serve up a massive midday barbecue honoring the i",IV Press,,2026-07-10T12:32:57.604882+00:00,6,False,0.1,,none,False,city,,headless,True
de6d3a879b7b,https://www.ivpressonline.com/news/as-e-bike-injuries-quadruple-in-riverside-county-health-officials-warn-of-dire-summer-risks/article_84022a14-d793-4a96-9fa0-367f152281b5.html,"RIVERSIDE – School is out, summer is in full swing, and communities across Southern California are seeing neighborhoods filled with young people on electric bicycles. But beneath the careening summer ",IV Press,,2026-07-10T12:33:01.825273+00:00,3,False,0.05,,none,False,none,,headless,True
a942404bdad8,https://www.ivpressonline.com/news/imperial-county-seeks-senior-advocate-to-fill-vacancy-on-aging-advisory-council/article_7fd2927d-6e3c-4ffa-9859-4193a7980cc5.html,EL CENTRO – Local officials are looking for a community leader to champion the needs of the region’s older adults and caregivers.,IV Press,,2026-07-10T12:33:06.058752+00:00,6,False,0.1,,none,False,city,,headless,True
6b7f9bf24a42,https://www.ivpressonline.com/news/ivc-seeks-new-president-superintendent/article_1f7e3843-5ce4-4f21-b6e7-6685cd4e7b2a.html,"IMPERIAL – Facing the departure of a leader who guided the institution to national prominence, the Imperial Community College District Board of Trustees met in a special session Tuesday evening to for",IV Press,,2026-07-10T12:33:10.267479+00:00,6,False,0.1,,none,False,city,,headless,True
97c59f75efb7,https://www.ivpressonline.com/news/county-oks-1-58m-to-extend-youth-work-and-training-programs/article_2deac054-7796-45ce-919a-2e5a09736de2.html,"EL CENTRO – The Imperial County Board of Supervisors approved a master agreement on Tuesday, July 7, ensuring funds for the Imperial Valley Regional Occupational Program (IVROP) and Imperial County Wo",IV Press,,2026-07-10T12:33:14.486604+00:00,6,False,0.1,,none,False,city,,headless,True
2e6aa2c545a6,https://www.ivpressonline.com/news/mexicali-briefs-state-electoral-board-launches-vot-polis-board-game-to-teach-kids-democracy/article_95a1889c-f7a2-4c16-bae2-2113c84191bb.html,ELECTIONS,IV Press,,2026-07-10T12:33:18.696319+00:00,3,False,0.05,,none,False,none,,headless,True
b24fd3a7f05b,https://kyma.com/education/imperial-education/2026/07/10/heber-elementary-school-district-named-one-of-only-seven-in-california-to-receive-2026-lead-award,A powerful search engine that organizes and provides access to vast information on the internet.,KYMA,,2026-07-11T11:11:35.762173+00:00,0,False,0.0,,none,False,none,,headless,True
201986ca2cbf,https://kyma.com/news/imperial-county/2026/07/10/new-s-t-e-p-program-empowers-imperial-valley-residents-with-disabilities-to-become-their-own-bosses,New ‘S.T.E.P.’ program empowers Imperial Valley residents with disabilities to become their own bosses,KYMA,,2026-07-11T11:11:44.540447+00:00,6,False,0.1,,none,False,city,,headless,True
98fb2581a38a,https://kyma.com/news/imperial-county/2026/07/10/firefighters-extinguish-fire-in-ocotillo,A powerful search engine that organizes and provides access to vast information on the internet.,KYMA,,2026-07-11T11:11:48.660721+00:00,0,False,0.0,,none,False,none,,headless,True
d46802cb780c,https://kyma.com/news/imperial-county/2026/07/10/binational-coalition-launches-campaign-to-prevent-migrant-deaths-along-border,A powerful search engine that organizes and provides access to vast information on the internet.,KYMA,,2026-07-11T11:11:52.786119+00:00,0,False,0.0,,none,False,none,,headless,True
f348df1d1551,https://kyma.com/dsw-living/data-centers/2026/07/09/imperial-county-reviews-environmental-review-rules,A powerful search engine that organizes and provides access to vast information on the internet.,KYMA,,2026-07-11T11:11:57.210833+00:00,0,False,0.0,,none,False,none,,headless,True
d3b6a58a7d31,https://www.ivpressonline.com/news/iid-invests-9-2-million-to-strengthen-power-reliability/article_bfa1e725-a0ab-485e-8dea-6eeada6655a2.html,El Centro Generating Station Unit 4 supports dependable service for IID customers,IV Press,,2026-07-11T11:14:28.526185+00:00,6,False,0.1,,none,False,city,,headless,True
c2ac638250ef,https://www.ivpressonline.com/news/el-centro-honors-pablo-manzano-jr-refreshes-memorial-field/article_66a0e7ad-fcdf-40ee-baf6-f49e6a9bd929.html,"EL CENTRO — A local landmark honoring an El Centro native has received a long-awaited renewal, ensuring a legacy of community service continues to shine clearly for the next generation.",IV Press,,2026-07-11T11:14:32.670002+00:00,6,False,0.1,,none,False,city,,headless,True
07e819a4d1cf,https://www.ivpressonline.com/news/el-centro-opens-permit-applications-for-food-trucks-under-rigorous-safety-rules/article_23a74936-e03c-4dcd-842b-0179b4af11ea.html,"EL CENTRO — Seeking to balance entrepreneurial opportunity with public safety, the City of El Centro has officially begun accepting permit applications for mobile food trucks looking to operate in des",IV Press,,2026-07-11T11:14:36.764250+00:00,6,False,0.1,,none,False,city,,headless,True
5cefbca9d703,https://www.ivpressonline.com/news/ivc-to-host-soft-opening-of-new-automotive-technology-complex/article_d3a2d492-91c0-4eb8-99d8-57222699c295.html,"IMPERIAL — Imperial Valley College will host the soft opening and ribbon cutting ceremony for its new Automotive Technology Complex on Wednesday, July 15, marking the completion of the final major pro",IV Press,,2026-07-11T11:14:40.864348+00:00,9,False,0.15,,none,False,city,,headless,True
a876ff861de7,https://www.ivpressonline.com/news/mexicali-briefs-baja-california-leads-mexico-in-first-half-job-creation-reaching-record-high/article_66aabd23-f58b-4a9a-aabb-60fd93473573.html,article 66aabd23 f58b 4a9a aabb 60fd93473573.html,IV Press,,2026-07-11T11:14:45.024091+00:00,0,False,0.0,,none,False,none,,headless,False
54bef510357a,https://www.ivpressonline.com/news/el-centro-border-patrol-agents-assist-in-recovery-of-two-missing-children/article_2c4c75d8-cd9d-4f55-8992-64220696fa9d.html,"BARSTOW — On July 7, U.S. Border Patrol agents from the Indio Station assisted in the recovery of two missing children and the apprehension of their non-custodial parent during a coordinated law enfor",IV Press,,2026-07-11T11:14:49.172728+00:00,0,False,0.0,,none,False,none,,headless,True
a9cebbdb1cc2,https://kyma.com/news/imperial-county/2026/07/13/calipatria-restores-support-for-imperial-valley-economic-development-corporation,A powerful search engine that organizes and provides access to vast information on the internet.,KYMA,,2026-07-14T11:37:08.091997+00:00,0,False,0.0,,none,False,none,,headless,True
d0f2ef8af106,https://kyma.com/news/top-stories/2026/07/14/dozens-of-inmates-at-centinela-state-prison-earn-national-job-certifications,Dozens of inmates at Centinela State Prison earn national job certifications,KYMA,,2026-07-15T11:39:38.679963+00:00,6,False,0.1,,none,False,city,,headless,True
7c90137432d3,https://kyma.com/news/imperial-county/2026/07/14/el-centro-public-library-holds-sign-language-story-time,A powerful search engine that organizes and provides access to vast information on the internet.,KYMA,,2026-07-15T11:39:48.193888+00:00,0,False,0.0,,none,False,none,,headless,True
7b7cf2b87b06,https://kyma.com/news/imperial-county/2026/07/14/ivedc-president-responds-to-calipatria-mayors-allegations,A powerful search engine that organizes and provides access to vast information on the internet.,KYMA,,2026-07-15T11:39:52.760379+00:00,0,False,0.0,,none,False,none,,headless,True
87c8e588181d,https://kyma.com/dsw-living/health/2026/07/14/three-mosquito-pools-test-positive-for-west-nile-virus-in-imperial-county,A powerful search engine that organizes and provides access to vast information on the internet.,KYMA,,2026-07-15T11:39:56.858681+00:00,0,False,0.0,,none,False,none,,headless,True
673801c2d060,https://www.ivpressonline.com/news/supervisor-cardenas-singh-completes-naco-high-performance-leadership-academy/article_43a435fb-05c9-4680-8c95-77d7b12a6df8.html,EL CENTRO — The Imperial County Board of Supervisors is proud to recognize Supervisor Martha Cardenas-Singh for successfully completing the National Association of Counties (NACo) High Performance Lea,IV Press,,2026-07-15T11:42:33.646603+00:00,6,False,0.1,,none,False,city,,headless,True
e60243dc9449,https://www.ivpressonline.com/news/west-nile-virus-detected-in-imperial-county-mosquito-pools-prompting-health-warnings/article_7d5db07c-21ef-4868-8b19-bc7be9ea105f.html,"IMPERIAL — Three mosquito pools in Imperial County have tested positive for West Nile virus, marking the first local detection of the virus this year, public health officials announced Tuesday.",IV Press,,2026-07-15T11:42:37.797877+00:00,6,False,0.1,,none,False,city,,headless,True
d396fba5d82b,https://www.ivpressonline.com/news/cops-briefs-man-apprehended-for-multiple-offenses/article_bc1a6f4a-232d-4221-a0a5-b4e28f46fd2c.html,CALEXICO,IV Press,,2026-07-15T11:42:41.920754+00:00,16,True,0.267,,none,True,city,,headless,True
04d2dca71f8f,https://www.ivpressonline.com/news/mexicali-briefs-baja-california-governor-defends-leaked-audios-involving-purported-u-s-agents/article_0d541c03-4233-47e6-b607-a2157529e174.html,STATE,IV Press,,2026-07-15T11:42:46.083887+00:00,0,False,0.0,,none,False,none,,headless,True
e4735bb31643,https://www.ivpressonline.com/news/calexico-city-council-to-weigh-park-overhauls-labor-talks-and-local-honors/article_3b093719-959f-4442-8a97-6cd9d3bf4d85.html,"CALEXICO — The Calexico City Council will convene Wednesday evening for a sweeping regular meeting packed with infrastructure decisions, labor negotiations, and community milestones that reflect the m",IV Press,,2026-07-15T11:42:50.178087+00:00,6,False,0.1,,none,False,city,,headless,True
2c63852d81f0,https://www.ivpressonline.com/news/madd-honors-six-el-centro-chp-officers-for-dedication-to-removing-impaired-drivers/article_6924bd82-917d-407d-869f-85baa62f4ea6.html,EL CENTRO — Six California Highway Patrol officers from the El Centro Area have been formally recognized by Mothers Against Drunk Driving (MADD) for their outstanding commitment to removing impaired d,IV Press,,2026-07-15T11:42:54.266137+00:00,6,False,0.1,,none,False,city,,headless,True
87232ad1b557,https://kyma.com/news/imperial-county/2026/07/15/detainees-craft-100-blankets-for-imperial-county-children-in-crisis,Detainees craft 100 blankets for Imperial County children in crisis,KYMA,,2026-07-16T11:45:09.376831+00:00,6,False,0.1,,none,False,city,,headless,True
0faeda8e9344,https://kyma.com/news/imperial-county/2026/07/15/city-of-el-centro-to-temporarily-close-bark-park-for-annual-maintenance,A powerful search engine that organizes and provides access to vast information on the internet.,KYMA,,2026-07-16T11:45:18.860387+00:00,0,False,0.0,,none,False,none,,headless,True
dfa630804b8a,https://kyma.com/dsw-living/data-centers/2026/07/15/calipatria-to-bring-back-vote-on-data-center-ban,A powerful search engine that organizes and provides access to vast information on the internet.,KYMA,,2026-07-16T11:45:23.053589+00:00,0,False,0.0,,none,False,none,,headless,True
f844850ceb84,https://kyma.com/news/special-reports/2026/07/15/the-valleys-forgotten-can-ai-help-solve-a-cold-case,The Valley’s Forgotten: Can AI help solve a cold case?,KYMA,,2026-07-16T11:45:27.277026+00:00,6,False,0.1,,none,False,city,,headless,True
ab585713180f,https://www.ivpressonline.com/news/bos-supports-multifaceted-education-expansion/article_9cf2f94c-b882-42df-b7b7-4a3315352dcc.html,"EL CENTRO — The Imperial County Board of Supervisors requested the use of Community Benefit Funds on Tuesday, July 14, with a total of $6,600 reaching housing projects with Imperial Valley College (IV",IV Press,,2026-07-16T11:48:07.080608+00:00,6,False,0.1,,none,False,city,,headless,True
4f0171623eb0,https://www.ivpressonline.com/news/congressman-ruiz-demands-ice-reforms-after-fatal-agent-shootings-in-texas-maine/article_f8691af7-8b13-4a33-bcbb-94710f77716e.html,"WASHINGTON, D.C. — Rep. Raul Ruiz, D-Calif., on Tuesday renewed his calls for strict federal accountability measures following two recent fatal shootings by Immigration and Customs Enforcement agents ",IV Press,,2026-07-16T11:48:11.293370+00:00,3,False,0.05,,none,False,none,,headless,True
91c3e318e673,https://www.ivpressonline.com/news/county-celebrates-completion-of-desert-shores-soccer-park-phase-ii-urban-greening-project/article_d2475b60-7954-49bd-884a-7505c9b0e601.html,"THERMAL — The County of Imperial, in partnership with the Salton Community Services District and the Imperial County Air Pollution Control District, celebrated the completion of the Desert Shores Socc",IV Press,,2026-07-16T11:48:15.504156+00:00,6,False,0.1,,none,False,city,,headless,True
18f0f9b53f55,https://www.ivpressonline.com/news/bark-park-temporarily-closed-for-maintenance/article_a0fe8f10-4ab6-4866-8806-9dc5e8aae34d.html,"EL CENTRO — The City of El Centro will temporarily close Bark Park, located at 670 Park Avenue, from Monday, August 3, through Monday, August 24, 2026, for annual maintenance.",IV Press,,2026-07-16T11:48:19.715630+00:00,3,False,0.05,,none,False,city,,headless,True
6fcea43f5277,https://www.ivpressonline.com/news/calipatria-takes-key-step-toward-becoming-first-imperial-county-city-to-ban-data-centers/article_50f88c75-980a-4f26-93f3-6a116015d390.html,"CALIPATRIA — In a tight vote that highlights a growing local pushback against rapid tech infrastructure expansion, the Calipatria City Council has advanced a measure to permanently ban data centers wi",IV Press,,2026-07-16T11:48:23.926996+00:00,6,False,0.1,,none,False,city,,headless,True
266171eab9d5,https://www.ivpressonline.com/news/cops-briefs-agricultural-worker-arrested-for-conspiracy-auto-theft/article_177c178d-f120-4323-a0cf-98be787919bf.html,CALEXICO,IV Press,,2026-07-16T11:48:28.142312+00:00,16,True,0.267,,none,True,city,,headless,True
81f3a8a159ed,https://kyma.com/news/imperial-county/2026/07/16/niland-seniors-forced-from-homes-after-county-shuts-off-rv-park-power,Niland seniors forced from homes after county shuts off RV park power,KYMA,,2026-07-17T11:26:10.192513+00:00,16,True,0.267,extreme heat|heatwave,warning,False,city,,headless,True
7022bdc196a2,https://kyma.com/dsw-living/data-centers/2026/07/16/imperial-county-superior-court-dismisses-data-center-lawsuit,A powerful search engine that organizes and provides access to vast information on the internet.,KYMA,,2026-07-17T11:26:14.700400+00:00,0,False,0.0,,none,False,none,,headless,True
743fb494d199,https://www.ivpressonline.com/news/southern-california-water-giant-strikes-65-million-deal-to-help-prop-up-lake-mead/article_3456e3ce-ce84-4875-8a57-3a18224a1b77.html,"LOS ANGELES – In a bid to prop up a rapidly shrinking Lake Mead and protect the Southwest’s electricity grid, Southern California’s primary water wholesaler approved a deal Tuesday to leave up to 200,",IV Press,,2026-07-17T11:28:59.758175+00:00,3,False,0.05,,none,False,city,,headless,True
a72f26ac829e,https://www.ivpressonline.com/news/rcrc-public-advocacy-partners-file-to-intervene-in-at-t-landline-lawsuit-warning-of-rural/article_1562404d-47a2-44de-9e41-73b24108ddfc.html,SACRAMENTO — The Rural County Representatives of California (RCRC) has launched a legal bid to protect reliable phone services for millions of rural residents by filing a motion to intervene in AT&T’s,IV Press,,2026-07-17T11:29:03.991456+00:00,3,False,0.05,,none,False,none,,headless,True
2d47217785d1,https://www.ivpressonline.com/news/brawley-native-serves-aboard-one-of-the-world-s-largest-warships/article_c2a927bb-4db5-4ba0-b266-bb3a707ec7de.html,"NORFOLK, Va. – Petty Officer 3rd Class Giancarlo Guerra, a native of Brawley, California, serves in the U.S. Navy assigned to USS Harry S. Truman, a U.S. Navy aircraft carrier operating out of Norfolk",IV Press,,2026-07-17T11:29:08.203025+00:00,3,False,0.05,,none,False,city,,headless,True
e490d434e09b,https://www.ivpressonline.com/news/el-centro-police-urge-drivers-to-slow-the-fast-down-as-speeding-deaths-rise/article_3eb897cb-7998-4fd3-9792-50f530359118.html,"EL CENTRO – Amid a troubling rise in traffic fatalities across the state, the El Centro Police Department is launching a targeted safety campaign this July, urging motorists to ease off the gas pedal ",IV Press,,2026-07-17T11:29:12.483056+00:00,6,False,0.1,,none,False,city,,headless,True
69b100896122,https://www.ivpressonline.com/news/candidate-filing-period-opens-for-the-november-3-california-statewide-general-election/article_e46361e9-8db1-4e2c-b693-24c9ea0f9828.html,"EL CENTRO – Imperial County Registrar of Voters Linsey Dale announced that the candidate filing period is now open for local offices that will appear on the ballot for the November 3, 2026, California",IV Press,,2026-07-17T11:29:16.774821+00:00,6,False,0.1,,none,False,city,,headless,True
2f82225b8c1d,https://www.ivpressonline.com/news/iid-director-alex-cardenas-elected-to-lead-national-public-power-policy-council/article_7c0a9f78-0c03-4c29-a959-8658e25962c2.html,"IMPERIAL — Alex Cardenas, a board director for the Imperial Irrigation District, has been elected chair-elect of the American Public Power Association’s influential Policy Makers Council, the Southern",IV Press,,2026-07-17T11:29:21.011635+00:00,6,False,0.1,,none,False,city,,headless,True
05722efb58db,https://kyma.com/decision-politics/local-politics/2026/07/17/california-attorney-general-sues-city-of-calexico,California attorney general sues City of Calexico,KYMA,,2026-07-18T11:09:24.488221+00:00,6,False,0.1,,none,False,city,,headless,True
ce626a4642a0,https://www.ivpressonline.com/news/county-libraries-to-temporarily-close-for-inventory-following-two-week-fine-forgiveness-window/article_d0855ca1-56e1-4ab2-8889-efaa05389927.html,EL CENTRO — Local readers have a brief window to clear their records and return long-overdue books without penalty before the Imperial County Free Library system temporarily closes its doors this Augu,IV Press,,2026-07-18T11:12:18.530503+00:00,6,False,0.1,,none,False,city,,headless,True
3a3eb9606c64,https://www.ivpressonline.com/news/new-california-law-to-recognize-youth-caregivers-carve-career-paths-in-healthcare/article_44568dcb-5457-4ade-8e38-1a0ddaee5b9c.html,SACRAMENTO — Hundreds of thousands of young Californians who quietly care for ill or disabled family members will soon see their lived experiences recognized as a stepping stone to professional career,IV Press,,2026-07-18T11:12:22.676687+00:00,0,False,0.0,,none,False,none,,headless,True
12fd409b42f3,https://www.ivpressonline.com/news/cops-briefs-traffic-stop-near-i-8-uncovers-assault-weapons-destructive-device/article_7550ff67-2029-4138-b812-623ca8462422.html,EL CENTRO,IV Press,,2026-07-18T11:12:26.908419+00:00,6,False,0.1,,none,False,city,,headless,True
d8aab36b5f33,https://www.ivpressonline.com/news/mexicali-briefs-baja-california-governor-agrees-to-meet-dhs-and-fbi-in-panama/article_3552764c-b52b-476a-81e5-ef69e88d54ca.html,article 3552764c b52b 476a 81e5 ef69e88d54ca.html,IV Press,,2026-07-18T11:12:31.069528+00:00,0,False,0.0,,none,False,none,,headless,False
daa37dca3234,https://www.ivpressonline.com/news/court-dismisses-claims-against-comit-c-vico-del-valle/article_5e9a4f6f-af4e-4306-9802-10b5cc756bb3.html,EL CENTRO — Comité Cívico del Valle (CCV) welcomed the Imperial County Superior Court's ruling granting its special motion to strike under California's anti-SLAPP statute and dismissing all claims ass,IV Press,,2026-07-18T11:12:35.230971+00:00,6,False,0.1,,none,False,city,,headless,True
0295562ba45a,https://www.ivpressonline.com/news/dr-zadeh-champions-health-and-wellness-optimization-with-new-facility/article_59fe43e0-292a-4876-8fca-d43ac62e1a30.html,"EL CENTRO — Passionate about fitness, health, and wellness, Dr. Alidad Zadeh has been in practice in the Imperial Valley for over 13 years, and he and his team recently held the grand opening for the ",IV Press,,2026-07-18T11:12:39.461600+00:00,6,False,0.1,,none,False,city,,headless,True
00cebe79fc00,https://kyma.com/dsw-living/data-centers/2026/07/20/el-centro-joins-nationwide-protests-against-data-centers,El Centro joins nationwide protests against data centers,KYMA,,2026-07-21T11:51:47.204776+00:00,6,False,0.1,,none,False,city,,headless,True
f4fffff22cce,https://kyma.com/decision-politics/2026/07/20/assembly-district-36-candidates-swap-podiums-for-coffee-shops,Assembly District 36 candidates swap podiums for coffee shops,KYMA,,2026-07-21T11:51:56.244457+00:00,6,False,0.1,,none,False,city,,headless,True
8e0c13ccdb3b,https://kyma.com/news/imperial-county/2026/07/20/law-enforcement-agencies-on-scene-of-potential-standoff-in-el-centro,A powerful search engine that organizes and provides access to vast information on the internet.,KYMA,,2026-07-21T11:52:00.414159+00:00,0,False,0.0,,none,False,none,,headless,True
36469d3f29b2,https://www.ivpressonline.com/news/state-funds-boost-nonprofit-training/article_6f478a85-3fbf-45de-8616-08801b3e5bbf.html,article 6f478a85 3fbf 45de 8616 08801b3e5bbf.html,IV Press,,2026-07-21T11:54:47.076223+00:00,0,False,0.0,,none,False,none,,headless,False
e3fd80e94a2e,https://www.ivpressonline.com/news/california-mid-winter-fair-returns-to-traditional-nine-day-format-for-2027/article_ed888fcc-132c-415d-9ce6-bcb8c82f9eaa.html,article ed888fcc 132c 415d 9ce6 bcb8c82f9eaa.html,IV Press,,2026-07-21T11:54:51.302534+00:00,0,False,0.0,,none,False,none,,headless,False
c1382ffc8191,https://www.ivpressonline.com/news/iid-board-receives-first-annual-workforce-vacancy-report-following-ab-2561-mandate/article_560d6ee2-29d5-4400-9b47-224ec630567d.html,"EL CENTRO – The Imperial Irrigation District Board of Directors received its first official annual workforce vacancy report during its board meeting on July 7, 2026, outlining the utility’s hiring sta",IV Press,,2026-07-21T11:54:55.688655+00:00,6,False,0.1,,none,False,city,,headless,True
92d8c628be89,https://www.ivpressonline.com/news/chp-directs-41-million-in-cannabis-tax-revenue-to-anti-impaired-driving-grants-statewide/article_4a588772-024d-42e9-beb6-26aae821cba3.html,"SACRAMENTO – State traffic safety officials announced today that more than $41 million in grant funding has been awarded to 183 law enforcement agencies, crime laboratories, local governments, and non",IV Press,,2026-07-21T11:55:00.071066+00:00,6,False,0.1,,none,False,city,,headless,True
39db6eb16029,https://www.ivpressonline.com/news/e-bike-injuries-surge-nearly-750-fold-in-california-hits-children-hardest-ucsd-study-finds/article_faf997ae-7f7d-4bfb-8600-affcad96ce77.html,"SAN DIEGO — Electric bicycle collisions in California exploded from just two reported incidents in 2018 to 1,506 in 2024, leaving riders significantly more vulnerable to moderate-to-severe trauma than",IV Press,,2026-07-21T11:55:04.493938+00:00,3,False,0.05,,none,False,none,,headless,True
eb9a53d80d3f,https://www.ivpressonline.com/news/cops-briefs-out-of-county-warrant-leads-to-high-bail-arrest/article_e64122fe-505c-427f-bbcd-e85eba3acac4.html,CALEXICO,IV Press,,2026-07-21T11:55:08.878444+00:00,16,True,0.267,,none,True,city,,headless,True
7653cad23f27,https://kyma.com/decision-politics/2026/07/21/rep-andy-biggs-projected-as-winner-of-the-gop-primary-for-arizona-governor,A powerful search engine that organizes and provides access to vast information on the internet.,KYMA,,2026-07-22T11:52:28.264579+00:00,0,False,0.0,,none,False,none,,headless,True
1ac407acce96,https://kyma.com/decision-politics/2026/07/21/alexander-kolodin-projected-as-as-winner-of-the-gop-primary-for-arizona-secretary-of-state,A powerful search engine that organizes and provides access to vast information on the internet.,KYMA,,2026-07-22T11:52:32.440793+00:00,0,False,0.0,,none,False,none,,headless,True
5e67c4f98488,https://kyma.com/news/imperial-county/2026/07/21/imperial-county-libraries-launch-fine-forgiveness-program-ahead-of-august-closures,Imperial County libraries launch ‘Fine Forgiveness’ program ahead of August closures,KYMA,,2026-07-22T11:52:36.603815+00:00,6,False,0.1,,none,False,city,,headless,True
3f07b0c115d1,https://kyma.com/news/imperial-county/2026/07/20/suspect-arrested-after-barricading-himself-inside-an-el-centro-home,A powerful search engine that organizes and provides access to vast information on the internet.,KYMA,,2026-07-22T11:52:54.124255+00:00,0,False,0.0,,none,False,none,,headless,True
3a33f5931e06,https://www.ivpressonline.com/news/sudden-pool-closures-leave-swimmers-high-and-dry/article_73fa6222-c6a9-4e95-9886-6d407c515579.html,IMPERIAL VALLEY – A sudden string of public pool closures and malfunctions left swimmers high and dry this past week as at least three city pools were closed due to various maintenance issues.,IV Press,,2026-07-22T11:55:28.865909+00:00,6,False,0.1,,none,False,city,,headless,True
27be8f669492,https://www.ivpressonline.com/news/project-search-internship-program-to-launch-in-imperial-county/article_0854885f-b8c5-4653-b9e4-7994aa4e33fc.html,"IMPERIAL VALLEY – A new work experience partnership program is on the horizon in the region thanks to Project SEARCH, which seeks to expand work training opportunities and advance inclusion for indivi",IV Press,,2026-07-22T11:55:33.273993+00:00,6,False,0.1,,none,False,city,,headless,True
d96a59f4d39f,https://www.ivpressonline.com/news/stolen-vehicle-pursuit-ends-in-swat-standoff-arrest/article_b3624559-af82-49b9-9c75-accc6443b1fd.html,"EL CENTRO – A high-stakes pursuit of a stolen vehicle culminated in a multi-agency SWAT response and the arrest of a suspect who barricaded himself inside an El Centro home on Monday, authorities said",IV Press,,2026-07-22T11:55:37.672502+00:00,6,False,0.1,,none,False,city,,headless,True
2a86db8c974b,https://www.ivpressonline.com/news/cops-briefs-two-arrested-following-stolen-vehicle-investigation/article_006fe94c-9313-433e-9f66-ba8246072b4b.html,IMPERIAL VALLEY,IV Press,,2026-07-22T11:55:42.069891+00:00,6,False,0.1,,none,False,city,,headless,True
f5005fb0f5cb,https://www.ivpressonline.com/news/imperial-valley-braces-for-triple-digit-heat-wave-as-energy-officials-issue-conserve-alert/article_b7cc32bd-55f9-4e1e-b238-ea8c918da207.html,"IMPERIAL — As an unrelenting summer heat wave settles across the Desert Southwest, local utility officials and emergency responders on both sides of the U.S.–Mexico border are urging residents to take",IV Press,,2026-07-22T11:55:46.463237+00:00,53,True,0.883,heat stroke|heat exhaustion|extreme heat|heat wave,warning,False,city,,headless,True
87831f404586,https://www.ivpressonline.com/news/newsom-names-veteran-prison-official-to-regional-leadership-role/article_1f84de42-b193-4c29-9264-eae3e8b83f4b.html,SACRAMENTO – Calif. Gov. Gavin Newsom on Monday appointed longtime corrections leader Rafael Acevedo as the Associate Director of Region IV within the California Department of Corrections and Rehabili,IV Press,,2026-07-22T11:55:50.855760+00:00,6,False,0.1,,none,False,city,,headless,True
845cd05ebf8c,https://kyma.com/decision-politics/2026/07/22/warren-petersen-projected-as-winner-of-the-gop-primary-for-arizona-attorney-general,A powerful search engine that organizes and provides access to vast information on the internet.,KYMA,,2026-07-23T11:54:53.428041+00:00,0,False,0.0,,none,False,none,,headless,True
1b1a2b744068,https://kyma.com/news/2026/07/22/the-valleys-forgotten-the-search-never-stops,The Valley’s Forgotten: The search never stops,KYMA,,2026-07-23T11:54:57.882638+00:00,6,False,0.1,,none,False,city,,headless,True
df5cceaa4986,https://kyma.com/news/imperial-county/2026/07/22/first-responders-warn-of-heat-danger-as-county-enters-extreme-heat-warning,First responders warn of heat danger as county enters Extreme Heat Warning,KYMA,,2026-07-23T11:55:07.388475+00:00,56,True,0.933,heat stroke|heat exhaustion|extreme heat|cooling center,warning,False,city,,headless,True
9b0079cc0c11,https://kyma.com/news/imperial-county/2026/07/22/pre-trial-hearing-in-murder-case-of-yuma-man-continued-to-october,A powerful search engine that organizes and provides access to vast information on the internet.,KYMA,,2026-07-23T11:55:11.513325+00:00,0,False,0.0,,none,False,none,,headless,True
b7bc4ec9f849,https://kyma.com/news/2026/07/22/queer-spectra-happening-later-this-month,A powerful search engine that organizes and provides access to vast information on the internet.,KYMA,,2026-07-23T11:55:16.024957+00:00,0,False,0.0,,none,False,none,,headless,True
f349704d0a1d,https://kyma.com/news/imperial-county/2026/07/22/brawley-celebrates-christmas-in-july,A powerful search engine that organizes and provides access to vast information on the internet.,KYMA,,2026-07-23T11:55:20.590237+00:00,0,False,0.0,,none,False,none,,headless,True
7e41e65f84e5,https://www.ivpressonline.com/news/usda-state-director-announces-over-2-million-in-energy-grants-for-imperial-valley-businesses/article_85f4fae2-ec0e-4873-b013-90fed4a5fab8.html,BRAWLEY — U.S. Department of Agriculture Rural Development California State Director Bryan Anguiano visited Brawley this week to highlight more than $2 million in federal grant awards aimed at boostin,IV Press,,2026-07-23T11:57:47.808139+00:00,6,False,0.1,,none,False,city,,headless,True
54783d2e30af,https://www.ivpressonline.com/news/ictc-plans-major-transit-hub-upgrade-in-el-centro-to-support-growing-ridership-clean-energy/article_7589b480-1ab5-4145-bf4f-ed29275bb336.html,"EL CENTRO — Facing a skyrocketing demand for public transit and state mandates to eliminate vehicle emissions, local transportation officials are inviting the Imperial Valley community to weigh in on ",IV Press,,2026-07-23T11:57:51.960114+00:00,6,False,0.1,,none,False,city,,headless,True
09e941e264b9,https://www.ivpressonline.com/news/county-court-externs-tour-betty-jo-mcneece-receiving-home/article_92abce07-a7d0-44e5-9f1b-40ad01cb56c2.html,"EL CENTRO — Judicial decisions made inside a courtroom often carry far-reaching consequences for vulnerable children, but understanding the real-world impact of those rulings requires looking beyond l",IV Press,,2026-07-23T11:57:56.048821+00:00,6,False,0.1,,none,False,city,,headless,True
c27b05d688ea,https://www.ivpressonline.com/news/mexicali-briefs-free-cardiac-care-program-saves-over-1-100-lives-state-reports/article_2f4c638c-ce3c-4828-9ac2-35194692f71b.html,PUBLIC HEALTH,IV Press,,2026-07-23T11:58:00.184103+00:00,3,False,0.05,,none,False,none,,headless,True
50d2df3f2ed0,https://www.ivpressonline.com/news/el-centro-city-council-backs-workers-with-new-contract-funds-key-park-improvements/article_966b43f9-82b3-4451-b5fc-bf2c0bae1bc9.html,"EL CENTRO — The El Centro City Council unanimously approved a slate of civic and municipal investments during its Tuesday meeting, greenlighting a multi-year labor agreement for municipal employees, f",IV Press,,2026-07-23T11:58:04.281056+00:00,6,False,0.1,,none,False,city,,headless,True
b8183097d894,https://www.ivpressonline.com/news/cops-briefs-man-arrested-on-multiple-warrants/article_d53ae58e-a947-455e-8805-009ea81c9b02.html,IMPERIAL VALLEY,IV Press,,2026-07-23T11:58:08.370420+00:00,6,False,0.1,,none,False,city,,headless,True
e385ccb39d32,https://kyma.com/dsw-living/consumer/2026/07/23/gas-prices-in-arizona-and-california-rise,A powerful search engine that organizes and provides access to vast information on the internet.,KYMA,,2026-07-24T11:46:08.818245+00:00,0,False,0.0,,none,False,none,,headless,True
0a2de3f32a34,https://kyma.com/news/imperial-county/2026/07/23/power-restoration-process-underway-for-affected-spaces-at-niland-rv-park,Power restoration process underway for affected spaces at Niland RV Park,KYMA,,2026-07-24T11:46:18.047794+00:00,11,False,0.183,cooling center,illness,False,city,,headless,True
712717dce67f,https://kyma.com/news/imperial-county/2026/07/23/series-of-earthquakes-shake-city-of-brawley-overnight,A powerful search engine that organizes and provides access to vast information on the internet.,KYMA,,2026-07-24T11:46:22.149480+00:00,0,False,0.0,,none,False,none,,headless,True
ad4b0afa54d5,https://kyma.com/news/imperial-county/2026/07/23/calexico-pd-investigates-shooting-on-giles-avenue,A powerful search engine that organizes and provides access to vast information on the internet.,KYMA,,2026-07-24T11:46:26.606379+00:00,0,False,0.0,,none,False,none,,headless,True
dac570f8aa11,https://kyma.com/news/special-reports/2026/07/22/the-valleys-forgotten-the-search-never-stops,The Valley’s Forgotten: The search never stops,KYMA,,2026-07-24T11:46:31.117087+00:00,6,False,0.1,,none,False,city,,headless,True
2e0f16eac823,https://www.ivpressonline.com/news/early-adolescent-girls-outpace-boys-in-alcohol-nicotine-and-cannabis-use-major-study-finds/article_ca0e433c-9ab1-4c71-a96e-25640901f94c.html,"SAN DIEGO — By the time American teenagers reach age 16, nearly 40% have tried alcohol, nicotine, or cannabis, according to a landmark study tracking youth substance use across the nation.",IV Press,,2026-07-25T11:20:19.258740+00:00,0,False,0.0,,none,False,none,,headless,True
8d0c060e5828,https://www.ivpressonline.com/news/mexicali-briefs-heat-emergencies-up-in-mexicali-but-severe-cases-drop/article_3bb33cc4-5129-4b83-ac0e-99be81fbf393.html,WEATHER,IV Press,,2026-07-25T11:20:23.440438+00:00,75,True,1.0,heatstroke|heat-related death|heat exhaustion|heat illness|extreme heat,death,False,none,,headless,True
c231a33ee186,https://www.ivpressonline.com/news/icoe-launches-imperial-county-sat-test-center-eliminating-long-travel-times-for-local-students/article_2fec1752-2b18-4853-814a-6f78178124ef.html,"EL CENTRO — High school students in the Imperial Valley will no longer have to cross mountains or travel out of county just to take the SAT, thanks to a new testing facility opening this summer in El ",IV Press,,2026-07-25T11:20:27.618133+00:00,6,False,0.1,,none,False,city,,headless,True
21fae49b79b4,https://www.ivpressonline.com/news/cops-briefs-man-caught-on-attempted-murder-and-assault-allegations/article_cca199ec-bbed-4c02-a2bc-75612b0ded27.html,WINTERHAVEN,IV Press,,2026-07-25T11:20:31.799173+00:00,16,True,0.267,,none,True,city,,headless,True
957438780082,https://www.ivpressonline.com/news/federal-prosecutors-file-122-border-crimes-in-san-diego-and-imperial-counties/article_39d8a61a-d36e-46b4-8970-3623e566d0eb.html,SAN DIEGO — Federal authorities in the Southern District of California charged 122 individuals this week in a wave of border-related cases ranging from maritime human smuggling and illicit drug traffi,IV Press,,2026-07-25T11:20:35.981666+00:00,3,False,0.05,,none,False,city,,headless,True
6ca3435f3d47,https://www.ivpressonline.com/news/former-college-professor-sentenced-to-18-years-in-federal-child-exploitation-case/article_38325c41-b035-444a-a4a4-9359b52e1294.html,FRESNO — A former university professor from West Sacramento was sentenced to more than 18 years in federal prison on Friday for attempting to entice a minor and receiving and distributing child sexual,IV Press,,2026-07-25T11:20:40.212999+00:00,0,False,0.0,,none,False,none,,headless,True
8ebf2f05152d,https://www.ivpressonline.com/news/mexicali-briefs-baja-california-launches-joint-road-repair-initiative-to-fix-mexicali-streets/article_9c07c2d1-0f30-45ab-b0c0-2e973fdaec9b.html,STATE,IV Press,,2026-07-28T12:04:18.189483+00:00,0,False,0.0,,none,False,none,,headless,True
7c845f778970,https://www.ivpressonline.com/news/county-jobless-rate-ticks-up-to-17-6-in-june-though-year-over-year-trends/article_fbcb99b5-d0de-43d9-a23f-10d280b53304.html,"EL CENTRO — Imperial County’s unemployment rate edged upward in June to 17.6 percent, reflecting seasonal adjustments in local hiring even as broader year-over-year figures show modest labor market ga",IV Press,,2026-07-28T12:04:22.285494+00:00,6,False,0.1,,none,False,city,,headless,True
de3ac44ce322,https://kyma.com/decision-politics/local-politics/2026/07/28/imperial-county-board-of-supervisors-sends-grant-money-back-to-the-state,Imperial County Board of Supervisors sends grant money back to the state,KYMA,,2026-07-29T12:05:11.438134+00:00,6,False,0.1,,none,False,city,,headless,True
7bd2b5a41869,https://kyma.com/decision-politics/local-politics/2026/07/28/rep-raul-ruiz-visits-el-centro-ups-depot,Rep. Raul Ruiz visits El Centro UPS Depot,KYMA,,2026-07-29T12:05:21.040261+00:00,21,True,0.35,heat stroke,illness,False,city,,headless,True
b7d59a23f118,https://kyma.com/news/top-stories/2026/07/28/first-alert-action-day-tracking-ongoing-heat-and-humidity-this-week,A powerful search engine that organizes and provides access to vast information on the internet.,KYMA,,2026-07-29T12:06:47.858614+00:00,0,False,0.0,,none,False,none,,headless,True
7f73436a5db8,https://www.ivpressonline.com/news/former-mexicali-police-chief-arrested-in-federal-state-operation-facing-allegations-of-enforced-disappearance/article_966afcc6-3270-49d1-9bd3-16820b4572e7.html,"MEXICALI — Pedro Ariel Mendívil García, the former chief of the Mexicali Municipal Police and a prominent former regional prosecutor, was arrested Tuesday morning by federal and state security forces ",IV Press,,2026-07-29T12:08:50.530604+00:00,0,False,0.0,,none,False,none,,headless,True
221799db08b9,https://www.ivpressonline.com/news/colab-workshop-aims-to-prepare-future-political-leaders-ahead-of-elections/article_dd555334-400a-4daf-bb4e-73ad248a3f43.html,"IMPERIAL — As the next election season approaches, local organizations and election officials in Imperial County are teaming up to help potential political candidates navigate the complex path to publ",IV Press,,2026-07-29T12:08:55.012519+00:00,6,False,0.1,,none,False,city,,headless,True
50136f093fd8,https://www.ivpressonline.com/news/csu-s-transfer-success-pathway-offers-direct-guaranteed-route-to-four-year-degrees/article_7a555151-621a-4368-bb62-f52778b9d6ab.html,"LONG BEACH — For decades, the leap from a California community college to a four-year university has been fraught with confusing course requirements, shifting transfer rules, and administrative roadbl",IV Press,,2026-07-29T12:08:59.436343+00:00,0,False,0.0,,none,False,none,,headless,True
f7be4ac3b09d,https://www.ivpressonline.com/news/grassroots-coalition-mobilizes-emergency-heat-relief-across-imperial-valley/article_2deac500-a025-4021-a940-16d8e9cc2766.html,"CALIPATRIA — As temperatures surged across Imperial Valley over the weekend, pushing desert mercury levels well past 110 degrees, a grassroots network of local organizations stepped in to protect the ",IV Press,,2026-07-29T12:09:03.894501+00:00,66,True,1.0,heat stroke|heat exhaustion|heat emergency|extreme heat|heat index|cooling center,illness,False,city,,headless,True
2cf732db9f56,https://www.ivpressonline.com/news/the-humane-society-of-imperial-county-needs-help-keeping-pets-cool-this-summer/article_cb13f03c-776b-40d7-b3af-8a21d374185e.html,"EL CENTRO — The Humane Society of Imperial County recently capped off National Pet Adoption Week with their usual weekend adoption event at PetSmart, allowing residents to take home a “fur-ever friend",IV Press,,2026-07-29T12:09:08.304584+00:00,11,False,0.183,extreme heat,illness,False,city,,headless,True
baf31f75f251,https://www.ivpressonline.com/news/brawley-palm-lane-rv-trailer-park-in-trouble-residents-feel-unsafe/article_36f3fe0e-93b9-4931-8d85-c08d02558994.html,"BRAWLEY — The Palm Lane RV Park has experienced trouble with vagrants entering the property, loitering, and vandalizing several trailers in the residential motor home neighborhood, making residents th",IV Press,,2026-07-29T12:09:12.749501+00:00,6,False,0.1,,none,False,city,,headless,True
10bff5a40a4a,https://kyma.com/news/imperial-county/2026/07/29/local-non-profits-team-up-for-imperial-valley-heat-relief,Local non-profits team up for Imperial Valley heat relief,KYMA,,2026-07-30T11:56:47.964840+00:00,16,True,0.267,extreme heat|heat wave,illness,False,city,,headless,True
5144fb6fe194,https://kyma.com/dsw-living/data-centers/2026/07/29/imperial-county-judge-hears-arguments-over-a-data-center-lawsuit-filed-by-the-city-of-imperial-and-the-sierra-club,A powerful search engine that organizes and provides access to vast information on the internet.,KYMA,,2026-07-30T11:56:57.234967+00:00,0,False,0.0,,none,False,none,,headless,True
0102f95625bd,https://kyma.com/news/imperial-county/2026/07/29/city-of-calexico-to-host-family-night-at-the-pool,A powerful search engine that organizes and provides access to vast information on the internet.,KYMA,,2026-07-30T11:57:01.862501+00:00,0,False,0.0,,none,False,none,,headless,True
44c8295268a2,https://kyma.com/decision-politics/california-politics/2026/07/29/gov-gavin-newsom-signs-bill-to-expand-digital-drivers-license-program,A powerful search engine that organizes and provides access to vast information on the internet.,KYMA,,2026-07-30T11:57:06.382504+00:00,0,False,0.0,,none,False,none,,headless,True
b2a1111dab51,https://kyma.com/news/imperial-county/2026/07/29/jury-in-imperial-county-delivers-guilty-verdicts-in-two-cases,A powerful search engine that organizes and provides access to vast information on the internet.,KYMA,,2026-07-30T11:57:11.033037+00:00,0,False,0.0,,none,False,none,,headless,True
4ed5cbf81333,https://www.ivpressonline.com/news/woman-arrested-after-allegedly-assaulting-elderly-victim-stealing-vehicle-in-el-centro/article_5ee29666-0cd3-4be3-bf09-b71b258befe3.html,"EL CENTRO — An unidentified woman was arrested Tuesday after allegedly assaulting an elderly person, snatching her car keys, and stealing her vehicle during an argument, according to local authorities",IV Press,,2026-07-30T11:59:50.894494+00:00,6,False,0.1,,none,False,city,,headless,True
0949b9fcf5e5,https://www.ivpressonline.com/news/brawley-city-council-approves-72m-budget-for-fy-2026-27/article_a97e3ce3-e450-4e26-9777-e7349f4350d5.html,"BRAWLEY — The Brawley City Council voted 4-0 on Tuesday to adopt a $71.9 million citywide budget for Fiscal Year 2026–27, balancing a targeted draw on General Fund reserves with ongoing infrastructure",IV Press,,2026-07-30T11:59:55.356556+00:00,3,False,0.05,,none,False,city,,headless,True
117dad77342e,https://www.ivpressonline.com/news/county-juries-hand-down-guilty-verdicts-in-stolen-goods-high-speed-pursuit-trials/article_6ad3f26c-c633-473a-ba68-6f7244a7af39.html,"EL CENTRO — Juries in Imperial County returned guilty verdicts on all counts in two separate criminal trials, securing convictions against a man found with stolen rare coins and a repeat offender who ",IV Press,,2026-07-30T11:59:59.812589+00:00,6,False,0.1,,none,False,city,,headless,True
bdbf29d122df,https://www.ivpressonline.com/news/hidden-summer-hazard-how-valley-residents-can-navigate-peak-ozone-season/article_630a5380-6725-4999-b217-bdbe23a5fbf8.html,article 630a5380 6725 4999 b217 bdbe23a5fbf8.html,IV Press,,2026-07-30T12:00:04.039908+00:00,0,False,0.0,,none,False,none,,headless,False
f1633a05f9f4,https://www.ivpressonline.com/news/cops-briefs-suspect-arrested-on-vehicle-theft-warrant/article_250d22b4-9c21-4e3c-b36b-39c4076c1782.html,INDIO,IV Press,,2026-07-30T12:00:08.474533+00:00,6,False,0.1,,none,False,city,,headless,True
fceac8b60c99,https://www.ivpressonline.com/news/mexicali-briefs-new-leaked-audio-and-text-messages-link-baja-california-governor-to-ex-fbi/article_9496aa0b-2408-4f2e-93f2-7a9a18e1381a.html,POLITICS,IV Press,,2026-07-30T12:00:12.869870+00:00,3,False,0.05,,none,False,none,,headless,True
d80185637ae5,https://kyma.com/news/imperial-county/2026/07/30/chp-arrests-truck-driver-in-imperial-county-for-dui,A powerful search engine that organizes and provides access to vast information on the internet.,KYMA,,2026-07-31T12:05:32.931030+00:00,0,False,0.0,,none,False,none,,headless,True
483b683ca553,https://kyma.com/decision-politics/local-politics/2026/07/30/efforts-to-recall-calipatria-city-council-members-nears-an-end,A powerful search engine that organizes and provides access to vast information on the internet.,KYMA,,2026-07-31T12:05:41.962320+00:00,0,False,0.0,,none,False,none,,headless,True
2201eb637a40,https://kyma.com/news/imperial-county/2026/07/30/community-weighs-in-on-proposed-imperial-county-transit-hub-expansion,Community weighs in on proposed Imperial County transit hub expansion,KYMA,,2026-07-31T12:05:46.150183+00:00,6,False,0.1,,none,False,city,,headless,True
13cd3ea5217e,https://kyma.com/news/crime/drug-busts/2026/07/30/cocaine-worth-more-than-20-million-seized-at-the-calexico-port-of-entry,A powerful search engine that organizes and provides access to vast information on the internet.,KYMA,,2026-07-31T12:05:50.712413+00:00,0,False,0.0,,none,False,none,,headless,True
c19d9d18925b,https://kyma.com/news/imperial-county/2026/07/30/el-centro-pd-arrests-suspect-for-assault-with-a-deadly-weapon,A powerful search engine that organizes and provides access to vast information on the internet.,KYMA,,2026-07-31T12:05:55.303134+00:00,0,False,0.0,,none,False,none,,headless,True
abcbeaf7db26,https://www.ivpressonline.com/news/bos-addresses-catalytic-converter-theft/article_cc6bc919-3fec-427b-915f-44f20dd57cae.html,"EL CENTRO — The Imperial County Board of Supervisors conducted the first reading by title only, introducing an ordinance to address issues related to the theft of catalytic converters on Tuesday, July",IV Press,,2026-07-31T12:08:33.368186+00:00,6,False,0.1,,none,False,city,,headless,True
0fded9e3ff9e,https://www.ivpressonline.com/news/imperial-county-library-wraps-up-successful-summer-program/article_9c89b7c0-88a6-4bcd-8b04-cbc3c517718b.html,article 9c89b7c0 88a6 4bcd 8b04 cbc3c517718b.html,IV Press,,2026-07-31T12:08:37.593148+00:00,0,False,0.0,,none,False,none,,headless,False
a21b3833f677,https://www.ivpressonline.com/news/supervisors-approve-2-000-to-support-seeley-students-and-holtville-educators/article_ca76f875-af0f-409c-a3e0-62f5713b9a88.html,"EL CENTRO — The Imperial County Board of Supervisors approved the utilization of $2,000 of Community Benefit Funds on Tuesday, July 28, to be split between Seeley Elementary School and the Holtville C",IV Press,,2026-07-31T12:08:41.953805+00:00,6,False,0.1,,none,False,city,,headless,True
e1918a3cc1fd,https://www.ivpressonline.com/news/attempted-murder-suspect-arrested-in-brawley-after-standoff-with-el-centro-police/article_4d1dd444-260e-4784-8cd7-552c36f5abf8.html,"EL CENTRO — A suspect wanted for attempted murder, assault with a deadly weapon, and felony domestic violence was taken into custody Wednesday following a brief standoff in Brawley, according to the E",IV Press,,2026-07-31T12:08:46.332127+00:00,6,False,0.1,,none,False,city,,headless,True
9d167ee0c31a,https://www.ivpressonline.com/news/from-calexico-parish-to-vatican-s-highest-court-pope-names-father-sam-to-apostolic-signatura/article_2588e19e-55df-4113-9b4d-03ae72e36cc3.html,"SAN FRANCISCO — Pope Leo XIV on July 25, 2026, appointed Archbishop Salvatore J. Cordileone of San Francisco as a member of the Supreme Apostolic Signatura, the Catholic Church’s highest judicial trib",IV Press,,2026-07-31T12:08:50.699777+00:00,6,False,0.1,,none,False,city,,headless,True
5cac4a2251b3,https://www.ivpressonline.com/news/irdf-staff-donates-over-100-backpacks-to-imperial-valley-students/article_bde039b7-6ac1-4705-84a5-7b20201237c7.html,"CALEXICO — Staff members from the Imperial Regional Detention Facility (IRDF) stepped up to support local youth this week, donating more than 100 backpacks packed with school supplies to help Imperial",IV Press,,2026-07-31T12:08:55.065819+00:00,6,False,0.1,,none,False,city,,headless,True
61e1fc8b82c8,https://kyma.com/weather/heat/2026/07/31/imperial-valley-experiences-extreme-heat,Imperial Valley experiences extreme heat,KYMA,,2026-08-01T11:23:06.455290+00:00,24,True,0.4,extreme heat,illness,False,city,,headless,True
ed759990d1c3,https://kyma.com/news/imperial-county/2026/07/31/california-car-thefts-plummet-25-statewide-imperial-county-numbers-hold-steady,"California car thefts plummet 25% statewide, Imperial County numbers hold steady",KYMA,,2026-08-01T11:23:15.925706+00:00,6,False,0.1,,none,False,city,,headless,True
76aa3b10e047,https://www.ivpressonline.com/news/hoover-dam-reopens-after-four-day-repairs/article_c3ad0f3c-9d76-47d5-8160-92087b47fc88.html,"BOULDER CITY, Nev. — Hoover Dam will reopen to visitors Friday following a four-day public closure prompted by a mechanical mishap with the facility’s historic cableway system, federal officials annou",IV Press,,2026-08-02T11:24:34.270295+00:00,0,False,0.0,,none,False,none,,headless,True
4cddbcf6341a,https://www.ivpressonline.com/news/supes-receive-update-on-auditor-controllers-office/article_68f15783-c746-43a0-94b5-9d510b223cf2.html,"EL CENTRO — The Imperial County Board of Supervisors received a status update on the financial stabilization efforts within the Auditor-Controller’s Office on Tuesday, July 28, after approving an agre",IV Press,,2026-08-02T11:24:38.645882+00:00,6,False,0.1,,none,False,city,,headless,True
899eb879d5b6,https://www.ivpressonline.com/news/county-board-approves-2-million-federal-grant-to-boost-security-patrols/article_507b15e8-08cb-46b8-9995-37bc6deaa841.html,EL CENTRO — Imperial County officials have formally accepted $2 million in federal grant funding aimed at bolstering local law enforcement presence along key transit corridors near the U.S.–Mexico bor,IV Press,,2026-08-02T11:24:43.044780+00:00,6,False,0.1,,none,False,city,,headless,True
d3f2a06fb545,https://www.ivpressonline.com/news/el-centro-braces-for-dangerous-heat-wave-as-temperatures-near-118-degrees-this-saturday/article_14048e8f-e797-485e-b26f-7be0fa0484b0.html,"EL CENTRO — Residents across the Imperial Valley are being urged to take immediate precautions as a severe heat wave threatens to bring dangerous, near-record conditions to the region this weekend.",IV Press,,2026-08-02T11:24:47.429063+00:00,61,True,1.0,heat stroke|heat exhaustion|extreme heat|heat wave|cooling center,illness,False,city,,headless,True
02ed432eb67b,https://www.ivpressonline.com/news/cops-briefs-drug-arrest-nets-multiple-felony-allegations/article_b9c667aa-1768-4d9e-88e5-564d1d30109b.html,WINTERHAVEN,IV Press,,2026-08-02T11:24:51.930880+00:00,19,True,0.317,,none,True,city,,headless,True
616817c19483,https://www.ivpressonline.com/news/mexicali-briefs-business-group-calls-for-independent-internal-affairs-oversight-to-combat-police-corruption/article_592e9601-0ece-4bd5-ab42-f87ee56051c2.html,COMMUNITY,IV Press,,2026-08-02T11:24:56.310002+00:00,10,False,0.167,extreme heat|heat wave,warning,False,none,,headless,True
2bc41fad7eb8,https://kyma.com/news/imperial-county/2026/08/03/brawley-police-equip-seniors-with-tools-to-fight-back-against-sophisticated-fraud-schemes,Brawley PD equip seniors with tools to fight back against sophisticated fraud schemes,KYMA,,2026-08-04T12:05:37.406996+00:00,6,False,0.1,,none,False,city,,headless,True
2ab52bf50edd,https://kyma.com/2026/08,A powerful search engine that organizes and provides access to vast information on the internet.,KYMA,,2026-08-04T12:05:42.338076+00:00,0,False,0.0,,none,False,none,,headless,True
9fd2277816bd,https://kyma.com/news/imperial-county/2026/08/03/iid-seeks-to-protect-water-rights-as-new-colorado-river-operating-plan-looms,A powerful search engine that organizes and provides access to vast information on the internet.,KYMA,,2026-08-04T12:05:46.587364+00:00,0,False,0.0,,none,False,none,,headless,True
367588e9d6f5,https://www.ivpressonline.com/news/new-va-clinic-to-open-doors-in-el-centro/article_005be6b0-50f7-4170-a7b7-1414a95bad2e.html,"EL CENTRO — Local veterans in the Imperial Valley will soon have access to a larger, fully modernized healthcare facility designed to streamline care and bring essential medical services closer to hom",IV Press,,2026-08-04T12:08:40.940153+00:00,6,False,0.1,,none,False,city,,headless,True
4b0e30f8265b,https://www.ivpressonline.com/news/candidate-filing-period-for-general-election-closes-august-7th/article_c6764335-b71a-4c2f-be8f-dda5b588ffac.html,"EL CENTRO — Imperial County Registrar of Voters Linsey Dale reminds prospective candidates that the nomination period for local offices appearing on the November 3, 2026, General Election ballot will ",IV Press,,2026-08-04T12:08:45.319125+00:00,6,False,0.1,,none,False,city,,headless,True
a75c6b466771,https://www.ivpressonline.com/news/mexicali-briefs-former-police-chief-four-officers-proclaim-innocence-in-mexicali-forced-disappearance-hearing/article_540282a8-3b65-49c5-8749-2ee4898d67ee.html,COURTS,IV Press,,2026-08-04T12:08:49.685030+00:00,0,False,0.0,,none,False,none,,headless,True
00980b881587,https://www.ivpressonline.com/news/traffic-stop-leads-to-700k-drug-bust/article_7d611756-d6c6-48a6-ab56-9571e17c2422.html,"WINTERHAVEN — A routine traffic stop in southeastern Imperial County turned into one of the area's largest recent narcotics seizures on Thursday, July 30, after local deputies and federal agents uncov",IV Press,,2026-08-04T12:08:54.064089+00:00,6,False,0.1,,none,False,city,,headless,True
2c60d664dd7f,https://www.ivpressonline.com/news/california-water-officials-target-salton-sea-restoration-ponds-for-new-regulatory-protections/article_c08dbf29-3eec-4fe9-b7fe-15cca1e0d5cb.html,"PALM DESERT — State water regulators are taking steps to define and safeguard the legal uses of newly constructed habitats surrounding the shrinking Salton Sea, inviting the public to weigh in on how ",IV Press,,2026-08-04T12:08:58.466369+00:00,0,False,0.0,,none,False,none,,headless,True
2d778ceccdc3,https://www.ivpressonline.com/news/brawley-city-council-member-announces-he-will-not-seek-re-election/article_78f0c9bf-c314-4e8d-a83c-b4a88b4ae0f5.html,article 78f0c9bf c314 4e8d a83c b4a88b4ae0f5.html,IV Press,,2026-08-04T12:09:02.679963+00:00,0,False,0.0,,none,False,none,,headless,False
