article_id,url,title,source,published_date,retrieved_date,score,relevant,confidence,heat_terms_found,incident_type,is_occupational,location_specificity,summary,architecture,full_text_fetched
1e8b01f0fc0a,https://kyma.com/news/top-stories/2026/05/11/newly-built-bus-station-begins-operations-in-calexico/,Newly built bus station begins operations in Calexico,KYMA,2026-05-11T21:03:50+00:00,2026-05-12T05:29:23.438576+00:00,3,False,0.05,,none,False,city,,rss,True
33e5d931c783,https://kyma.com/decision-politics/local-politics/2026/05/11/rep-raul-ruiz-meets-with-epa-in-calexico-over-new-river-crisis/,Rep. Raul Ruiz meets with EPA in Calexico over New River crisis,KYMA,2026-05-11T19:07:27+00:00,2026-05-12T05:29:23.438658+00:00,6,False,0.1,,none,False,city,,rss,True
3287cdd47afa,https://kyma.com/news/imperial-county/2026/05/11/raising-canes-set-to-make-imperial-valley-debut-in-el-centro/,Raising Cane’s set to make Imperial Valley debut in El Centro,KYMA,2026-05-11T17:32:03+00:00,2026-05-12T05:29:23.438735+00:00,6,False,0.1,,none,False,city,,rss,True
7078516755d3,https://kyma.com/news/imperial-county/2026/05/11/ross-avenue-in-el-centro-to-temporarily-close-due-to-road-work/,Ross Avenue in El Centro to temporarily close due to road work,KYMA,2026-05-11T14:57:56+00:00,2026-05-12T05:29:23.438796+00:00,6,False,0.1,,none,False,city,,rss,True
28fefe09eece,https://kyma.com/news/imperial-county/2026/05/10/city-of-brawley-reacts-to-experiencing-multiple-earthquakes/,City of Brawley reacts to experiencing multiple earthquakes,KYMA,2026-05-11T00:00:08+00:00,2026-05-12T05:29:23.438858+00:00,6,False,0.1,,none,False,city,,rss,True
f39ae3be2a55,https://kyma.com/news/imperial-county/2026/05/10/icfd-responds-to-commercial-kitchen-blaze/,ICFD responds to commercial kitchen blaze,KYMA,2026-05-10T21:20:26+00:00,2026-05-12T05:29:23.438916+00:00,6,False,0.1,,none,False,city,,rss,True
354e38c5da38,https://kyma.com/news/imperial-county/2026/05/09/parts-of-imperial-county-experiences-multiple-earthquakes/,Parts of Imperial County experiences multiple earthquakes,KYMA,2026-05-10T00:39:05+00:00,2026-05-12T05:29:23.438970+00:00,6,False,0.1,,none,False,city,,rss,True
80eb788a26f4,https://kyma.com/decision-politics/california-politics/2026/05/08/tomas-oliva-is-running-for-californias-36th-state-assembly-district/,Tomas Oliva is running for California’s 36th State Assembly District,KYMA,2026-05-09T00:22:08+00:00,2026-05-12T05:29:23.439044+00:00,3,False,0.05,,none,False,city,,rss,True
5a09391199cc,https://kyma.com/news/top-stories/2026/05/08/from-donation-bin-to-the-job-market-how-goodwill-is-fueling-careers-in-the-imperial-valley/,From donation bin to the job market: How Goodwill is fueling careers in the Imperial Valley,KYMA,2026-05-09T02:32:16+00:00,2026-05-12T05:29:23.439118+00:00,6,False,0.1,,none,False,city,,rss,True
607b143d4247,https://kyma.com/news/top-stories/2026/05/07/sheriffs-vehicle-government-vehicle-crash-in-winterhaven/,"Sheriff’s vehicle, government vehicle crash in Winterhaven",KYMA,2026-05-08T05:01:20+00:00,2026-05-12T05:29:23.439193+00:00,3,False,0.05,,none,False,city,,rss,True
69b292cc1396,https://kyma.com/news/special-reports/2026/05/07/salton-city-a-food-desert/,Salton City: A food desert,KYMA,2026-05-08T02:35:26+00:00,2026-05-12T05:29:23.439245+00:00,6,False,0.1,,none,False,city,,rss,True
b3a7b521f3bd,https://kyma.com/news/top-stories/2026/05/07/long-trial-expected-for-brawley-couple-accused-of-murdering-child/,Long trial expected for Brawley couple accused of murdering child,KYMA,2026-05-07T22:34:39+00:00,2026-05-12T05:29:23.439313+00:00,3,False,0.05,,none,False,city,,rss,True
c88f23b22c66,https://kyma.com/news/top-stories/2026/05/07/trial-waiting-to-move-forward-for-brawley-murder-suspect/,Trial waiting to move forward for Brawley murder suspect,KYMA,2026-05-07T22:56:06+00:00,2026-05-12T05:29:23.439368+00:00,6,False,0.1,,none,False,city,,rss,True
8614e59e3201,https://kyma.com/news/imperial-county/2026/05/07/summer-tribute-concert-series-to-be-held-at-quechan-casino-resort/,Summer Tribute Concert Series to be held at Quechan Casino Resort,KYMA,2026-05-07T22:03:32+00:00,2026-05-12T05:29:23.439424+00:00,3,False,0.05,,none,False,city,,rss,True
c0cb69bf6e73,https://kyma.com/news/top-stories/2026/05/07/ivedc-hosts-roadshow-to-share-potential-imperial-valley-growth/,IVEDC hosts roadshow to share potential Imperial Valley growth,KYMA,2026-05-07T17:44:02+00:00,2026-05-12T05:29:23.439502+00:00,6,False,0.1,,none,False,city,,rss,True
b45d9b4a726a,https://kyma.com/decision-politics/local-politics/2026/05/06/what-imperial-county-voters-need-to-know-as-vote-by-mail-ballots-go-out-ahead-of-california-primary/,What Imperial County voters need to know as vote-by-mail ballots go out ahead of California Primary,KYMA,2026-05-07T02:02:10+00:00,2026-05-12T05:29:23.439571+00:00,6,False,0.1,,none,False,city,,rss,True
acb3cfe5f596,https://kyma.com/decision-politics/local-politics/2026/05/06/june-ballots-for-imperial-county-races/,June ballots for Imperial County races,KYMA,2026-05-07T00:44:51+00:00,2026-05-12T05:29:23.439622+00:00,6,False,0.1,,none,False,city,,rss,True
16184587d0ed,https://kyma.com/news/imperial-county/2026/05/06/imperial-county-man-arrested-for-robbery-facing-additional-charges/,Imperial County man arrested for robbery facing additional charges,KYMA,2026-05-07T00:10:02+00:00,2026-05-12T05:29:23.439682+00:00,6,False,0.1,,none,False,city,,rss,True
5403092bc398,https://kyma.com/news/imperial-county/2026/05/06/imperial-county-board-approves-mandatory-trash-collection-and-rate-hikes/,Imperial County Board approves mandatory trash collection and rate hikes,KYMA,2026-05-06T17:54:11+00:00,2026-05-12T05:29:23.439740+00:00,6,False,0.1,,none,False,city,,rss,True
b3340b4bd6d8,https://kyma.com/education/imperial-education/2026/05/06/cuhsd-senior-creates-inclusive-dance-for-esn-students-and-their-families/,CUHSD senior creates inclusive dance for ESN students and their families,KYMA,2026-05-06T17:45:37+00:00,2026-05-12T05:29:23.439804+00:00,3,False,0.05,,none,False,city,,rss,True
636f76cab1a1,https://kyma.com/the-good-stuff/holiday/2026/05/05/imperial-valley-college-celebrates-cinco-de-mayo/,Imperial Valley College celebrates Cinco de Mayo,KYMA,2026-05-06T02:38:36+00:00,2026-05-12T05:29:23.439861+00:00,6,False,0.1,,none,False,city,,rss,True
88d01109d334,https://kyma.com/dsw-living/health/2026/05/05/imperial-county-celebrates-mental-health-awareness-month/,Imperial County celebrates Mental Health Awareness Month,KYMA,2026-05-05T18:00:00+00:00,2026-05-12T05:29:23.439917+00:00,6,False,0.1,,none,False,city,,rss,True
3ad90c617bc7,https://kyma.com/news/imperial-county/2026/05/05/city-of-el-centro-to-host-opening-of-immersive-art-exhibition/,City of El Centro to host opening of immersive art exhibition,KYMA,2026-05-05T18:12:22+00:00,2026-05-12T05:29:23.439980+00:00,6,False,0.1,,none,False,city,,rss,True
f074b3472067,https://kyma.com/news/imperial-county/2026/05/04/locals-in-westmorland-attend-cinco-de-mayo-lowrider-car-show/,Locals in Westmorland attend Cinco de Mayo Lowrider Car Show,KYMA,2026-05-04T21:00:31+00:00,2026-05-12T05:29:23.440034+00:00,6,False,0.1,,none,False,city,,rss,True
61231dcd952c,https://kyma.com/news/imperial-county/2026/05/04/city-of-el-centro-to-host-community-meeting-on-city-budget/,City of El Centro to host community meeting on city budget,KYMA,2026-05-04T18:08:14+00:00,2026-05-12T05:29:23.440092+00:00,6,False,0.1,,none,False,city,,rss,True
1a3e1c1f0c6d,https://kyma.com/news/imperial-county/2026/05/04/emilio-nares-foundation-increases-local-presence-for-pediatric-care/,Emilio Nares Foundation increases local presence for pediatric care,KYMA,2026-05-04T17:50:08+00:00,2026-05-12T05:29:23.440150+00:00,3,False,0.05,,none,False,city,,rss,True
b2c5e0f482a2,https://kyma.com/news/imperial-county/2026/05/01/imperial-county-offers-tips-on-safe-bee-removal/,Imperial County offers tips on safe bee removal,KYMA,2026-05-01T21:52:04+00:00,2026-05-12T05:29:23.440203+00:00,6,False,0.1,,none,False,city,,rss,True
573cbcf52131,https://kyma.com/news/top-stories/2026/05/01/imperial-county-public-health-and-law-enforcement-host-stop-look-lock/,Imperial County Public Health and Law Enforcement host ‘STOP. LOOK. LOCK’,KYMA,2026-05-01T17:43:53+00:00,2026-05-12T05:29:23.440275+00:00,21,True,0.35,heatstroke,illness,False,city,,rss,True
d9a596a5b8e1,https://kyma.com/news/breaking-news/2026/04/30/investigators-testify-in-preliminary-hearing-of-man-accused-of-murdering-missing-teen/,Judge agrees to head to trial for man accused of murdering missing teen,KYMA,2026-04-30T21:29:37+00:00,2026-05-12T05:29:23.440338+00:00,0,False,0.0,,none,False,none,,rss,True
2ac493054256,https://kyma.com/news/top-stories/2026/04/30/brawley-coupled-charged-with-child-murder-has-no-set-preliminary-hearing-date/,Brawley coupled charged with child murder has no set preliminary hearing date,KYMA,2026-04-30T21:04:05+00:00,2026-05-12T05:29:23.440395+00:00,3,False,0.05,,none,False,city,,rss,True
a9431b0ebb4f,https://kyma.com/news/top-stories/2026/04/30/fireworks-spectacular-to-be-held-in-calipatria-for-4th-of-july/,Fireworks spectacular to be held in Calipatria for 4th of July,KYMA,2026-04-30T18:38:16+00:00,2026-05-12T05:29:23.440449+00:00,3,False,0.05,,none,False,city,,rss,True
ad13bc7b6d37,https://kyma.com/news/imperial-county/2026/04/29/preliminary-hearing-continues-for-man-accused-of-murdering-missing-teen/,Preliminary hearing continues for man accused of murdering missing teen,KYMA,2026-04-29T20:30:38+00:00,2026-05-12T05:29:23.440524+00:00,6,False,0.1,,none,False,city,,rss,True
b4b1c8621470,https://kyma.com/news/top-stories/2026/04/29/community-urges-council-to-keep-city-manager/,Community urges Calipatria City Council to keep city manager,KYMA,2026-04-29T18:12:44+00:00,2026-05-12T05:29:23.440583+00:00,3,False,0.05,,none,False,city,,rss,True
2de2875b54ec,https://kyma.com/decision-politics/local-politics/2026/04/28/congressman-ruiz-secures-commitment-to-new-river-crisis/,Rep. Raul Ruiz secures commitment to New River crisis,KYMA,2026-04-28T22:55:34+00:00,2026-05-12T05:29:23.440642+00:00,0,False,0.0,,none,False,none,,rss,True
5532e7c3b3ed,https://kyma.com/news/imperial-county/2026/04/28/preliminary-hearing-underway-for-man-accused-of-murdering-missing-teen/,Preliminary hearing underway for man accused of murdering missing teen,KYMA,2026-04-28T17:57:51+00:00,2026-05-12T05:29:23.440696+00:00,6,False,0.1,,none,False,city,,rss,True
d72f667db5c4,https://kyma.com/decision-politics/local-politics/2026/04/28/president-trump-moves-to-reclassify-state-licensed-medical-marijuana/,President Trump moves to reclassify state-licensed medical marijuana,KYMA,2026-04-28T16:52:05+00:00,2026-05-12T05:29:23.440762+00:00,0,False,0.0,,none,False,none,,rss,True
260a566b2d41,https://kyma.com/news/imperial-county/2026/04/28/calexico-10-theatres-to-close-its-doors/,Calexico 10 Theatres to close its doors,KYMA,2026-04-28T15:14:58+00:00,2026-05-12T05:29:23.440814+00:00,6,False,0.1,,none,False,city,,rss,True
fa2c51df6138,https://kyma.com/news/top-stories/2026/04/27/car-crash-on-state-route-111-leaves-one-person-dead/,Car crash on State Route 111 leaves one person dead,KYMA,2026-04-28T00:34:50+00:00,2026-05-12T05:29:23.440865+00:00,0,False,0.0,,none,False,none,,rss,True
84dbe12ef98f,https://kyma.com/news/imperial-county/2026/04/27/imperial-pd-investigates-inappropriate-recording/,Imperial PD investigates inappropriate recording,KYMA,2026-04-27T20:59:26+00:00,2026-05-12T05:29:23.440924+00:00,3,False,0.05,,none,False,city,,rss,True
3c9466c518e8,https://kyma.com/decision-politics/local-politics/2026/04/27/efforts-to-recall-peggy-price-hits-road-bump/,Efforts to recall Peggy Price hits road bump,KYMA,2026-04-27T20:14:27+00:00,2026-05-12T05:29:23.440974+00:00,3,False,0.05,,none,False,city,,rss,True
7d63353f6d5a,https://kyma.com/news/imperial-county/2026/04/27/iid-hosts-earth-day-celebration/,IID hosts Earth Day celebration,KYMA,2026-04-27T20:06:01+00:00,2026-05-12T05:29:23.441028+00:00,3,False,0.05,,none,False,city,,rss,True
7d3adbc91ffd,https://kyma.com/news/imperial-county/2026/04/27/mccabe-road-closed-due-to-road-damage/,McCabe Road closed due to road damage,KYMA,2026-04-27T18:15:20+00:00,2026-05-12T05:29:23.441086+00:00,3,False,0.05,,none,False,city,,rss,True
aa44643f26b5,https://kyma.com/dsw-living/consumer/2026/04/27/iid-launches-2026-summer-savings-initiative/,IID launches 2026 summer savings initiative,KYMA,2026-04-27T17:39:49+00:00,2026-05-12T05:29:23.441139+00:00,3,False,0.05,,none,False,city,,rss,True
70cbecdfb0e4,https://kyma.com/news/imperial-county/2026/04/27/el-centro-aquatic-center-to-close-for-repairs/,El Centro Aquatic Center to close for repairs,KYMA,2026-04-27T16:26:48+00:00,2026-05-12T05:29:23.441192+00:00,6,False,0.1,,none,False,city,,rss,True
c1bc100565d6,https://kyma.com/decision-politics/local-politics/2026/04/24/local-nonprofit-launches-initiative-to-push-youth-to-the-polls/,Local nonprofit launches initiative to push youth to the polls,KYMA,2026-04-24T16:19:06+00:00,2026-05-12T05:29:23.441247+00:00,3,False,0.05,,none,False,city,,rss,True
a1cd0b9eb090,https://kyma.com/decision-politics/local-politics/2026/04/22/supervisor-peggy-price-served-with-notice-of-intent-to-recall/,Supervisor Peggy Price served with notice of intent to recall,KYMA,2026-04-22T14:06:51+00:00,2026-05-12T05:29:23.441305+00:00,6,False,0.1,,none,False,city,,rss,True
dc057b220017,https://kyma.com/news/california-news/2026/04/23/journalist-files-lawsuit-against-imperial-county-over-records-request/,Journalist files lawsuit against Imperial County over records request,KYMA,2026-04-23T17:51:34+00:00,2026-05-12T05:29:23.441366+00:00,6,False,0.1,,none,False,city,,rss,True
3b1a91d5685e,https://kyma.com/news/imperial-county/2026/04/23/brawley-middle-schools-face-off-in-flag-football/,Brawley middle schools face off in flag football,KYMA,2026-04-23T17:51:26+00:00,2026-05-12T05:29:23.441418+00:00,6,False,0.1,,none,False,city,,rss,True
5242b5ce4b63,https://kyma.com/news/imperial-county/2026/04/22/iid-board-approves-summer-bill-credits-to-customers/,IID Board approves summer bill credits to customers,KYMA,2026-04-22T18:29:26+00:00,2026-05-12T05:29:23.441488+00:00,3,False,0.05,,none,False,city,,rss,True
558f7db078ff,https://kyma.com/news/2026/04/27/contest-guess-when-we-hit-111-degrees-2026/,CONTEST: Guess When We Hit 111 Degrees 2026,KYMA,2026-04-27T19:08:46+00:00,2026-05-12T05:29:23.441546+00:00,3,False,0.05,,none,False,city,,rss,True
3565a9371393,https://kyma.com/news/2026/05/12/may-marks-jewish-american-heritage-month/,May marks Jewish American Heritage Month,KYMA,2026-05-13T02:13:28+00:00,2026-05-13T12:09:00.173817+00:00,6,False,0.1,,none,False,city,,rss,True
ee5083c34116,https://kyma.com/news/2026/05/12/fire-destroys-blue-church-in-slab-city/,Fire destroys Blue Church in Slab City,KYMA,2026-05-12T23:43:33+00:00,2026-05-13T12:09:00.173899+00:00,6,False,0.1,,none,False,city,,rss,True
59f89e5651a8,https://kyma.com/news/imperial-county/2026/05/12/el-centro-welcomes-raising-canes-with-open-arms-and-long-lines/,El Centro welcomes Raising Cane’s with open arms and long lines,KYMA,2026-05-12T17:03:39+00:00,2026-05-13T12:09:00.173975+00:00,6,False,0.1,,none,False,city,,rss,True
08747046ee7d,https://kyma.com/news/special-reports/2026/05/13/special-report-imperial-county-recognized-for-support-based-mental-health-outreach-as-cities-increase-enforcement/,SPECIAL REPORT: Imperial County recognized for support-based mental health outreach as cities increase enforcement,KYMA,2026-05-14T06:34:26+00:00,2026-05-14T11:56:17.058229+00:00,6,False,0.1,,none,False,city,,rss,True
855e16f055fb,https://kyma.com/decision-politics/local-politics/2026/05/13/calipatria-city-council-approves-data-center-moratorium-on-heels-of-council-recall-notices/,Calipatria seeks historic data center moratorium on heels of council recall notices,KYMA,2026-05-13T17:26:28+00:00,2026-05-14T11:56:17.058324+00:00,6,False,0.1,,none,False,city,,rss,True
8f450ce652c9,https://kyma.com/news/imperial-county/2026/05/13/imperial-county-woman-sentenced-to-nine-months-in-jail/,Imperial County woman sentenced to nine months in jail,KYMA,2026-05-13T18:01:02+00:00,2026-05-14T11:56:17.058395+00:00,6,False,0.1,,none,False,city,,rss,True
aebe430518a8,https://kyma.com/news/imperial-county/2026/05/12/may-marks-jewish-american-heritage-month/,May marks Jewish American Heritage Month,KYMA,2026-05-13T02:13:28+00:00,2026-05-14T11:56:17.058455+00:00,3,False,0.05,,none,False,city,,rss,True
1416a7146f7f,https://kyma.com/crashes/2026/05/12/man-dies-after-broadside-car-crash-on-state-route-86/,Man dies after broadside car crash on State Route 86,KYMA,2026-05-13T00:43:26+00:00,2026-05-14T11:56:17.058519+00:00,0,False,0.0,,none,False,none,,rss,True
f6385f5df10e,https://kyma.com/news/imperial-county/2026/05/12/fire-destroys-blue-church-in-slab-city/,Fire destroys Blue Church in Slab City,KYMA,2026-05-12T23:43:33+00:00,2026-05-14T11:56:17.058574+00:00,6,False,0.1,,none,False,city,,rss,True
ffd5e0e212d2,https://kyma.com/news/top-stories/2026/05/14/calipatria-city-council-reverses-decision-votes-to-keep-city-manager-laura-gutierrez/,"Calipatria City Council reverses decision, votes to keep city manager Laura Gutierrez",KYMA,2026-05-14T15:40:48+00:00,2026-05-15T11:59:06.300451+00:00,3,False,0.05,,none,False,city,,rss,True
74d9ba086582,https://kyma.com/news/2026/05/14/imperial-county-board-of-supervisors-approves-lithium-valley-workforce-plan/,Imperial County Board of Supervisors Approves Lithium Valley Workforce Plan,KYMA,2026-05-15T00:19:01+00:00,2026-05-15T11:59:06.300668+00:00,6,False,0.1,,none,False,city,,rss,True
cf02a44fb395,https://kyma.com/news/top-stories/2026/05/15/el-centro-police-find-suspect-involved-in-fatal-hit-and-run-on-imperial-avenue/,El Centro police find suspect involved in fatal hit-and-run on Imperial Avenue,KYMA,2026-05-15T22:58:54+00:00,2026-05-16T11:06:06.590030+00:00,9,False,0.15,,none,False,city,,rss,True
a92ac3301c54,https://kyma.com/news/2026/05/15/imperial-schools-concerned-about-data-centers-impacting-community/,Imperial school officials concerned about data centers impacting community,KYMA,2026-05-15T19:00:22+00:00,2026-05-16T11:06:06.590133+00:00,6,False,0.1,,none,False,city,,rss,True
89caa81f9bfe,https://kyma.com/news/2026/05/15/imperial-county-board-approves-mandatory-trash-collection-and-rate-hikes-2/,Imperial County Board approves mandatory trash collection and rate hikes,KYMA,2026-05-15T18:49:33+00:00,2026-05-16T11:06:06.590202+00:00,6,False,0.1,,none,False,city,,rss,True
c20a6c4fd487,https://kyma.com/education/imperial-education/2026/05/16/33-ivc-students-receive-new-laptops/,33 IVC students receive new laptops,KYMA,2026-05-16T22:43:44+00:00,2026-05-17T11:13:26.617998+00:00,3,False,0.05,,none,False,city,,rss,True
58c28b36a69b,https://kyma.com/news/imperial-county/2026/05/16/main-street-in-el-centro-to-temporarily-close-for-embellece-el-centro-downtown-project/,Main Street in El Centro to temporarily close for ‘Embellece El Centro’ Downtown Project,KYMA,2026-05-16T21:59:26+00:00,2026-05-17T11:13:26.618095+00:00,6,False,0.1,,none,False,city,,rss,True
aa6615b243c7,https://kyma.com/education/imperial-education/2026/05/15/imperial-schools-concerned-about-data-centers-impacting-community/,Imperial school officials concerned about data centers impacting community,KYMA,2026-05-15T19:00:22+00:00,2026-05-17T11:13:26.618247+00:00,3,False,0.05,,none,False,city,,rss,True
5578721cd609,https://kyma.com/news/imperial-county/2026/05/15/imperial-county-board-approves-mandatory-trash-collection-and-rate-hikes-2/,Imperial County Board approves mandatory trash collection and rate hikes,KYMA,2026-05-15T18:49:33+00:00,2026-05-17T11:13:26.618311+00:00,6,False,0.1,,none,False,city,,rss,True
b396edf144d0,https://kyma.com/decision-politics/local-politics/2026/05/14/calipatria-city-council-reverses-decision-votes-to-keep-city-manager-laura-gutierrez/,"Calipatria City Council reverses decision, votes to keep City Manager Laura Gutierrez",KYMA,2026-05-14T15:40:48+00:00,2026-05-17T11:13:26.618375+00:00,3,False,0.05,,none,False,city,,rss,True
132d4acb51aa,https://kyma.com/news/imperial-county/2026/05/14/imperial-county-board-of-supervisors-approves-lithium-valley-workforce-plan/,Imperial County Board of Supervisors approves Lithium Valley Workforce Plan,KYMA,2026-05-15T00:19:01+00:00,2026-05-17T11:13:26.618509+00:00,6,False,0.1,,none,False,city,,rss,True
cf609ebb454b,https://www.ivpressonline.com/online_features/press_releases/venus-williams-gives-lmu-graduates-a-lesson-in-winning-big/article_31da484c-751e-5cc0-adc6-f0d868bbe9e8.html,"Venus Williams Gives LMU Graduates a Lesson in ""Winning Big""",IV Press,2026-05-16T22:57:00+00:00,2026-05-17T11:13:29.019338+00:00,0,False,0.0,,none,False,none,,rss,True
aeea5784e3e5,https://www.ivpressonline.com/online_features/tech_talk_and_innovation/top-five-questions-to-ask-an-online-school/article_16c09233-a508-5c90-a1cf-4f2f5fcc4649.html,Top Five Questions to Ask an Online School,IV Press,2026-05-16T08:00:00+00:00,2026-05-17T11:13:29.019396+00:00,0,False,0.0,,none,False,none,,rss,True
44ccfc4be365,https://www.ivpressonline.com/online_features/community_cares/the-health-exam-many-don-t-know-they-need/article_b1ac095c-ab92-5e1f-9ee6-befe3d0ee28b.html,The Health Exam Many Don’t Know They Need,IV Press,2026-05-16T08:00:00+00:00,2026-05-17T11:13:29.019446+00:00,0,False,0.0,,none,False,none,,rss,True
dae1579d05fa,https://www.ivpressonline.com/online_features/community_cares/teens-don-t-worry-about-ai-should-they/article_2423a609-e991-50b7-914b-6d7a95bb4cdd.html,Teens Don‘t Worry  About AI. Should They?,IV Press,2026-05-16T08:00:00+00:00,2026-05-17T11:13:29.019496+00:00,0,False,0.0,,none,False,none,,rss,True
75a6a2c14cdd,https://www.ivpressonline.com/online_features/fashion_beauty_fitness/how-dental-care-has-changed-over-the-last-century/article_139ed4f6-2bfe-50c0-8f0c-2812ce183126.html,How Dental Care Has Changed Over the Last Century,IV Press,2026-05-16T08:00:00+00:00,2026-05-17T11:13:29.019544+00:00,0,False,0.0,,none,False,none,,rss,True
54b97366f010,https://www.ivpressonline.com/opinion/the-postscript-sharons-book-club/article_bb40f416-40ba-46bd-a019-220f4493cba3.html,THE POSTSCRIPT: Sharon's book club,IV Press,2026-05-16T07:00:00+00:00,2026-05-17T11:13:29.019571+00:00,0,False,0.0,,none,False,none,,rss,True
720d646fbf85,https://www.ivpressonline.com/business/beyond-the-bottom-line-why-financial-stress-is-the-quiet-crisis-of-2026/article_fbd7cd15-9bad-412d-9c04-459019da7a65.html,Beyond the bottom line: Why financial stress is the quiet crisis of 2026,IV Press,2026-05-16T07:00:00+00:00,2026-05-17T11:13:29.019616+00:00,0,False,0.0,,none,False,none,,rss,True
dbeca1298feb,https://www.ivpressonline.com/business/beyond-the-bot-why-your-2026-resume-needs-an-ai-strategy/article_f021ef7e-9830-47b3-a7c5-bafd4bfa81ec.html,Beyond the bot: Why your 2026 resume needs an AI strategy,IV Press,2026-05-16T07:00:00+00:00,2026-05-17T11:13:29.019663+00:00,0,False,0.0,,none,False,none,,rss,True
9a01d0f450bb,https://www.ivpressonline.com/opinion/dare-to-live-without-limits-for-every-lock-there-is-a-key/article_ee86a845-897b-4c42-81eb-2601e34e6ff9.html,DARE TO LIVE WITHOUT LIMITS: For every lock there is a key,IV Press,2026-05-16T07:00:00+00:00,2026-05-17T11:13:29.019707+00:00,0,False,0.0,,none,False,none,,rss,True
96330ecec794,https://www.ivpressonline.com/news/calexico-detention-facility-hosts-second-annual-mental-health-fair/article_067a9f79-ff24-4ad2-a3a4-7a3b77f72117.html,Calexico detention facility hosts second annual mental health fair,IV Press,2026-05-16T07:00:00+00:00,2026-05-17T11:13:29.019757+00:00,6,False,0.1,,none,False,city,,rss,True
c9087ca4a824,https://www.ivpressonline.com/news/supervisors-halt-proposed-niland-wastewater-hikes/article_bb778138-44a8-44b8-8efe-a6bb6f4e778b.html,Supervisors halt proposed Niland wastewater hikes,IV Press,2026-05-16T07:00:00+00:00,2026-05-17T11:13:29.019805+00:00,6,False,0.1,,none,False,city,,rss,True
3f295c200f95,https://www.ivpressonline.com/happeningtoday/happening-tomorrow-may-17-19/article_e0750aaf-c1be-49a6-abb9-e562baeb5ca0.html,Happening Tomorrow — May 17-19,IV Press,2026-05-16T07:00:00+00:00,2026-05-17T11:13:29.019833+00:00,0,False,0.0,,none,False,none,,rss,True
f99985a22535,https://www.ivpressonline.com/news/newsom-retreats-on-ihss-cuts-as-gonzalez-declares-victory-for-california-s-most-vulnerable/article_947071dd-2185-4833-949f-5ef3fb532041.html,Newsom retreats on IHSS cuts as Gonzalez declares victory for California’s most vulnerable,IV Press,2026-05-16T07:00:00+00:00,2026-05-17T11:13:29.019885+00:00,0,False,0.0,,none,False,none,,rss,True
b677219276f6,https://www.ivpressonline.com/business/heat-waves-and-drought-new-report-highlights-rising-toll-of-natural-disasters-on-u-s/article_90bd8af7-9002-4496-999f-09ebf36c9bee.html,Heat waves and drought: New report highlights rising toll of natural disasters on U.S. food supply,IV Press,2026-05-16T07:00:00+00:00,2026-05-17T11:13:29.019939+00:00,18,True,0.3,heat wave,illness,False,city,,rss,True
a5775c0ed974,https://www.ivpressonline.com/news/ruiz-calls-for-oversight-probe-into-ice-profiling-at-mobile-home-parks/article_9e0b64c6-c19b-4596-aeb4-30ddbeb836ee.html,Ruiz calls for oversight probe into ICE profiling at mobile home parks,IV Press,2026-05-16T07:00:00+00:00,2026-05-17T11:13:29.019990+00:00,0,False,0.0,,none,False,none,,rss,True
c020bea89df3,https://www.ivpressonline.com/news/ivhd-shares-pediatric-asthma-tips-to-help-children-breathe-easier/article_3c310967-0bd8-4c1a-852a-d3927b66deec.html,IVHD shares pediatric asthma tips to help children breathe easier,IV Press,2026-05-16T07:00:00+00:00,2026-05-17T11:13:29.020024+00:00,0,False,0.0,,none,False,none,,rss,True
565fd7f7dabd,https://www.ivpressonline.com/news/imperial-county-lawsuit-challenges-data-center-prohibition-act-over-claims-of-voter-overreach/article_0524e7f6-f8f4-4be5-aa12-e7b04e6dab18.html,Imperial County lawsuit challenges ‘Data Center Prohibition Act’ over claims of voter overreach,IV Press,2026-05-16T07:00:00+00:00,2026-05-17T11:13:29.020076+00:00,6,False,0.1,,none,False,city,,rss,True
db5a53af48ad,https://www.ivpressonline.com/news/sdsu-imperial-valley-graduates-largest-class-ever/article_2ce22d30-d8e8-4ad6-a3d6-838bfa1e8a30.html,SDSU Imperial Valley graduates largest class ever,IV Press,2026-05-16T07:00:00+00:00,2026-05-17T11:13:29.020118+00:00,6,False,0.1,,none,False,city,,rss,True
83cbdfebeb1e,https://www.ivpressonline.com/news/california-assembly-passes-resolution-declaring-march-2026-as-kidney-month-to-fight-silent-epidemic/article_f388ec6d-3570-4821-b48f-3faf1378ec4b.html,California Assembly passes resolution declaring March 2026 as Kidney Month to fight ‘silent epidemic’,IV Press,2026-05-16T07:00:00+00:00,2026-05-17T11:13:29.020169+00:00,0,False,0.0,,none,False,none,,rss,True
ac3758f361fd,https://www.ivpressonline.com/news/ai-s-thirst-california-communities-face-new-water-strain-as-data-centers-move-inland/article_adf65daf-cf2c-4357-8eb3-bfbdd1a2f3f5.html,AI’s thirst: California communities face new water strain as data centers move inland,IV Press,2026-05-16T07:00:00+00:00,2026-05-17T11:13:29.020219+00:00,0,False,0.0,,none,False,none,,rss,True
680814b592b6,https://www.ivpressonline.com/news/mexicali-briefs-lawmakers-advance-tougher-penalties-for-domestic-violence-auto-theft/article_d2b03112-84a0-4b16-a91d-d15dfbf4d404.html,"MEXICALI BRIEFS: Lawmakers advance tougher penalties for domestic violence, auto theft",IV Press,2026-05-16T07:00:00+00:00,2026-05-17T11:13:29.020266+00:00,0,False,0.0,,none,False,none,,rss,True
ac58738d3325,https://www.ivpressonline.com/news/calfresh-work-or-volunteer-requirements-begin-june-1/article_e4051881-3f13-4629-a01c-72dafcdb5a17.html,CalFresh work or volunteer requirements begin June 1,IV Press,2026-05-16T07:00:00+00:00,2026-05-17T11:13:29.020310+00:00,0,False,0.0,,none,False,none,,rss,True
530877aca6e0,https://www.ivpressonline.com/news/ivc-foundation-and-at-t-help-bridge-the-digital-divide-for-33-students/article_3f9476a0-8e80-439c-9223-2a62f1613043.html,IVC Foundation and AT&T help bridge the digital divide for 33 students,IV Press,2026-05-16T07:00:00+00:00,2026-05-17T11:13:29.020359+00:00,6,False,0.1,,none,False,city,,rss,True
32a1e0ed6c87,https://www.ivpressonline.com/news/county-celebrates-ribbon-cutting-for-renovated-calipatria-library-branch/article_1904c7ba-2771-4bbf-9204-0fe997e1a8a9.html,County celebrates ribbon-cutting for renovated Calipatria Library Branch,IV Press,2026-05-16T07:00:00+00:00,2026-05-17T11:13:29.020409+00:00,6,False,0.1,,none,False,city,,rss,True
2ca586f6e802,https://www.ivpressonline.com/news/el-centro-to-host-annual-public-works-expo/article_b7a8c5e8-cb1c-46d5-aefc-4b4438e74b3b.html,El Centro to host annual Public Works Expo,IV Press,2026-05-16T07:00:00+00:00,2026-05-17T11:13:29.020450+00:00,3,False,0.05,,none,False,city,,rss,True
ce9560c6c64d,https://kyma.com/news/imperial-county/2026/05/17/fire-tears-through-abandoned-home-in-westmorland/,Fire tears through abandoned home in Westmorland,KYMA,2026-05-17T22:13:40+00:00,2026-05-18T13:52:03.810507+00:00,6,False,0.1,,none,False,city,,rss,True
75f3c0c4cbe9,https://kyma.com/news/imperial-county/2026/05/18/activists-convene-in-calexico-for-border-detention-protest/,Activists convene in Calexico for border detention protest,KYMA,2026-05-18T17:10:24+00:00,2026-05-19T12:44:53.312029+00:00,6,False,0.1,,none,False,city,,rss,True
846f2a6dda99,https://kyma.com/news/imperial-county/2026/05/18/locals-react-to-fire-tearing-through-abandoned-home-in-westmorland/,Locals react to fire tearing through abandoned home in Westmorland,KYMA,2026-05-18T18:16:26+00:00,2026-05-19T12:44:53.312115+00:00,6,False,0.1,,none,False,city,,rss,True
ac3acfcd3e64,https://kyma.com/news/imperial-county/2026/05/18/cuidad-senior-apartments-temporarily-evacuated-to-red-cross-emergency-shelter/,Senior Apartments in Brawley temporarily evacuated to Red Cross emergency shelter,KYMA,2026-05-18T17:49:01+00:00,2026-05-19T12:44:53.312191+00:00,6,False,0.1,,none,False,city,,rss,True
809b37be79a2,https://kyma.com/news/top-stories/2026/05/19/imperial-county-board-of-supervisors-to-bring-back-vote-on-lot-merger-for-possible-data-center/,Imperial County Board of Supervisors to bring back vote on lot merger for possible data center,KYMA,2026-05-19T22:13:39+00:00,2026-05-20T12:29:04.062159+00:00,6,False,0.1,,none,False,city,,rss,True
69ac53b12958,https://kyma.com/decision-politics/local-politics/2026/05/19/brawley-city-council-to-consider-temporary-moratorium-on-large-scale-data-centers/,Brawley City Council to consider temporary moratorium on large-scale data centers,KYMA,2026-05-19T17:12:20+00:00,2026-05-20T12:29:04.062244+00:00,3,False,0.05,,none,False,city,,rss,True
b43d5f23cec5,https://kyma.com/news/imperial-county/2026/05/19/protect-your-business-ivrcc-hosts-2026-cyber-risk-workshop/,Protect Your Business: IVRCC hosts 2026 Cyber Risk Workshop,KYMA,2026-05-19T17:10:03+00:00,2026-05-20T12:29:04.062314+00:00,6,False,0.1,,none,False,city,,rss,True
177d3f9f8c48,https://kyma.com/news/imperial-county/2026/05/18/ciudad-senior-apartments-temporarily-evacuated-to-red-cross-emergency-shelter/,Senior Apartments in Brawley temporarily evacuated to Red Cross emergency shelter,KYMA,2026-05-18T17:49:01+00:00,2026-05-20T12:29:04.062529+00:00,6,False,0.1,,none,False,city,,rss,True
57ede266ef90,https://www.ivpressonline.com/opinion/life-out-here-last-of-colorful-times/article_0e115d21-b1bd-4189-8934-58ea27a55508.html,LIFE OUT HERE: Last of colorful times?,IV Press,2026-05-20T07:00:00+00:00,2026-05-20T12:29:06.575236+00:00,0,False,0.0,,none,False,none,,rss,True
fdc23148b328,https://www.ivpressonline.com/news/teens-suspected-in-mosque-shooting-met-online-where-they-were-radicalized-fbi-says/article_b1334488-c2b8-4e50-8b94-2928efa7b903.html,"Teens suspected in mosque shooting met online, where they were radicalized, FBI says",IV Press,2026-05-20T07:00:00+00:00,2026-05-20T12:29:06.575297+00:00,3,False,0.05,,none,False,none,,rss,True
72c934fbe659,https://www.ivpressonline.com/news/cops-briefs-police-arrest-man-for-alleged-parole-violation/article_d8beb039-d12b-4469-89c6-ad5a6ec24022.html,COPS BRIEFS: Police arrest man for alleged parole violation,IV Press,2026-05-20T07:00:00+00:00,2026-05-20T12:29:06.575328+00:00,3,False,0.05,,none,False,city,,rss,True
5b7e86e26e48,https://www.ivpressonline.com/news/brawley-police-to-hold-dui-checkpoint-on-may-22/article_e775ff17-909e-4db8-afa5-6603472f5254.html,Brawley police to hold DUI checkpoint on May 22,IV Press,2026-05-20T07:00:00+00:00,2026-05-20T12:29:06.575373+00:00,3,False,0.05,,none,False,city,,rss,True
5916e572b90e,https://www.ivpressonline.com/news/imperial-school-district-raises-concerns-over-proposed-data-center-calls-for-rigorous-environmental-review/article_6a457295-bd0b-40cf-8da4-4373a9374ddc.html,"Imperial School District raises concerns over proposed data center, calls for rigorous environmental review",IV Press,2026-05-20T07:00:00+00:00,2026-05-20T12:29:06.575423+00:00,3,False,0.05,,none,False,city,,rss,True
c4c27eee2667,https://www.ivpressonline.com/news/brawley-police-launch-click-it-or-ticket-campaign-ahead-of-memorial-day/article_2502e2a7-1284-44ea-8a56-176806d24761.html,Brawley Police launch ‘Click It or Ticket’ campaign ahead of Memorial Day,IV Press,2026-05-20T07:00:00+00:00,2026-05-20T12:29:06.575472+00:00,3,False,0.05,,none,False,city,,rss,True
7f02eab6dafb,https://www.ivpressonline.com/news/ivrop-showcases-cte-student-culinary-arts-skills/article_6f591362-d34e-48d2-bd8b-a3707ac3e0ee.html,IVROP Showcases CTE student culinary arts skills,IV Press,2026-05-20T07:00:00+00:00,2026-05-20T12:29:06.575538+00:00,3,False,0.05,,none,False,city,,rss,True
8c2ccf82d2a6,https://www.ivpressonline.com/news/pterodactyl-screeches-from-a-spare-tire-expose-alleged-exotic-bird-smuggling-at-southern-border/article_32c83933-69d4-4c3a-935c-d2536f5e43e0.html,‘Pterodactyl screeches’ from a spare tire expose alleged exotic bird smuggling at Southern border,IV Press,2026-05-20T07:00:00+00:00,2026-05-20T12:29:06.575591+00:00,0,False,0.0,,none,False,none,,rss,True
137224ed18d3,https://www.ivpressonline.com/ivhigh/iv-high-shs-says-goodbye-to-mrs-enz/article_5686ba75-be14-4317-a5f5-dde906dda938.html,IV HIGH: SHS says goodbye to Mrs. Enz,IV Press,2026-05-20T07:00:00+00:00,2026-05-20T12:29:06.575629+00:00,0,False,0.0,,none,False,none,,rss,True
86b396085cd3,https://www.ivpressonline.com/ivhigh/southwest/iv-high-southwest-theater-hops-in-alice-in-wonderland-and-back-again-production/article_343d6b75-9e05-47fe-9d18-bd22df076048.html,IV HIGH: Southwest Theater hops in ‘Alice in Wonderland (And Back Again)’ production,IV Press,2026-05-20T07:00:00+00:00,2026-05-20T12:29:06.575678+00:00,0,False,0.0,,none,False,none,,rss,True
e8237144e069,https://www.ivpressonline.com/news/brawley-shelter-to-close-after-earthquake-damage-sparks-sudden-apartment-displacements/article_38228d6c-dda4-4905-802e-16a74a993bba.html,Brawley shelter to close after earthquake damage sparks sudden apartment displacements,IV Press,2026-05-20T07:00:00+00:00,2026-05-20T12:29:06.575729+00:00,6,False,0.1,,none,False,city,,rss,True
c0442af59262,https://www.ivpressonline.com/news/ruiz-presses-federal-water-officials-for-action-on-new-river-pollution-crisis/article_ed8b7cf3-3365-48c5-9414-2df6e5dfb857.html,Ruiz presses federal water officials for action on New River pollution crisis,IV Press,2026-05-20T07:00:00+00:00,2026-05-20T12:29:06.575770+00:00,0,False,0.0,,none,False,none,,rss,True
7523614bc711,https://www.ivpressonline.com/adelantevalle/representar-agente-municipal-a-m-xico-en-europa/article_19039450-3ab5-4910-b38c-16b113b9e12f.html,Representará agente municipal a México en Europa,IV Press,2026-05-20T07:00:00+00:00,2026-05-20T12:29:06.575811+00:00,0,False,0.0,,none,False,none,,rss,True
44d407749282,https://www.ivpressonline.com/news/mexicali-briefs-mexicali-police-officer-heads-to-global-athletic-competition-in-france-with-local-business/article_06ae5996-1f2a-4f70-b262-6ed210cb68f3.html,MEXICALI BRIEFS: Mexicali police officer heads to global athletic competition in France with local business backing,IV Press,2026-05-20T07:00:00+00:00,2026-05-20T12:29:06.575842+00:00,0,False,0.0,,none,False,none,,rss,True
2d49ddfbd603,https://www.ivpressonline.com/online_features/press_releases/outscraper-sees-continued-growth-in-use-of-its-google-maps-scraper-for-business-intelligence-needs/article_9be4b551-553b-5e73-a7f4-19134d29f451.html,Outscraper Sees Continued Growth in Use of Its Google Maps Scraper for Business Intelligence Needs,IV Press,2026-05-20T03:59:11+00:00,2026-05-20T12:29:06.575876+00:00,0,False,0.0,,none,False,none,,rss,True
ba3901b2f63f,https://www.ivpressonline.com/online_features/press_releases/london-basin-company-leads-shift-to-statement-sinks-as-british-designers-embrace-countertop-basins/article_dbb71243-ecb1-5f3f-9957-68dfa9319028.html,London Basin Company Leads Shift to Statement Sinks as British Designers Embrace Countertop Basins,IV Press,2026-05-20T03:58:01+00:00,2026-05-20T12:29:06.575908+00:00,0,False,0.0,,none,False,none,,rss,True
247d608c5433,https://www.ivpressonline.com/online_features/press_releases/24-7-digital-marketing-introduces-autopilot-enquiry-system-for-consistent-20-30-qualified-monthly-lead/article_4b4c6429-d640-5151-a39e-def6676c70df.html,24/7 Digital Marketing Introduces “Autopilot Enquiry System” for Consistent 20-30 Qualified Monthly Lead Generation,IV Press,2026-05-20T03:59:44+00:00,2026-05-20T12:29:06.575946+00:00,0,False,0.0,,none,False,none,,rss,True
413953f31a64,https://www.ivpressonline.com/online_features/press_releases/global-times-china-uzbekistans-joint-efforts-in-reviving-aral-sea-a-model-for-implementation-of/article_c76629fb-76ad-5f60-92af-947f3762cfc7.html,"Global Times: China, Uzbekistan's joint efforts in reviving Aral Sea a model for implementation of GDI: Uzbek expert and Tianshan Award winner",IV Press,2026-05-20T03:53:50+00:00,2026-05-20T12:29:06.575979+00:00,0,False,0.0,,none,False,none,,rss,True
2435d85a5a8c,https://www.ivpressonline.com/online_features/press_releases/al-mustafa-welfare-trust-warns-of-escalating-water-crisis-devastating-muslim-communities-across-three-continents/article_9a86f3fd-9885-50fd-879e-f37259c1049d.html,Al Mustafa Welfare Trust Warns of Escalating Water Crisis Devastating Muslim Communities Across Three Continents,IV Press,2026-05-20T03:56:03+00:00,2026-05-20T12:29:06.576012+00:00,0,False,0.0,,none,False,none,,rss,True
a8d99d7b8ef0,https://www.ivpressonline.com/online_features/press_releases/jatagan-security-launches-vertically-integrated-ai-security-platform-delivering-99-9-crime-prevention-rate/article_d345c36e-c40a-537d-a12f-6d313c8baf56.html,"Jatagan Security Launches Vertically Integrated AI Security Platform, Delivering 99.9%+ Crime Prevention Rate",IV Press,2026-05-20T03:55:32+00:00,2026-05-20T12:29:06.576044+00:00,0,False,0.0,,none,False,none,,rss,True
7e815d902c0e,https://www.ivpressonline.com/online_features/press_releases/jpg-designs-marks-more-than-15-years-of-helping-rhode-island-businesses-grow-online/article_cba497eb-8162-5c9c-8bb4-ff018325da31.html,JPG Designs Marks More Than 15 Years of Helping Rhode Island Businesses Grow Online,IV Press,2026-05-20T03:54:53+00:00,2026-05-20T12:29:06.576073+00:00,0,False,0.0,,none,False,none,,rss,True
e279951b1d42,https://www.ivpressonline.com/online_features/press_releases/dental-intelligence-announces-new-wave-of-ai-powered-features-built-for-the-way-practices-actually/article_a1415d1e-a24f-5e94-8430-d0e149551aac.html,Dental Intelligence Announces New Wave of AI-Powered Features Built for the Way Practices Actually Work,IV Press,2026-05-20T03:57:11+00:00,2026-05-20T12:29:06.576104+00:00,0,False,0.0,,none,False,none,,rss,True
09192cf3dc09,https://www.ivpressonline.com/online_features/press_releases/global-times-charting-a-new-future-for-china-us-relations-through-a-new-positioning/article_2af76a1f-4be9-5cd4-85ba-35d0f4e61fc3.html,Global Times: Charting a new future for China-US relations through a 'new positioning',IV Press,2026-05-20T03:53:24+00:00,2026-05-20T12:29:06.576133+00:00,0,False,0.0,,none,False,none,,rss,True
35242a551d87,https://www.ivpressonline.com/online_features/press_releases/earth-and-essence-iv-spa-launches-new-website-and-mobile-iv-hydration-services-in-cleveland/article_f9335f22-07f6-5402-b2c4-2b13634a0c0d.html,"Earth and Essence IV Spa Launches New Website and Mobile IV Hydration Services in Cleveland, OH",IV Press,2026-05-20T03:56:34+00:00,2026-05-20T12:29:06.576163+00:00,0,False,0.0,,none,False,none,,rss,True
cf9bed2066d3,https://www.ivpressonline.com/online_features/press_releases/co-diagnostics-announces-3-0-million-private-placement-priced-at-the-market-under-nasdaq-rules/article_2cd7c0bd-281f-5a09-84c4-35c73a011228.html,Co-Diagnostics Announces $3.0 Million Private Placement Priced At-The-Market Under Nasdaq Rules,IV Press,2026-05-20T02:54:00+00:00,2026-05-20T12:29:06.576213+00:00,0,False,0.0,,none,False,none,,rss,True
639dc29dac2a,https://kyma.com/news/top-stories/2026/05/20/brush-fire-burns-100-acres-east-of-brawley/,Brush fire burns 100 acres east of Brawley,KYMA,2026-05-21T01:21:55+00:00,2026-05-21T12:48:46.309208+00:00,6,False,0.1,,none,False,city,,rss,True
c1e1d8aaccc9,https://kyma.com/news/imperial-county/2026/05/20/robbery-suspects-in-imperial-county-back-in-court/,Robbery suspects in Imperial County back in court,KYMA,2026-05-20T20:24:12+00:00,2026-05-21T12:48:46.309279+00:00,6,False,0.1,,none,False,city,,rss,True
06deecac5dcb,https://kyma.com/news/imperial-county/2026/05/20/mental-health-awareness-walk-to-be-held-in-winterhaven/,Mental Health Awareness Walk to be held in Winterhaven,KYMA,2026-05-20T18:56:44+00:00,2026-05-21T12:48:46.309343+00:00,6,False,0.1,,none,False,city,,rss,True
999bf4e6fcab,https://kyma.com/news/imperial-county/2026/05/20/icso-finds-body-in-salton-city/,ICSO finds body in Salton City,KYMA,2026-05-20T18:36:13+00:00,2026-05-21T12:48:46.309395+00:00,3,False,0.05,,none,False,city,,rss,True
c0459fc257ff,https://kyma.com/play/entertainment/2026/05/20/singer-and-actress-cher-turns-80-years-old/,Singer and actress Cher turns 80-years-old,KYMA,2026-05-20T18:19:51+00:00,2026-05-21T12:48:46.309449+00:00,3,False,0.05,,none,False,city,,rss,True
ad2511320b31,https://kyma.com/dsw-living/data-centers/2026/05/19/imperial-county-board-of-supervisors-to-bring-back-vote-on-lot-merger-for-possible-data-center/,Imperial County Board of Supervisors to bring back vote on lot merger for possible data center,KYMA,2026-05-19T22:13:39+00:00,2026-05-21T12:48:46.309514+00:00,6,False,0.1,,none,False,city,,rss,True
10d98f4af810,https://kyma.com/news/top-stories/2026/05/21/imperial-moves-toward-moratorium-on-hyperscale-data-centers/,Imperial moves toward moratorium on hyperscale data centers,KYMA,2026-05-22T00:45:17+00:00,2026-05-22T12:26:03.584708+00:00,6,False,0.1,,none,False,city,,rss,True
778cf2bb7997,https://kyma.com/news/top-stories/2026/05/21/man-accused-of-murdering-teen-in-salton-city-pleads-not-guilty/,Man accused of murdering teen in Salton City pleads not guilty,KYMA,2026-05-21T21:41:23+00:00,2026-05-22T12:26:03.584796+00:00,6,False,0.1,,none,False,city,,rss,True
4809e3072ca2,https://kyma.com/news/top-stories/2026/05/21/one-teen-hospitalized-another-arrested-after-fight-at-de-anza-high-school/,"One teen hospitalized, another arrested after fight at De Anza High School",KYMA,2026-05-21T21:55:45+00:00,2026-05-22T12:26:03.584878+00:00,3,False,0.05,,none,False,city,,rss,True
315bbb359818,https://kyma.com/news/top-stories/2026/05/21/honoring-the-past-and-future-southwest-high-cadets-host-memorial-day-observance/,Honoring the past and future: Southwest High cadets host Memorial Day observance,KYMA,2026-05-21T18:37:45+00:00,2026-05-22T12:26:03.584967+00:00,3,False,0.05,,none,False,city,,rss,True
bb783120157d,https://kyma.com/dsw-living/data-centers/2026/05/19/imperial-county-board-of-supervisors-hear-public-comments-on-data-center/,Imperial County Board of Supervisors continue to hear public comments on a proposed data center.,KYMA,2026-05-19T22:13:39+00:00,2026-05-22T12:26:03.585318+00:00,6,False,0.1,,none,False,city,,rss,True
9bcebd20c72c,https://kyma.com/news/top-stories/2026/05/22/valley-action-committee-opens-new-office-to-combat-pollution-and-expand-tech-education/,Valley Action Committee opens new office to combat pollution and expand tech education,KYMA,2026-05-22T16:53:52+00:00,2026-05-23T11:17:02.920972+00:00,3,False,0.05,,none,False,city,,rss,True
84f88373515a,https://kyma.com/news/2026/05/22/food-pantry-continues-serving-after-fire-damages-church/,Food pantry continues serving after fire damages church in Westmorland,KYMA,2026-05-22T18:22:26+00:00,2026-05-23T11:17:02.921069+00:00,6,False,0.1,,none,False,city,,rss,True
9b93f05cc212,https://www.ivpressonline.com/opinion/the-postscript-on-the-balcony/article_acfb4d5f-fa21-44be-b6f7-91158f44f95b.html,THE POSTSCRIPT: On the balcony,IV Press,2026-05-23T07:00:00+00:00,2026-05-23T11:17:05.315745+00:00,0,False,0.0,,none,False,none,,rss,True
962c55ecc9bc,https://www.ivpressonline.com/opinion/dare-to-live-without-limits-how-do-you-start-your-day/article_e1333491-2564-41e1-a239-f761dde873c1.html,DARE TO LIVE WITHOUT LIMITS: How do you start your day?,IV Press,2026-05-23T07:00:00+00:00,2026-05-23T11:17:05.315795+00:00,0,False,0.0,,none,False,none,,rss,True
fe2b004fb5e1,https://www.ivpressonline.com/opinion/opinion-hilton-and-becerra-lead-in-new-california-governor-poll-steyer-trails-but-isn-t/article_bea55a1b-81bc-46ca-b1df-1c9e595134b7.html,OPINION: Hilton and Becerra lead in new California governor poll. Steyer trails but isn’t out,IV Press,2026-05-23T07:00:00+00:00,2026-05-23T11:17:05.315843+00:00,0,False,0.0,,none,False,none,,rss,True
c75fc167487c,https://www.ivpressonline.com/featured/ashley-lopez-achieves-academic-comeback/article_c1d1af2b-54da-40e2-8ec7-e407697fe1ee.html,Ashley Lopez achieves academic comeback,IV Press,2026-05-23T07:00:00+00:00,2026-05-23T11:17:05.315903+00:00,3,False,0.05,,none,False,city,,rss,True
277436b8a362,https://www.ivpressonline.com/sports/ivl-golf-season-comes-to-a-close/article_e3ca0f00-2546-42d9-ba96-5f464205c2ba.html,IVL Golf season comes to a close,IV Press,2026-05-23T07:00:00+00:00,2026-05-23T11:17:05.315947+00:00,6,False,0.1,,none,False,city,,rss,True
b7a04f32523d,https://www.ivpressonline.com/featured/after-hours-bookstore-gives-back-to-the-community/article_3d42943c-21f8-43fe-9089-99fc72341869.html,After Hours Bookstore gives back to the community,IV Press,2026-05-23T07:00:00+00:00,2026-05-23T11:17:05.315989+00:00,3,False,0.05,,none,False,city,,rss,True
02cc4354b518,https://www.ivpressonline.com/news/from-footpath-to-forever-brawley-approves-veterans-memorial-arch-to-honor-the-fallen/article_375ad158-4609-48f3-a87a-fe88961fe101.html,From footpath to forever: Brawley approves Veterans Memorial Arch to honor the fallen,IV Press,2026-05-23T07:00:00+00:00,2026-05-23T11:17:05.316036+00:00,3,False,0.05,,none,False,city,,rss,True
a6e3fdb6f6e8,https://www.ivpressonline.com/news/house-democrats-file-rare-petition-to-force-vote-on-wounded-veteran-tax-bill/article_5cabc8e4-4e0b-474c-9825-476a3f014b67.html,House Democrats file rare petition to force vote on ‘Wounded Veteran Tax’ Bill,IV Press,2026-05-23T07:00:00+00:00,2026-05-23T11:17:05.316089+00:00,0,False,0.0,,none,False,none,,rss,True
f045ebe2e6d1,https://www.ivpressonline.com/news/california-launches-tech-upgrade-to-battle-deadly-summer-heatwave-threat/article_34455fbe-c81f-4ec1-bf61-adf7f2ea14ed.html,California launches tech upgrade to battle deadly summer heatwave threat,IV Press,2026-05-23T07:00:00+00:00,2026-05-23T11:17:05.316149+00:00,20,True,0.333,extreme heat|heatwave,illness,False,none,,rss,True
068a2f5cef80,https://www.ivpressonline.com/news/california-assembly-passes-bipartisan-slate-to-cut-red-tape-for-disabled-residents-veterans/article_0e377866-7aaa-4f1c-aeec-fd26382b6d49.html,"California Assembly passes bipartisan slate to cut red tape for disabled residents, veterans",IV Press,2026-05-23T07:00:00+00:00,2026-05-23T11:17:05.316202+00:00,0,False,0.0,,none,False,none,,rss,True
01ddeb6bb00d,https://www.ivpressonline.com/news/mexicali-briefs-perfect-storm-of-bad-weather-lost-subsidies-and-strong-peso-threatens-to-decimate/article_33fa7940-3a15-42a6-89c6-21ed3d2ac388.html,"MEXICALI BRIEFS: Perfect storm of bad weather, lost subsidies, and strong Peso threatens to decimate Mexicali wheat farming",IV Press,2026-05-23T07:00:00+00:00,2026-05-23T11:17:05.316234+00:00,0,False,0.0,,none,False,none,,rss,True
b333844191df,https://www.ivpressonline.com/news/former-el-centro-councilman-among-six-appointed-to-imperial-county-airport-boards/article_5fc6cbb8-39c7-4e76-be0a-65bea01cafdd.html,Former El Centro councilman among six appointed to Imperial County airport boards,IV Press,2026-05-23T07:00:00+00:00,2026-05-23T11:17:05.316284+00:00,6,False,0.1,,none,False,city,,rss,True
9afbb78a77c4,https://www.ivpressonline.com/news/staged-social-media-fights-lead-to-arrest-of-calexico-high-school-students/article_ebab4535-50a5-4721-b837-d535b18d57b9.html,Staged social media fights lead to arrest of Calexico High School students,IV Press,2026-05-23T07:00:00+00:00,2026-05-23T11:17:05.316330+00:00,3,False,0.05,,none,False,city,,rss,True
7ee2ba81a9aa,https://www.ivpressonline.com/news/earthquake-response-and-data-center-pause-dominate-brawley-city-council-meeting/article_8d8056e3-d72e-4828-9ffd-16489dc4fabc.html,Earthquake response and data center pause dominate Brawley City Council meeting,IV Press,2026-05-23T07:00:00+00:00,2026-05-23T11:17:05.316378+00:00,3,False,0.05,,none,False,city,,rss,True
4bd26c2d97cd,https://www.ivpressonline.com/news/supervisors-explore-changing-rules-to-reconsider-controversial-votes/article_65a9ee6f-ddd6-4ee5-aca9-f5e5aac8e90d.html,Supervisors explore changing rules to reconsider controversial votes,IV Press,2026-05-23T07:00:00+00:00,2026-05-23T11:17:05.316426+00:00,6,False,0.1,,none,False,city,,rss,True
7e656b6b6545,https://www.ivpressonline.com/online_features/press_releases/czr-exchange-announces-exclusive-czr-vip-south-of-france-gala/article_98e41b0d-d402-59e4-a732-89e3c32f137c.html,CZR Exchange Announces Exclusive CZR VIP South of France Gala,IV Press,2026-05-23T02:40:03+00:00,2026-05-23T11:17:05.316456+00:00,0,False,0.0,,none,False,none,,rss,True
364f36f65f3a,https://www.ivpressonline.com/online_features/press_releases/the-hidden-income-most-montana-homeowners-are-missing-and-why-2026-could-change-everything/article_2ce88ff6-e1f8-5944-9a72-6e0517624d6d.html,The Hidden Income Most Montana Homeowners Are Missing – And Why 2026 Could Change Everything,IV Press,2026-05-23T02:00:03+00:00,2026-05-23T11:17:05.316494+00:00,0,False,0.0,,none,False,none,,rss,True
7c9e65d5474a,https://www.ivpressonline.com/online_features/press_releases/systemic-biographical-restoration-us-directive-the-libari-brothers-directive-restoring-m-hamed-libari-s-legacy/article_9705728b-e5f0-5eb7-baf6-427dfa8fbc25.html,Systemic Biographical Restoration & US Directive The Libari Brothers Directive: Restoring M’Hamed Libari’s Legacy,IV Press,2026-05-23T01:55:02+00:00,2026-05-23T11:17:05.316548+00:00,0,False,0.0,,none,False,none,,rss,True
8220c608a69c,https://www.ivpressonline.com/online_features/press_releases/new-thriller-clifford-s-war-redivivus-sends-p-i-clifford-dee-into-a-snowbound-case/article_da443115-f097-5a51-bb93-25904de40b33.html,"New Thriller “Clifford’s War: Redivivus” Sends P.I. Clifford Dee Into a Snowbound Case of Secrets, Trauma, and Conspiracy",IV Press,2026-05-23T01:50:02+00:00,2026-05-23T11:17:05.316584+00:00,0,False,0.0,,none,False,none,,rss,False
b480a5b847ca,https://www.ivpressonline.com/online_features/press_releases/mva-match-wreck-match-and-injuredhelp-ai-build-ai-powered-legal-intake-and-accident-response/article_c16946e4-b465-5c49-acc7-0618166e23c0.html,"MVA Match, Wreck Match, and InjuredHelp.ai Build AI-Powered Legal Intake and Accident Response Ecosystem to Scale Personal Injury Law Firms",IV Press,2026-05-23T01:50:02+00:00,2026-05-23T11:17:05.316632+00:00,0,False,0.0,,none,False,none,,rss,True
e7e52a8bcea0,https://www.ivpressonline.com/online_features/press_releases/award-winning-author-ellie-block-sets-sail-for-key-west-in-heartwarming-new-novel-the/article_03b74905-1c8d-5a55-9c34-ac61373b273f.html,"Award-Winning Author Ellie Block Sets Sail for Key West in Heartwarming New Novel, “The Secret of Sunrises”",IV Press,2026-05-23T01:50:02+00:00,2026-05-23T11:17:05.316666+00:00,0,False,0.0,,none,False,none,,rss,False
ec67b8569fc9,https://www.ivpressonline.com/online_features/press_releases/dan-mrejeru-s-the-making-the-rise-and-the-future-of-the-speakingman-seventh-edition/article_06d35cbe-7ae0-5854-99eb-82d03d9e05e9.html,"Dan Mrejeru’s “The Making, the Rise, and the Future of the Speakingman – Seventh Edition” Expands Its Ambitious Inquiry Into Human Origins, Planetary Cooling, and the Information Society",IV Press,2026-05-23T01:45:03+00:00,2026-05-23T11:17:05.316705+00:00,0,False,0.0,,none,False,none,,rss,False
67ff87371038,https://www.ivpressonline.com/online_features/press_releases/a-musical-oasis-awaits-songwriting-is-magic-returns-to-full-moon-resort-this-fall/article_e7d93424-2e91-5cbd-a8d4-9b7c337ba9c4.html,A Musical Oasis Awaits: “Songwriting is Magic” Returns to Full Moon Resort This Fall,IV Press,2026-05-23T01:40:02+00:00,2026-05-23T11:17:05.316735+00:00,0,False,0.0,,none,False,none,,rss,False
52bad9b2b165,https://www.ivpressonline.com/online_features/press_releases/robert-a-layman-iii-introduces-financial-strategy-to-help-families-take-control-of-their-wealth/article_989328b3-610d-55dc-b363-db0624301266.html,Robert A. Layman III Introduces Financial Strategy to Help Families Take Control of Their Wealth and Navigate Retirement with Confidence,IV Press,2026-05-23T01:40:02+00:00,2026-05-23T11:17:05.316794+00:00,0,False,0.0,,none,False,none,,rss,True
5dc7df213844,https://www.ivpressonline.com/online_features/press_releases/britain-s-wealth-exodus-drives-demand-for-cross-border-planning/article_292da885-4368-5859-a708-62ff25335990.html,Britain’s Wealth Exodus Drives Demand for Cross-Border Planning,IV Press,2026-05-23T01:40:02+00:00,2026-05-23T11:17:05.316836+00:00,0,False,0.0,,none,False,none,,rss,True
ade3c1355e71,https://kyma.com/news/imperial-county/2026/05/22/workers-protest-over-new-contract/,Workers in Calexico protest over new contract,KYMA,2026-05-23T04:10:04+00:00,2026-05-24T11:19:49.778367+00:00,6,False,0.1,,none,False,city,,rss,True
63d94673f58a,https://kyma.com/news/imperial-county/2026/05/22/food-pantry-continues-serving-after-fire-damages-church/,Food pantry continues serving after fire damages church in Westmorland,KYMA,2026-05-22T18:22:26+00:00,2026-05-24T11:19:49.778496+00:00,6,False,0.1,,none,False,city,,rss,True
a31740aba5dd,https://kyma.com/news/imperial-county/2026/05/21/man-accused-of-murdering-teen-in-salton-city-pleads-not-guilty/,Man accused of murdering teen in Salton City pleads not guilty,KYMA,2026-05-21T21:41:23+00:00,2026-05-24T11:19:49.778599+00:00,3,False,0.05,,none,False,city,,rss,True
2a047e09529b,https://kyma.com/news/imperial-county/2026/05/21/one-teen-hospitalized-another-arrested-after-fight-at-de-anza-high-school/,"One teen hospitalized, another arrested after fight at De Anza High School",KYMA,2026-05-21T21:55:45+00:00,2026-05-24T11:19:49.778652+00:00,3,False,0.05,,none,False,city,,rss,True
c9fa7256ae81,https://kyma.com/news/military/2026/05/21/honoring-the-past-and-future-southwest-high-cadets-host-memorial-day-observance/,Honoring the past and future: Southwest High cadets host Memorial Day observance,KYMA,2026-05-21T18:37:45+00:00,2026-05-24T11:19:49.778714+00:00,0,False,0.0,,none,False,none,,rss,True
ec8c91b5052a,https://kyma.com/news/top-stories/2026/05/26/el-centro-to-host-block-party-for-4th-of-july/,El Centro to host block party for 4th of July,KYMA,2026-05-26T21:41:29+00:00,2026-05-27T12:55:43.639185+00:00,3,False,0.05,,none,False,city,,rss,True
fea654226b86,https://kyma.com/news/border-security/2026/05/26/border-patrol-el-centro-sector-agents-conduct-immigration-enforcement-across-coachella-valley/,Border Patrol El Centro Sector agents conduct immigration enforcement across Coachella Valley,KYMA,2026-05-26T19:42:17+00:00,2026-05-27T12:55:43.639276+00:00,3,False,0.05,,none,False,city,,rss,True
7cdd8c65144b,https://kyma.com/news/imperial-county/2026/05/26/officers-find-guns-hidden-in-vehicle-at-calexico-west-port-of-entry/,Officers find guns hidden in vehicle at Calexico West Port of Entry,KYMA,2026-05-26T17:45:36+00:00,2026-05-27T12:55:43.639356+00:00,6,False,0.1,,none,False,city,,rss,True
02bea488f901,https://kyma.com/news/imperial-county/2026/05/26/iid-donates-mobile-command-center-to-icso/,IID donates Mobile Command Center to ICSO,KYMA,2026-05-26T18:36:05+00:00,2026-05-27T12:55:43.639426+00:00,3,False,0.05,,none,False,city,,rss,True
9448b12e5315,https://kyma.com/news/imperial-county/2026/05/25/two-homes-in-brawley-caught-on-fire/,Two homes in Brawley caught on fire,KYMA,2026-05-25T20:06:38+00:00,2026-05-27T12:55:43.639503+00:00,6,False,0.1,,none,False,city,,rss,True
efa6d86c5b2a,https://kyma.com/the-good-stuff/holiday/2026/05/25/el-centro-unites-at-bucklin-park-to-remember-the-fallen/,El Centro unites at Bucklin Park to remember the fallen,KYMA,2026-05-25T18:34:40+00:00,2026-05-27T12:55:43.639571+00:00,3,False,0.05,,none,False,city,,rss,True
907748bfc220,https://kyma.com/the-good-stuff/holiday/2026/05/25/imperial-county-residents-participate-in-fallen-heroes-honor-walk/,Imperial County residents participate in Fallen Heroes Honor Walk,KYMA,2026-05-25T19:24:18+00:00,2026-05-27T12:55:43.639632+00:00,6,False,0.1,,none,False,city,,rss,True
66c1b0c26208,https://kyma.com/news/top-stories/2026/05/27/meet-your-candidate-patricia-lizarraga-runs-for-imperial-county-board-of-supervisors-district-5/,Meet your candidate: Patricia Lizarraga runs for Imperial County Board of Supervisors District 5,KYMA,2026-05-28T00:50:25+00:00,2026-05-28T13:56:35.560471+00:00,6,False,0.1,,none,False,city,,rss,True
07d130f364f5,https://kyma.com/news/top-stories/2026/05/27/meet-your-candidate-lorena-minor-montes-runs-for-imperial-county-board-of-supervisors-district-5/,Meet your candidate: Lorena Minor-Montes runs for Imperial County Board of Supervisors District 5,KYMA,2026-05-28T00:43:51+00:00,2026-05-28T13:56:35.560577+00:00,6,False,0.1,,none,False,city,,rss,True
b55dff46a97f,https://kyma.com/news/imperial-county/2026/05/27/1998-death-penalty-case-heads-back-to-court/,1998 Death penalty case heads back to court,KYMA,2026-05-27T19:04:42+00:00,2026-05-28T13:56:35.560643+00:00,9,False,0.15,,none,False,city,,rss,True
c488845e274e,https://kyma.com/news/imperial-county/2026/05/27/imperial-valley-college-see-something-say-something/,"Imperial Valley College: ‘See something, say something’",KYMA,2026-05-27T18:53:18+00:00,2026-05-28T13:56:35.560714+00:00,6,False,0.1,,none,False,city,,rss,True
0ca0ca661201,https://kyma.com/news/top-stories/2026/05/28/imperial-county-election-campaigning-not-allowed-within-100-feet-of-voting-center/,Imperial County: Election campaigning not allowed within 100 feet of voting center,KYMA,2026-05-28T21:31:50+00:00,2026-05-29T12:49:27.098285+00:00,6,False,0.1,,none,False,city,,rss,True
11c564d0ff29,https://kyma.com/news/top-stories/2026/05/29/meet-your-candidate-joong-kim-runs-for-imperial-county-board-of-supervisors-district-1/,Meet your candidate: Joong Kim runs for Imperial County Board of Supervisors District 1,KYMA,2026-05-29T23:29:19+00:00,2026-05-30T11:25:26.804843+00:00,6,False,0.1,,none,False,city,,rss,True
edae237095bf,https://kyma.com/news/top-stories/2026/05/29/meet-your-candidate-enrique-alvarado-runs-for-imperial-county-board-of-supervisors-district-1/,Meet your candidate: Enrique Alvarado runs for Imperial County Board of Supervisors District 1,KYMA,2026-05-29T23:24:46+00:00,2026-05-30T11:25:26.804937+00:00,6,False,0.1,,none,False,city,,rss,True
1cb8f9e345b8,https://kyma.com/news/top-stories/2026/05/29/one-person-found-dead-after-car-catches-fire-on-state-route-86/,One person found dead after car catches fire on State Route 86,KYMA,2026-05-29T21:35:21+00:00,2026-05-30T11:25:26.805037+00:00,3,False,0.05,,none,False,city,,rss,True
215daccb35a6,https://kyma.com/news/top-stories/2026/05/29/four-people-arrested-in-connection-with-murder-of-man-in-salton-city/,Four people arrested in connection with murder of man in Salton City,KYMA,2026-05-29T21:06:54+00:00,2026-05-30T11:25:26.805114+00:00,6,False,0.1,,none,False,city,,rss,True
fcf99350ab71,https://kyma.com/news/top-stories/2026/05/29/fire-damages-two-homes-in-el-centro-power-outage-affects-100-residents/,"Fire damages two homes in El Centro, power outage affects 100 residents",KYMA,2026-05-29T18:08:31+00:00,2026-05-30T11:25:26.805186+00:00,3,False,0.05,,none,False,city,,rss,True
ce8e70862404,https://kyma.com/decision-politics/local-politics/2026/05/30/meet-your-candidate-john-hawk-runs-for-imperial-county-board-of-supervisors-district-5/,Meet your candidate: John Hawk runs for Imperial County Board of Supervisors District 5,KYMA,2026-05-30T20:02:33+00:00,2026-05-31T11:42:40.966239+00:00,6,False,0.1,,none,False,city,,rss,True
b2ff5093d7b8,https://kyma.com/dsw-living/health/2026/05/30/ecrmc-receives-11-million-california-distressed-hospital-grant/,ECRMC receives $11 million California Distressed Hospital grant,KYMA,2026-05-30T20:19:02+00:00,2026-05-31T11:42:40.966341+00:00,6,False,0.1,,none,False,city,,rss,True
559ed1c2c962,https://kyma.com/news/imperial-county/2026/05/30/beat-the-heat-imperial-valley-staying-cool-this-summer/,Beat the heat Imperial Valley: Staying cool this summer,KYMA,2026-05-30T15:30:40+00:00,2026-05-31T11:42:40.966428+00:00,11,False,0.183,cooling center,illness,False,city,,rss,True
b62164422db4,https://kyma.com/decision-politics/local-politics/2026/05/27/meet-your-candidate-patricia-lizarraga-runs-for-imperial-county-board-of-supervisors-district-5/,Meet your candidate: Patricia Lizarraga runs for Imperial County Board of Supervisors District 5,KYMA,2026-05-28T00:50:25+00:00,2026-05-31T11:42:40.966502+00:00,6,False,0.1,,none,False,city,,rss,True
ec6fab4588c6,https://kyma.com/decision-politics/local-politics/2026/05/29/meet-your-candidate-joong-kim-runs-for-imperial-county-board-of-supervisors-district-1/,Meet your candidate: Joong Kim runs for Imperial County Board of Supervisors District 1,KYMA,2026-05-29T23:29:19+00:00,2026-05-31T11:42:40.966573+00:00,6,False,0.1,,none,False,city,,rss,True
14cdcd6f01f4,https://kyma.com/news/imperial-county/2026/05/29/fire-damages-two-homes-in-el-centro-power-outage-affects-100-residents/,"Fire damages two homes in El Centro, power outage affects 100 residents",KYMA,2026-05-29T18:08:31+00:00,2026-05-31T11:42:40.966847+00:00,6,False,0.1,,none,False,city,,rss,True
ac14e1c89967,https://kyma.com/news/imperial-county/2026/05/29/ivc-students-fundraise-for-a-trip-to-d-c/,IVC students fundraise for a trip to D.C.,KYMA,2026-05-29T17:09:44+00:00,2026-05-31T11:42:40.966906+00:00,3,False,0.05,,none,False,city,,rss,True
212d775c9b49,https://kyma.com/news/imperial-county/2026/05/29/imperial-county-district-attorneys-office-swears-in-first-post-bar-law-clerk/,Imperial County District Attorney’s Office swears in first Post-Bar Law Clerk,KYMA,2026-05-29T17:22:55+00:00,2026-05-31T11:42:40.966983+00:00,6,False,0.1,,none,False,city,,rss,True
bc02ef16b2a3,https://kyma.com/decision-politics/local-politics/2026/05/28/imperial-county-election-campaigning-not-allowed-within-100-feet-of-voting-center/,Imperial County: Election campaigning not allowed within 100 feet of voting center,KYMA,2026-05-28T21:31:50+00:00,2026-05-31T11:42:40.967053+00:00,6,False,0.1,,none,False,city,,rss,True
4641d691849e,https://www.ivpressonline.com/valleywomen/thick-skin-soft-heart-amanda-reel-s-journey-through-the-automotive-industry/article_6ab0bd79-f4b6-4935-9bf0-1b173820fa06.html,"Thick skin, soft heart: Amanda Reel’s journey through the automotive industry",IV Press,2026-05-31T07:00:00+00:00,2026-05-31T11:42:43.196669+00:00,0,False,0.0,,none,False,none,,rss,True
d8a180f452a7,https://www.ivpressonline.com/valleywomen/rooted-in-family-kaylin-duffy-balances-agriculture-motherhood-and-leadership/article_2f6eaf0e-a5ea-4e4a-be51-04cbd42bf1ef.html,"Rooted in Family: Kaylin Duffy balances agriculture, motherhood and leadership",IV Press,2026-05-31T07:00:00+00:00,2026-05-31T11:42:43.196714+00:00,0,False,0.0,,none,False,none,,rss,True
4ca5d75df638,https://www.ivpressonline.com/valleywomen/ray-of-sunshine-amy-la-collings-leads-with-grace/article_0249b8e6-f987-434e-862d-7fa49848b54c.html,Ray of Sunshine: Amy La Collings leads with grace,IV Press,2026-05-31T07:00:00+00:00,2026-05-31T11:42:43.196762+00:00,0,False,0.0,,none,False,none,,rss,True
68e81c996574,https://www.ivpressonline.com/valleywomen/determination-and-resilience-elissa-sanchez-builds-her-place-in-agriculture-while-redefining-leadership/article_6d254916-1e0b-4ea3-9578-c80bf26ba120.html,Determination and Resilience: Elissa Sanchez builds her place in agriculture while redefining leadership,IV Press,2026-05-31T07:00:00+00:00,2026-05-31T11:42:43.196803+00:00,0,False,0.0,,none,False,none,,rss,True
a4a4cbdcb40f,https://www.ivpressonline.com/online_features/real_estate/how-one-company-is-helping-families-rebuild-after-eaton-fire/article_9cbc47b2-ce64-5599-b952-f6cede05cb75.html,How one company is helping families rebuild after Eaton Fire,IV Press,2026-05-31T04:01:00+00:00,2026-05-31T11:42:43.196842+00:00,0,False,0.0,,none,False,none,,rss,True
37fdd862b215,https://www.ivpressonline.com/online_features/press_releases/pompa-program-surpasses-1-300-trustpilot-ratings-with-4-7-5-star-average/article_1f134fc7-b0a6-5929-920b-b23d1f3ea6fc.html,"Pompa Program Surpasses 1,300 Trustpilot Ratings with 4.7/5 Star Average",IV Press,2026-05-31T00:30:37+00:00,2026-05-31T11:42:43.196874+00:00,0,False,0.0,,none,False,none,,rss,True
3be0b2821063,https://www.ivpressonline.com/online_features/press_releases/global-times-at-80-award-winning-illustrator-cai-gao-still-draws-inspiration-from-childhood/article_7e51b97f-5702-5385-8e55-44e2333b0287.html,"Global Times: At 80, award winning illustrator Cai Gao still draws inspiration from childhood",IV Press,2026-05-31T00:29:21+00:00,2026-05-31T11:42:43.196907+00:00,0,False,0.0,,none,False,none,,rss,True
057a4deb1375,https://www.ivpressonline.com/online_features/press_releases/global-times-china-s-diverse-city-cultures-brew-unique-coffee-flavors/article_d3fd7615-5bd7-51c5-95cb-47c3b1a841ec.html,Global Times: China’s diverse city cultures brew unique coffee flavors,IV Press,2026-05-31T00:28:56+00:00,2026-05-31T11:42:43.196942+00:00,0,False,0.0,,none,False,none,,rss,True
0c333c4f1f64,https://www.ivpressonline.com/online_features/press_releases/relux-collision-helps-sacramento-drivers-manage-insurance-claims-and-reduce-out-of-pocket-costs-after/article_e4833cc9-e482-5220-9136-f910bc4018b8.html,Relux Collision Helps Sacramento Drivers Manage Insurance Claims and Reduce Out-of-Pocket Costs After Accidents,IV Press,2026-05-30T19:25:02+00:00,2026-05-31T11:42:43.196972+00:00,0,False,0.0,,none,False,none,,rss,False
cf1060f58499,https://www.ivpressonline.com/online_features/press_releases/global-times-how-a-novel-about-qiaopi-and-a-filmmaker-s-visit-led-to-dear/article_76d3a15b-bee7-5ba5-9f4e-bb4cf695c134.html,Global Times: How a novel about ‘qiaopi’ and a filmmaker’s visit led to ‘Dear You’,IV Press,2026-05-30T17:19:17+00:00,2026-05-31T11:42:43.197008+00:00,0,False,0.0,,none,False,none,,rss,True
533560ebe9e7,https://www.ivpressonline.com/online_features/press_releases/global-times-china-demonstrates-remarkable-ability-to-set-a-long-term-vision-and-actually-execute/article_4f04eb7d-9546-550c-99c8-414072457098.html,Global Times: China demonstrates remarkable ability to set a long-term vision and actually execute it,IV Press,2026-05-30T17:18:57+00:00,2026-05-31T11:42:43.197041+00:00,0,False,0.0,,none,False,none,,rss,True
e3e39361237a,https://www.ivpressonline.com/online_features/press_releases/zenapet-expands-focus-on-feline-wellness-with-growing-interest-in-colostrum-plus-cat-supplement/article_8d54387e-09ca-5211-bc05-4ef68c26baf5.html,Zenapet Expands Focus on Feline Wellness With Growing Interest in Colostrum Plus Cat Supplement,IV Press,2026-05-30T17:01:35+00:00,2026-05-31T11:42:43.197073+00:00,0,False,0.0,,none,False,none,,rss,True
2208e5e94248,https://www.ivpressonline.com/online_features/press_releases/mellow-cloud-pillow-introduces-switchfit-dual-height-support-for-more-personalized-sleep-comfort/article_cbafc26b-80b8-5653-9a34-9e8373ee7ae7.html,Mellow Cloud Pillow Introduces SwitchFit™ Dual-Height Support for More Personalized Sleep Comfort,IV Press,2026-05-30T16:20:35+00:00,2026-05-31T11:42:43.197112+00:00,0,False,0.0,,none,False,none,,rss,True
8691695d3074,https://www.ivpressonline.com/online_features/press_releases/locked-up-and-put-away-by-booker-geez-offers-a-powerful-inside-look-into-america/article_470fc27f-7986-5fae-8b88-533b6334e319.html,Locked Up and Put Away by Booker Geez Offers a Powerful Inside Look Into America’s Juvenile Justice System,IV Press,2026-05-30T15:30:02+00:00,2026-05-31T11:42:43.197146+00:00,0,False,0.0,,none,False,none,,rss,False
21e1c4dbdece,https://www.ivpressonline.com/online_features/press_releases/restoration-logistics-expands-24-7-emergency-response-fleet-in-boulder-valley/article_42fd4aef-b25c-5c39-a773-d373db5eeb1b.html,Restoration Logistics Expands 24/7 Emergency Response Fleet in Boulder Valley,IV Press,2026-05-30T15:15:02+00:00,2026-05-31T11:42:43.197174+00:00,0,False,0.0,,none,False,none,,rss,False
346bc87f2705,https://www.ivpressonline.com/online_features/press_releases/roads-phase-3-clinical-trial-data-presented-at-asco26-show-gammatile-provides-superior-tumor-control/article_de017a43-9242-57fd-85ff-e4c1fa3f1dc6.html,ROADS Phase 3 Clinical Trial Data Presented at ASCO26 Show GammaTile® Provides Superior Tumor Control Leading to Patients Living Longer Without Recurrence Compared to Standard of Care in Newly Diagnosed Operable Brain Metastases,IV Press,2026-05-30T12:05:00+00:00,2026-05-31T11:42:43.197224+00:00,0,False,0.0,,none,False,none,,rss,True
7e6176c5ecf5,https://www.ivpressonline.com/online_features/press_releases/university-of-phoenix-college-of-doctoral-studies-holds-fifth-annual-colloquium-supporting-doctoral-students/article_2e529cc9-ab47-5e57-969d-405fe819c78f.html,University of Phoenix College of Doctoral Studies holds fifth annual colloquium supporting doctoral students,IV Press,2026-05-30T12:00:00+00:00,2026-05-31T11:42:43.197275+00:00,0,False,0.0,,none,False,none,,rss,True
172184a74e62,https://www.ivpressonline.com/online_features/press_releases/grail-reports-full-results-from-nhs-galleri-trial-demonstrating-substantial-reduction-in-stage-iv-cancer/article_fa0d48c0-48e4-5af0-9bbf-6b3a852b9e97.html,GRAIL Reports Full Results From NHS-Galleri Trial Demonstrating Substantial Reduction in Stage IV Cancer Diagnoses at 2026 ASCO Annual Meeting,IV Press,2026-05-30T12:00:00+00:00,2026-05-31T11:42:43.197320+00:00,0,False,0.0,,none,False,none,,rss,True
68d23d91439e,https://www.ivpressonline.com/online_features/health_and_wellness/don-t-overlook-your-dental-health-as-you-age/article_30b255d5-123f-59c1-945f-bf2590297529.html,Don’t Overlook Your Dental Health As You Age,IV Press,2026-05-30T08:00:00+00:00,2026-05-31T11:42:43.197372+00:00,0,False,0.0,,none,False,none,,rss,True
da45b619b48e,https://www.ivpressonline.com/online_features/tech_talk_and_innovation/help-your-little-ones-learn/article_8b09a288-af62-53b2-aaa5-30d0f916cf45.html,Help Your Little Ones Learn,IV Press,2026-05-30T08:00:00+00:00,2026-05-31T11:42:43.197521+00:00,0,False,0.0,,none,False,none,,rss,True
9635c37138d8,https://www.ivpressonline.com/opinion/dare-to-live-without-limits-leadership/article_e8251164-61be-4f5e-bcda-81091ca2b7a9.html,DARE TO LIVE WITHOUT LIMITS: Leadership,IV Press,2026-05-30T07:00:00+00:00,2026-05-31T11:42:43.197568+00:00,0,False,0.0,,none,False,none,,rss,True
0aa746d8cbb4,https://www.ivpressonline.com/opinion/the-postscript-a-mother-who-reads/article_ce59f3eb-b210-439a-a3d6-1b1530658642.html,THE POSTSCRIPT: A mother who reads,IV Press,2026-05-30T07:00:00+00:00,2026-05-31T11:42:43.197597+00:00,0,False,0.0,,none,False,none,,rss,True
9017b849ea95,https://www.ivpressonline.com/open/opinion-18-years-after-california-voters-approved-the-bullet-train-progress-and-finances-are-still/article_bff7c0e0-2778-42a6-8f1d-299d44e4dee6.html,"OPINION: 18 years after California voters approved the bullet train, progress and finances are still stalled",IV Press,2026-05-30T07:00:00+00:00,2026-05-31T11:42:43.197631+00:00,0,False,0.0,,none,False,none,,rss,True
05945ed2a443,https://kyma.com/decision-politics/california-politics/2026/06/01/california-election-day-what-voters-need-to-know/,California Election Day: What voters need to know,KYMA,2026-06-01T12:48:14+00:00,2026-06-01T16:09:09.050883+00:00,6,False,0.1,,none,False,city,,rss,True
1799126bed30,https://www.ivpressonline.com/online_features/home_decorating/where-wildfire-preparedness-falls-short-5-elements-often-missing-from-evacuation-plans/article_bfbfcfa6-b5cd-5af0-b068-8df42476337f.html,Where Wildfire Preparedness Falls Short: 5 Elements Often Missing from Evacuation Plans,IV Press,2026-06-01T05:00:00+00:00,2026-06-01T16:09:11.343784+00:00,0,False,0.0,,none,False,none,,rss,False
ab2b05c96308,https://www.ivpressonline.com/online_features/family_living/new-ai-tools-to-improve-age-verification-and-teen-safety-online/article_f1e47d12-3358-5523-abd9-382d639ac610.html,New AI Tools to Improve Age Verification and Teen Safety Online,IV Press,2026-06-01T05:00:00+00:00,2026-06-01T16:09:11.343811+00:00,0,False,0.0,,none,False,none,,rss,False
5ad9da6be976,https://www.ivpressonline.com/online_features/food_recipes_entertaining/elevate-summer-celebrations-with-easy-backyard-recipes-featuring-fresh-corn/article_549050d0-5d97-5787-853b-9d594bab0137.html,Elevate Summer Celebrations with Easy Backyard Recipes Featuring Fresh Corn,IV Press,2026-06-01T05:00:00+00:00,2026-06-01T16:09:11.343838+00:00,0,False,0.0,,none,False,none,,rss,False
e3370b2eac19,https://www.ivpressonline.com/online_features/food_recipes_entertaining/5-nutrition-boosting-tips-to-spread-protein-throughout-the-day/article_d3f61f7b-dffe-5cc7-9219-4b1f6ffad8c1.html,5 Nutrition-Boosting Tips to Spread Protein Throughout the Day,IV Press,2026-06-01T05:00:00+00:00,2026-06-01T16:09:11.343865+00:00,0,False,0.0,,none,False,none,,rss,False
7e4b173adbdb,https://www.ivpressonline.com/online_features/press_releases/alzheimers-brain-awareness-month-take-charge-of-your-brain-health/article_d66db364-0636-50ef-b643-0dcb7a27cc96.html,ALZHEIMER'S & BRAIN AWARENESS MONTH: TAKE CHARGE OF YOUR BRAIN HEALTH,IV Press,2026-06-01T04:01:00+00:00,2026-06-01T16:09:11.343901+00:00,0,False,0.0,,none,False,none,,rss,True
9178e2a5eaa3,https://www.ivpressonline.com/online_features/press_releases/supermicro-launches-new-server-solutions-with-intel-xeon-6-processors-to-reduce-tco-and-accelerate/article_4101dfaa-eefb-5418-9b68-23e162e72e4e.html,Supermicro Launches New Server Solutions with Intel Xeon 6+ Processors to Reduce TCO and Accelerate Time-to-Online for Large-Scale Cloud and Data Centers,IV Press,2026-06-01T03:00:00+00:00,2026-06-01T16:09:11.343967+00:00,0,False,0.0,,none,False,none,,rss,True
08c5e8c98bba,https://www.ivpressonline.com/online_features/press_releases/amd-bundles-carbice-ice-pad-with-ryzen-7-5800x3d/article_1b3aff3a-b8db-5310-aede-cb196262af54.html,AMD Bundles Carbice Ice Pad with Ryzen™ 7 5800X3D,IV Press,2026-06-01T00:00:00+00:00,2026-06-01T16:09:11.344024+00:00,0,False,0.0,,none,False,none,,rss,True
cd60417ffbe0,https://www.ivpressonline.com/online_features/press_releases/2026-asco-innovent-presents-long-term-follow-up-results-from-the-poc-study-of-ibi363/article_72f214e4-3aad-5c81-b3b8-b1952f29975f.html,"2026 ASCO | Innovent Presents Long-Term Follow-up Results from the PoC Study of IBI363 (TAK-928) (PD-1/IL-2α-bias bispecific fusion protein), Showing Robust Survival Benefits in Advanced Immunotherapy-Resistant Non-Small Cell Lung Cancer",IV Press,2026-06-01T00:00:00+00:00,2026-06-01T16:09:11.344097+00:00,0,False,0.0,,none,False,none,,rss,True
57a996a278cb,https://www.ivpressonline.com/online_features/press_releases/2026-asco-innovent-presents-preliminary-poc-data-of-ibi363-tak-928-pd-1-il-2/article_14a2da62-4b47-53b4-902e-e30e40a568ce.html,2026 ASCO | Innovent Presents Preliminary PoC Data of IBI363 (TAK-928) PD-1/IL-2α-bias bispecific fusion protein) in First-line Advanced NSCLC,IV Press,2026-06-01T00:00:00+00:00,2026-06-01T16:09:11.344157+00:00,0,False,0.0,,none,False,none,,rss,True
32b4e2e22063,https://www.ivpressonline.com/online_features/press_releases/scripps-pulls-54-local-stations-from-directv-after-seeking-record-retransmission-consent-rates/article_0f3383a5-0961-584d-b7c5-7e3415ce1c83.html,Scripps Pulls 54 Local Stations from DIRECTV After Seeking Record Retransmission Consent Rates,IV Press,2026-05-31T23:27:00+00:00,2026-06-01T16:09:11.344211+00:00,0,False,0.0,,none,False,none,,rss,True
2ad8bced216d,https://www.ivpressonline.com/online_features/press_releases/mazda-announces-new-zinc-green-color/article_5e76588c-5cb7-5bde-bad2-d974a0100999.html,Mazda Announces New Zinc Green Color,IV Press,2026-05-31T21:27:00+00:00,2026-06-01T16:09:11.344240+00:00,0,False,0.0,,none,False,none,,rss,True
848d9b1e3a4c,https://www.ivpressonline.com/online_features/press_releases/berkshire-hathaway-to-acquire-taylor-morrison-home-corporation-for-8-5-billion/article_f9132b9b-98d1-599b-8065-ed43e70e17e7.html,Berkshire Hathaway to Acquire Taylor Morrison Home Corporation for $8.5 Billion,IV Press,2026-05-31T20:30:00+00:00,2026-06-01T16:09:11.344300+00:00,0,False,0.0,,none,False,none,,rss,True
d92f56d3d238,https://www.ivpressonline.com/online_features/press_releases/sentri-security-expands-operations-to-support-fort-worth-mixed-use-development-surge/article_682cd59e-ea79-58bc-a2e5-cbb25fba2ee8.html,Sentri Security Expands Operations to Support Fort Worth Mixed-Use Development Surge,IV Press,2026-05-31T20:30:03+00:00,2026-06-01T16:09:11.344327+00:00,0,False,0.0,,none,False,none,,rss,False
7cd76923c676,https://www.ivpressonline.com/online_features/press_releases/schenkar-construction-launches-structural-engineering-consultancy-division-for-complex-terrains/article_e8f91a10-2539-5333-a257-f068207b4052.html,Schenkar Construction Launches Structural Engineering Consultancy Division for Complex Terrains,IV Press,2026-05-31T19:10:03+00:00,2026-06-01T16:09:11.344370+00:00,0,False,0.0,,none,False,none,,rss,False
56c672dfb43c,https://www.ivpressonline.com/online_features/press_releases/zenapet-discusses-rising-consumer-awareness-around-cat-allergies-and-everyday-feline-wellness/article_570b9024-4c7a-55c7-a80a-2ed0f4434093.html,Zenapet Discusses Rising Consumer Awareness Around Cat Allergies and Everyday Feline Wellness,IV Press,2026-05-31T17:01:32+00:00,2026-06-01T16:09:11.344404+00:00,0,False,0.0,,none,False,none,,rss,True
7c5cdb2f3d5c,https://www.ivpressonline.com/online_features/press_releases/united-imaging-spotlights-molecular-imaging-showstoppers-at-snmmi-2026/article_0d801a3e-7ba8-55be-9d23-0019a30321c5.html,United Imaging Spotlights Molecular Imaging Showstoppers at SNMMI 2026,IV Press,2026-05-31T15:00:00+00:00,2026-06-01T16:09:11.344457+00:00,0,False,0.0,,none,False,none,,rss,True
7ac71b9f67d4,https://www.ivpressonline.com/online_features/press_releases/grail-presents-pathfinder-2-results-of-more-than-35-000-participants-showing-the-galleri-test/article_3c2137a2-708c-56df-bb90-0a9fcc23483d.html,"GRAIL Presents PATHFINDER 2 Results of More Than 35,000 Participants Showing the Galleri® Test Substantially Increased Cancer Detection With Robust Performance and Favorable Safety at 2026 ASCO Annual Meeting",IV Press,2026-05-31T12:00:00+00:00,2026-06-01T16:09:11.344511+00:00,0,False,0.0,,none,False,none,,rss,True
c281d50fd7a6,https://kyma.com/decision-politics/2026/06/02/imperial-county-residents-cast-their-vote-in-the-california-primary/,Imperial County residents cast their vote in the California primary,KYMA,2026-06-02T12:45:37+00:00,2026-06-02T14:10:23.615754+00:00,6,False,0.1,,none,False,city,,rss,True
9ac46ad060d9,https://kyma.com/news/top-stories/2026/06/01/congressman-raul-ruiz-opposes-proposed-imperial-county-data-center-project/,Congressman Raul Ruiz opposes proposed Imperial County data center project,KYMA,2026-06-02T01:41:35+00:00,2026-06-02T14:10:23.615849+00:00,6,False,0.1,,none,False,city,,rss,True
12ca59f28fcb,https://kyma.com/news/imperial-county/2026/06/02/applebees-in-calexico-to-close-this-month/,Applebee’s in Calexico to close this month,KYMA,2026-06-02T21:04:38+00:00,2026-06-03T14:47:23.531729+00:00,6,False,0.1,,none,False,city,,rss,True
60a15d800c2b,https://kyma.com/dsw-living/data-centers/2026/06/01/rep-raul-ruiz-opposes-proposed-imperial-county-data-center-project/,Rep. Raul Ruiz opposes proposed Imperial County data center project,KYMA,2026-06-02T01:41:35+00:00,2026-06-03T14:47:23.531810+00:00,6,False,0.1,,none,False,city,,rss,True
21c104f2cf06,https://kyma.com/news/top-stories/2026/06/03/alex-cardenas-says-experience-drove-voter-support/,Alex Cardenas says experience drove voter support,KYMA,2026-06-04T04:27:57+00:00,2026-06-04T12:46:53.474491+00:00,6,False,0.1,,none,False,city,,rss,True
8cc9499c2608,https://kyma.com/news/top-stories/2026/06/03/holtville-high-school-athlete-finishes-5th-in-state-in-300m-hurdles/,Holtville High School athlete finishes 5th in state in 300m hurdles,KYMA,2026-06-04T02:04:48+00:00,2026-06-04T12:46:53.474579+00:00,3,False,0.05,,none,False,city,,rss,True
28a18de89668,https://kyma.com/news/top-stories/2026/06/03/alvarado-and-hawk-lead-early-in-imperial-county-supervisor-races/,Alvarado and Hawk Lead Early in Imperial County Supervisor Races,KYMA,2026-06-04T00:33:04+00:00,2026-06-04T12:46:53.474673+00:00,6,False,0.1,,none,False,city,,rss,True
777cd0d0fe84,https://kyma.com/news/imperial-county/2026/06/03/city-of-el-centro-to-host-community-budget-meeting-in-spanish/,City of El Centro to host community budget meeting in Spanish,KYMA,2026-06-03T19:13:51+00:00,2026-06-04T12:46:53.474738+00:00,6,False,0.1,,none,False,city,,rss,True
ea2903f03c10,https://kyma.com/decision-politics/2026/06/03/polls-closed-on-time-in-imperial-county/,Polls closed on time in Imperial County,KYMA,2026-06-03T16:29:08+00:00,2026-06-04T12:46:53.474795+00:00,6,False,0.1,,none,False,city,,rss,True
ac8da5ae4149,https://www.thedesertreview.com/news/state/dublin-city-council-approves-changes-to-its-noise-ordinance-for-residential-areas/article_523eeb9f-beb8-5b5d-8528-59069dcdadcb.html,Dublin City Council Approves Changes to Its Noise Ordinance for Residential Areas,Desert Review,2026-06-04T07:00:00+00:00,2026-06-04T12:46:58.315931+00:00,0,False,0.0,,none,False,none,,rss,True
411225ed7340,https://www.thedesertreview.com/online_features/press_releases/fables-obscura-by-peter-prizel-explores-the-hidden-power-of-myth-memory-and-the-stories/article_ff76a97c-935c-52e1-b014-877678053681.html,"Fables Obscura by Peter Prizel Explores the Hidden Power of Myth, Memory, and the Stories That Shape Reality",Desert Review,2026-06-04T04:05:03+00:00,2026-06-04T12:46:58.315972+00:00,0,False,0.0,,none,False,none,,rss,False
eb4119e242b8,https://www.thedesertreview.com/online_features/press_releases/true-north-social-expands-specialized-marketing-services-for-beauty-brands/article_279691be-f670-5d51-a4f9-0c407847b87f.html,True North Social Expands Specialized Marketing Services for Beauty Brands,Desert Review,2026-06-04T04:01:46+00:00,2026-06-04T12:46:58.316005+00:00,0,False,0.0,,none,False,none,,rss,True
ea92f78633b3,https://www.thedesertreview.com/online_features/press_releases/build-people-deliver-joy-uniq-supply-named-one-of-idahos-best-places-to-work/article_6e6f2e7b-c090-5aa8-ad3c-6f9a647a25cf.html,"Build People, Deliver Joy: UNIQ Supply Named One of Idaho's Best Places to Work",Desert Review,2026-06-04T03:09:39+00:00,2026-06-04T12:46:58.316036+00:00,0,False,0.0,,none,False,none,,rss,True
9565140ebefc,https://www.thedesertreview.com/online_features/press_releases/ross-automotive-consultants-partners-with-captive-risk-management-to-launch-insurance-program-for-auto-dealers/article_1528a072-1d37-55eb-823c-1fc892a12fba.html,Ross Automotive Consultants Partners with Captive Risk Management to Launch Insurance Program for Auto Dealers,Desert Review,2026-06-04T03:10:07+00:00,2026-06-04T12:46:58.316070+00:00,0,False,0.0,,none,False,none,,rss,True
d1fe440d5293,https://www.thedesertreview.com/online_features/press_releases/the-law-offices-of-john-m-mccabe-announces-101-million-jury-verdict-in-retaining-wall/article_445c605b-c138-5361-8f0f-4a8049c62173.html,The Law Offices of John M. McCabe Announces $101 Million Jury Verdict in Retaining Wall Collapse Case,Desert Review,2026-06-04T03:10:54+00:00,2026-06-04T12:46:58.316101+00:00,0,False,0.0,,none,False,none,,rss,True
b35923db90e9,https://www.thedesertreview.com/online_features/press_releases/colombian-pharmaceutical-distributor-cuts-drugstore-procurement-costs-by-50-using-its-own-in-house-ai/article_c6f9b5a1-4bdc-5fba-b76b-e4d92c8932c2.html,"Colombian Pharmaceutical Distributor Cuts Drugstore Procurement Costs by 50% Using Its Own In-House AI Engine – Now Serving 6,000+ Pharmacies Across Latin America",Desert Review,2026-06-04T03:05:02+00:00,2026-06-04T12:46:58.316158+00:00,0,False,0.0,,none,False,none,,rss,True
64e0f7e05441,https://www.thedesertreview.com/online_features/press_releases/promomax-ai-launches-automated-marketing-platform-that-turns-any-business-website-into-a-full-content/article_2f93c740-1624-5d15-bca4-22a2e96d5b68.html,PromoMax.ai Launches Automated Marketing Platform That Turns Any Business Website Into a Full Content Creation and Posting System,Desert Review,2026-06-04T03:00:01+00:00,2026-06-04T12:46:58.316190+00:00,0,False,0.0,,none,False,none,,rss,False
b3c9c3f9103c,https://www.thedesertreview.com/online_features/press_releases/be-911-aware-brings-you-good-ucla-to-campus-as-black-students-face-rising-pressure/article_84494273-7884-5ac7-8f7c-60e5e37dc3af.html,"Be 911 Aware™ Brings “YOU GOOD UCLA?”™ to Campus as Black Students Face Rising Pressure, Isolation, and Belonging Challenges",Desert Review,2026-06-04T02:55:02+00:00,2026-06-04T12:46:58.316247+00:00,0,False,0.0,,none,False,none,,rss,True
33fca7c3b304,https://www.thedesertreview.com/online_features/press_releases/lucas-jenkins-debunks-5-myths-about-technology-in-traditional-industries/article_3f0ce747-3458-5fe8-b733-ab7a945fdea6.html,Lucas Jenkins Debunks 5 Myths About Technology in Traditional Industries,Desert Review,2026-06-04T02:55:02+00:00,2026-06-04T12:46:58.316274+00:00,0,False,0.0,,none,False,none,,rss,False
3906e5a16029,https://www.thedesertreview.com/online_features/press_releases/flamingo-fuel-coffee-co-invites-coffee-lovers-to-make-a-difference-for-animals-and-the/article_0718058e-f96e-5b56-83b6-6907146d73e4.html,Flamingo Fuel Coffee Co Invites Coffee Lovers to Make a Difference for Animals and the Environment One Cup at a Time,Desert Review,2026-06-04T02:55:03+00:00,2026-06-04T12:46:58.316305+00:00,0,False,0.0,,none,False,none,,rss,False
ea0523092272,https://www.thedesertreview.com/online_features/press_releases/literary-legacy-meets-modern-songwriting-as-gigi-mccourt-prepares-to-launch-debut-album-coming-back/article_653d2c61-7717-5ee6-b6e3-ca1695b3c6bd.html,Literary Legacy Meets Modern Songwriting as GiGi McCourt Prepares to Launch Debut Album Coming Back to Me on June 5,Desert Review,2026-06-04T02:55:03+00:00,2026-06-04T12:46:58.316338+00:00,0,False,0.0,,none,False,none,,rss,False
dde5fb94f63c,https://www.thedesertreview.com/online_features/press_releases/sunshine-silver-mining-refining-announces-pricing-of-initial-public-offering/article_0d372685-a6f1-5b57-b571-a23dbfbff127.html,Sunshine Silver Mining & Refining Announces Pricing of Initial Public Offering,Desert Review,2026-06-04T02:52:00+00:00,2026-06-04T12:46:58.316385+00:00,0,False,0.0,,none,False,none,,rss,True
d61fa6bb7ff3,https://www.thedesertreview.com/online_features/press_releases/technology-and-vision-redefining-logistics-at-dibermex/article_42bbe8ba-2957-5a09-a5e4-60bc22fd8205.html,Technology and Vision: Redefining Logistics at Dibermex,Desert Review,2026-06-04T02:40:02+00:00,2026-06-04T12:46:58.316437+00:00,0,False,0.0,,none,False,none,,rss,True
57c4d53ee8c5,https://www.thedesertreview.com/online_features/press_releases/itchko-ezratti-and-gl-homes-philanthropy-supporting-florida-families/article_a8ecef4f-f388-514a-9b68-d3448338b9bb.html,Itchko Ezratti and GL Homes Philanthropy: Supporting Florida Families,Desert Review,2026-06-04T02:35:02+00:00,2026-06-04T12:46:58.316484+00:00,0,False,0.0,,none,False,none,,rss,True
489fe0b9f884,https://www.thedesertreview.com/online_features/press_releases/geekyants-nominated-for-toi-ecopreneur-awards-2026-in-ecotech-climate-innovation/article_e73bb94e-da7d-5c8d-a1f0-6cbf6167f5dc.html,GeekyAnts Nominated for TOI Ecopreneur Awards 2026 in EcoTech & Climate Innovation,Desert Review,2026-06-04T02:30:03+00:00,2026-06-04T12:46:58.316511+00:00,0,False,0.0,,none,False,none,,rss,False
fdb57836e3b5,https://www.thedesertreview.com/online_features/press_releases/future-electronics-supports-starlight-canada-with-meaningful-donation/article_b593a877-d85d-5372-9243-d85c76146f48.html,Future Electronics Supports Starlight Canada with Meaningful Donation,Desert Review,2026-06-04T02:30:03+00:00,2026-06-04T12:46:58.316537+00:00,0,False,0.0,,none,False,none,,rss,False
bbc35afbccfa,https://www.thedesertreview.com/online_features/press_releases/gl-homes-announces-valencia-vista-misha-ezratti-unveils-vision-for-gl-homes-florida-living/article_f5485408-eb7b-5be1-b0ec-1fd7aa742f73.html,GL Homes Announces Valencia Vista: Misha Ezratti Unveils Vision for GL Homes Florida Living,Desert Review,2026-06-04T02:30:03+00:00,2026-06-04T12:46:58.316584+00:00,0,False,0.0,,none,False,none,,rss,True
bfc7fb0607a2,https://www.thedesertreview.com/online_features/press_releases/springfield-va-homeowners-turn-to-roof-troopers-for-transparent-warranty-backed-roofing-solutions/article_d57509be-fa56-5345-8fdd-24f375f7d255.html,"Springfield, VA Homeowners Turn to Roof Troopers for Transparent, Warranty-Backed Roofing Solutions",Desert Review,2026-06-04T02:25:01+00:00,2026-06-04T12:46:58.316636+00:00,0,False,0.0,,none,False,none,,rss,True
9b5bb200f1dd,https://www.thedesertreview.com/online_features/press_releases/future-electronics-to-host-webinar-on-accelerating-robotics-design-with-renesas/article_42922eea-f3e2-520d-91e9-a45065275865.html,Future Electronics to Host Webinar on Accelerating Robotics Design with Renesas,Desert Review,2026-06-04T02:25:01+00:00,2026-06-04T12:46:58.316663+00:00,0,False,0.0,,none,False,none,,rss,False
2fe518779612,https://www.thedesertreview.com/online_features/press_releases/from-legacy-search-to-ai-dominance-two-internet-marketing-pioneers-announce-the-evolution-of-rankpivot/article_e6430045-d351-5aff-aa3c-7bd34c3eb7df.html,From Legacy Search to AI Dominance: Two Internet Marketing Pioneers Announce the Evolution of RankPivot.ai,Desert Review,2026-06-04T02:20:03+00:00,2026-06-04T12:46:58.316713+00:00,0,False,0.0,,none,False,none,,rss,True
8e10914f3ec6,https://www.thedesertreview.com/online_features/press_releases/private-fully-envisioned-10-acre-ranch-in-the-sonoran-desert-hits-the-market-for-12/article_ce6fcaf7-8fa3-5333-b531-8f79628c6ae7.html,"Private, Fully Envisioned 10-Acre Ranch in the Sonoran Desert Hits the Market for $12 Million",Desert Review,2026-06-04T02:15:02+00:00,2026-06-04T12:46:58.316742+00:00,0,False,0.0,,none,False,none,,rss,False
061e0a05e73a,https://www.thedesertreview.com/online_features/press_releases/lagrange-labs-open-sources-deepprove-the-first-production-grade-zkml-system-to-generate-over-12/article_f215012f-3259-5cd5-8c02-ed5b86b9660e.html,"Lagrange Labs Open-Sources DeepProve, the First Production-Grade zkML System to Generate Over 12 Million Cryptographic AI Proofs",Desert Review,2026-06-04T02:15:02+00:00,2026-06-04T12:46:58.316772+00:00,0,False,0.0,,none,False,none,,rss,False
e6158d61525d,https://www.thedesertreview.com/online_features/press_releases/amy-gonyea-raises-awareness-for-clearer-real-estate-communication/article_42d820eb-9209-5d8d-9c2a-2673fea17ccb.html,Amy Gonyea Raises Awareness for Clearer Real Estate Communication,Desert Review,2026-06-04T02:10:03+00:00,2026-06-04T12:46:58.316811+00:00,0,False,0.0,,none,False,none,,rss,True
5496e108cf04,https://www.thedesertreview.com/online_features/press_releases/lux-travel-dmc-unveils-summer-offers-for-curated-vietnam-and-cambodia-luxury-tours/article_b25624e1-5a10-5d82-b33b-3edc9e4e37dc.html,Lux Travel DMC Unveils Summer Offers for Curated Vietnam and Cambodia Luxury Tours,Desert Review,2026-06-04T02:10:03+00:00,2026-06-04T12:46:58.316838+00:00,0,False,0.0,,none,False,none,,rss,False
7573b6c8d117,https://www.ivpressonline.com/opinion/why-is-the-gop-rigging-the-legal-system-against-conservatives/article_92ee9cfe-d0bd-4ed4-bc27-7f489f05b4d6.html,Why is the GOP rigging the legal system against conservatives?,IV Press,2026-06-05T07:00:00+00:00,2026-06-05T12:42:08.293777+00:00,0,False,0.0,,none,False,none,,rss,True
5b70857f843c,https://www.ivpressonline.com/life/home-and-garden-avoid-tree-root-conflicts/article_6121c7e0-1f02-4e34-b039-a5ea6a6a20de.html,HOME AND GARDEN: Avoid tree root conflicts,IV Press,2026-06-05T07:00:00+00:00,2026-06-05T12:42:08.293836+00:00,0,False,0.0,,none,False,none,,rss,True
f810011bea6a,https://www.ivpressonline.com/opinion/the-mex-factor-paper-trails-and-phantom-files/article_28f30672-53d7-4d2d-a275-b30774bf932e.html,THE MEX FACTOR: Paper trails and phantom files,IV Press,2026-06-05T07:00:00+00:00,2026-06-05T12:42:08.293884+00:00,0,False,0.0,,none,False,none,,rss,True
19d8c5748c5b,https://www.ivpressonline.com/adelantevalle/cuando-el-rio-suena-otra-demanda/article_f1acc511-7e8e-4d47-8f2a-30018cc319cc.html,CUANDO EL RIO SUENA: Otra demanda,IV Press,2026-06-05T07:00:00+00:00,2026-06-05T12:42:08.293942+00:00,3,False,0.05,,none,False,city,,rss,True
9e027e093cf0,https://www.ivpressonline.com/opinion/opinion-medicare-s-one-price-fits-all-problem/article_6235e267-59f7-4ba6-9784-9a83a46e427e.html,OPINION: Medicare’s “one-price-fits-all” problem,IV Press,2026-06-05T07:00:00+00:00,2026-06-05T12:42:08.293994+00:00,0,False,0.0,,none,False,none,,rss,True
b10b854a5fb5,https://www.ivpressonline.com/news/california-moves-to-cut-agricultural-red-tape-with-new-data-sharing-roadmap/article_9816da85-1f27-4ed9-b043-c61ffb5a32ca.html,California moves to cut agricultural red tape with new data-sharing roadmap,IV Press,2026-06-05T07:00:00+00:00,2026-06-05T12:42:08.294045+00:00,0,False,0.0,,none,False,none,,rss,True
f8c692c7a916,https://www.ivpressonline.com/news/cops-briefs-el-centro-police-arrest-man-on-out-of-county-warrant/article_c7e930dc-e70d-4112-98dc-c625ea8bc089.html,COPS BRIEFS: El Centro Police arrest man on out-of-county warrant,IV Press,2026-06-05T07:00:00+00:00,2026-06-05T12:42:08.294075+00:00,3,False,0.05,,none,False,city,,rss,True
f55402030c65,https://www.ivpressonline.com/news/iid-s-shift-save-program-surpasses-2-000-customers-enrollment-remains-open/article_d8cdc684-364a-4bdf-9818-e1571ccec7bf.html,"IID’s Shift & Save Program surpasses 2,000 customers; enrollment remains open",IV Press,2026-06-05T07:00:00+00:00,2026-06-05T12:42:08.294115+00:00,0,False,0.0,,none,False,none,,rss,True
b0a55b243581,https://www.ivpressonline.com/news/mexicali-briefs-animal-cruelty-citations-skyrocket-in-mexicali-as-citizen-reports-surge/article_8b045411-2132-4c7d-8ef1-a8ed216dab12.html,MEXICALI BRIEFS: Animal cruelty citations skyrocket in Mexicali as citizen reports surge,IV Press,2026-06-05T07:00:00+00:00,2026-06-05T12:42:08.294145+00:00,0,False,0.0,,none,False,none,,rss,True
9156b5c9099c,https://www.ivpressonline.com/news/san-diego-cpa-pleads-guilty-to-generating-5-million-in-fraudulent-tax-write-offs/article_25965940-73ee-4100-b00c-0f338b4ca319.html,San Diego CPA pleads guilty to generating $5 million in fraudulent tax write-offs,IV Press,2026-06-05T07:00:00+00:00,2026-06-05T12:42:08.294197+00:00,0,False,0.0,,none,False,none,,rss,True
52a12e93232c,https://www.ivpressonline.com/adelantevalle/raising-hope-collective-celebra-su-preapertura/article_568d8bf1-bdd7-4f3e-bd20-c08b245525a2.html,Raising Hope Collective celebra su preapertura,IV Press,2026-06-05T07:00:00+00:00,2026-06-05T12:42:08.294245+00:00,3,False,0.05,,none,False,city,,rss,True
b0b2690aa054,https://www.ivpressonline.com/life/land-of-extremes-living-with-the-heat-adaptation-in-the-land-of-extremes/article_64416cbc-dccb-4327-9b97-61081a03e952.html,LAND OF EXTREMES: Living with the heat: Adaptation in the Land of Extremes,IV Press,2026-06-05T07:00:00+00:00,2026-06-05T12:42:08.294298+00:00,6,False,0.1,,none,False,city,,rss,True
7c96fafe8f7b,https://www.ivpressonline.com/news/el-centro-library-opens-registration-for-summer-reading-program/article_380942b5-5a89-4b6d-8910-40fedda69300.html,El Centro Library opens registration for summer reading program,IV Press,2026-06-05T07:00:00+00:00,2026-06-05T12:42:08.294348+00:00,3,False,0.05,,none,False,city,,rss,True
829554998260,https://www.ivpressonline.com/adelantevalle/biblioteca-de-el-centro-abre-inscripciones-para-su-programa-de-lectura-de-verano/article_8ebbf6d5-8e50-4be9-95dd-008505225783.html,Biblioteca de El Centro abre inscripciones para su programa de lectura de verano,IV Press,2026-06-05T07:00:00+00:00,2026-06-05T12:42:08.294398+00:00,3,False,0.05,,none,False,city,,rss,True
2a91d1d4273c,https://www.ivpressonline.com/news/calexico-applebees-says-goodbye-after-twenty-years/article_60a9cd59-4b8e-4d1c-a771-02225c909326.html,Calexico Applebee's says goodbye after twenty years,IV Press,2026-06-05T07:00:00+00:00,2026-06-05T12:42:08.294449+00:00,3,False,0.05,,none,False,city,,rss,True
4b5bfb62cdca,https://www.ivpressonline.com/news/central-union-high-school-district-celebrates-graduates/article_7a903c72-c8bf-4c35-8b6b-84e3ad617463.html,Central Union High School District celebrates graduates,IV Press,2026-06-05T07:00:00+00:00,2026-06-05T12:42:08.294512+00:00,3,False,0.05,,none,False,city,,rss,True
763bfa0fd997,https://www.ivpressonline.com/obituaries/ojeda-socorro/article_090901ea-aedf-55bd-b680-bd246dbc7aca.html,"OJEDA,  SOCORRO",IV Press,2026-06-05T07:00:00+00:00,2026-06-05T12:42:08.294549+00:00,0,False,0.0,,none,False,none,,rss,True
ef91f2f3d251,https://www.ivpressonline.com/online_features/press_releases/as-proptech-races-toward-ai-leevli-leads-a-counter-movement-by-putting-human-experience-at/article_2b55e3e8-e50f-5fc9-b9a1-d4e257b90586.html,"As PropTech Races Toward AI, Leevli Leads a Counter-Movement by Putting Human Experience at the Center of Real Estate",IV Press,2026-06-05T03:30:03+00:00,2026-06-05T12:42:08.294581+00:00,0,False,0.0,,none,False,none,,rss,False
927c83cd255a,https://www.ivpressonline.com/online_features/press_releases/oregon-author-dale-bear-brown-launches-epic-fantasy-adventure-chronicles-of-the-otherwhen-raven-jones/article_0206ef73-bac8-538b-a8bb-da0773c872fc.html,Oregon Author Dale Bear Brown Launches Epic Fantasy Adventure Chronicles of the Otherwhen Raven Jones,IV Press,2026-06-05T02:15:04+00:00,2026-06-05T12:42:08.294617+00:00,0,False,0.0,,none,False,none,,rss,True
b2d7b35768fe,https://www.ivpressonline.com/online_features/press_releases/from-service-to-streetwear-how-a-veteran-and-his-wife-built-cdr-clothing-into-an/article_ceb72bb8-c0ff-53c1-a4f2-9d0e7bcb3d85.html,From Service to Streetwear: How a Veteran and His Wife Built CDR Clothing Into an Empowerment-Driven Urban Fashion Brand,IV Press,2026-06-05T01:50:03+00:00,2026-06-05T12:42:08.294647+00:00,0,False,0.0,,none,False,none,,rss,False
9b06fc8c0b32,https://www.ivpressonline.com/online_features/press_releases/septic-solutions-llc-expands-service-coverage-to-whatcom-county-wa/article_12ae5314-6921-52bf-81fa-871743113669.html,"Septic Solutions LLC Expands Service Coverage to Whatcom County, WA",IV Press,2026-06-05T00:47:56+00:00,2026-06-05T12:42:08.294676+00:00,0,False,0.0,,none,False,none,,rss,True
4ce2f0664bdc,https://www.ivpressonline.com/online_features/press_releases/author-kris-land-discusses-fear-self-awareness-and-personal-empowerment-on-the-anthony-guastella-wellness/article_e2755e03-91d6-518a-a98b-389f98b95055.html,"Author Kris Land Discusses Fear, Self-Awareness, and Personal Empowerment on the Anthony Guastella Wellness Podcast",IV Press,2026-06-04T22:50:03+00:00,2026-06-05T12:42:08.294707+00:00,0,False,0.0,,none,False,none,,rss,False
22316eacaba8,https://www.ivpressonline.com/online_features/press_releases/360wise-deploys-the-neutral-external-credibility-infrastructure-layer-public-registry-hash-verified-specifications-and-machine/article_c47b09ba-482d-5bc5-a226-2b534485fbbe.html,"360WiSE® Deploys the Neutral External Credibility Infrastructure Layer: Public Registry, Hash-Verified Specifications, and Machine-Readable Governance Now Live",IV Press,2026-06-04T22:45:04+00:00,2026-06-05T12:42:08.294742+00:00,0,False,0.0,,none,False,none,,rss,False
c063bbf424ef,https://www.ivpressonline.com/online_features/press_releases/the-children-s-book-that-parents-teachers-and-neurodivergent-families-have-been-waiting-for/article_d24aab77-7b13-542a-940b-9eba6b38900b.html,"The children’s book that parents, teachers, and neurodivergent families have been waiting for",IV Press,2026-06-04T22:40:03+00:00,2026-06-05T12:42:08.294781+00:00,0,False,0.0,,none,False,none,,rss,True
ef0e2bce6f23,https://www.ivpressonline.com/online_features/press_releases/diy-mechanics-and-professional-shops-embrace-rxauto-thermagasket-system-as-cost-effective-head-gasket-repair/article_900dbc9a-6949-5a7c-ad94-b8fe787d3a3f.html,DIY Mechanics and Professional Shops Embrace RxAuto Thermagasket System as Cost-Effective Head Gasket Repair Alternative,IV Press,2026-06-04T22:35:03+00:00,2026-06-05T12:42:08.294811+00:00,0,False,0.0,,none,False,none,,rss,False
f9d7e861fe94,https://kyma.com/news/top-stories/2026/06/05/brawley-murder-case-delayed-suspects-to-be-tried-together-following-co-defendants-extradition/,Brawley murder case delayed; suspects to be tried together following co-defendant’s extradition,KYMA,2026-06-05T19:22:15+00:00,2026-06-06T11:37:44.547842+00:00,9,False,0.15,,none,False,city,,rss,True
9aa8d8d241df,https://kyma.com/news/imperial-county/2026/06/06/woman-released-without-paying-any-bail/,Woman released without paying any bail,KYMA,2026-06-06T21:58:56+00:00,2026-06-07T11:52:45.922724+00:00,6,False,0.1,,none,False,city,,rss,True
7a252de2bf8b,https://kyma.com/news/imperial-county/2026/06/05/imperial-county-fire-department-shares-safety-tips/,ICFD shares safety tips,KYMA,2026-06-06T02:13:03+00:00,2026-06-07T11:52:45.922796+00:00,6,False,0.1,,none,False,city,,rss,True
f939e4388b99,https://kyma.com/decision-politics/local-politics/2026/06/05/imperial-county-sees-low-voter-turnout/,Imperial County sees low voter turnout,KYMA,2026-06-05T17:29:45+00:00,2026-06-07T11:52:45.922938+00:00,6,False,0.1,,none,False,city,,rss,True
81440488575a,https://kyma.com/decision-politics/local-politics/2026/06/03/alex-cardenas-says-experience-drove-voter-support/,Alex Cardenas says experience drove voter support,KYMA,2026-06-04T04:27:57+00:00,2026-06-07T11:52:45.922999+00:00,0,False,0.0,,none,False,none,,rss,True
53c54e7b1283,https://kyma.com/sports/high-school/2026/06/03/holtville-high-school-athlete-finishes-5th-in-state-in-300m-hurdles/,Holtville High School athlete finishes fifth in state in 300m hurdles,KYMA,2026-06-04T02:04:48+00:00,2026-06-07T11:52:45.923063+00:00,3,False,0.05,,none,False,city,,rss,True
457ba1606844,https://kyma.com/decision-politics/local-politics/2026/06/03/alvarado-and-hawk-lead-early-in-imperial-county-supervisor-races/,Alvarado and Hawk lead early in Imperial County Supervisor races,KYMA,2026-06-04T00:33:04+00:00,2026-06-07T11:52:45.923147+00:00,6,False,0.1,,none,False,city,,rss,True
801970dbbda7,https://www.ivpressonline.com/online_features/press_releases/looney-tunes-land-now-open-at-six-flags-magic-mountain/article_2041e7ee-fe81-5a11-9670-40ef14cd6950.html,Looney Tunes™ Land Now Open at Six Flags Magic Mountain,IV Press,2026-06-07T04:08:00+00:00,2026-06-07T11:52:48.315409+00:00,0,False,0.0,,none,False,none,,rss,True
b3c76137e82b,https://www.ivpressonline.com/online_features/press_releases/moes-group-launches-blue-copper-peptide-ghk-cu-skincare-and-haircare-manufacturing-for-private-label/article_e97a6254-9d2a-5561-bf01-f76934769b8d.html,Moes Group Launches Blue Copper Peptide (GHK-Cu) Skincare and Haircare Manufacturing for Private Label Brands,IV Press,2026-06-07T03:35:02+00:00,2026-06-07T11:52:48.315448+00:00,0,False,0.0,,none,False,none,,rss,False
0d6d94a6ccd4,https://www.ivpressonline.com/online_features/press_releases/the-best-filipino-streetwear-brand-just-dropped-its-spring-summer-2026-collection-and-it-s/article_46c0a990-fd0e-5739-bd52-c7556c3e7af8.html,"The best Filipino streetwear brand just dropped its Spring/Summer 2026 collection, and it’s built on culture, not trends",IV Press,2026-06-07T02:25:02+00:00,2026-06-07T11:52:48.315487+00:00,0,False,0.0,,none,False,none,,rss,False
ca37979b3537,https://www.ivpressonline.com/online_features/press_releases/ktc-h24t7-h25y7-brings-fast-ips-premium-gaming-performance-to-sub--150-market/article_4295de4b-0078-5de1-8127-6812455f5748.html,KTC H24T7 / H25Y7: Brings Fast IPS Premium Gaming Performance to Sub-$150 Market,IV Press,2026-06-07T02:15:03+00:00,2026-06-07T11:52:48.315540+00:00,0,False,0.0,,none,False,none,,rss,True
94b96f0aae02,https://www.ivpressonline.com/online_features/press_releases/stuart-curry-dentistry-offers-vestavia-hills-patients-practical-guidance-on-improving-oral-health-through-daily/article_19399e08-be68-57fb-8189-c3cea3df19a5.html,Stuart Curry Dentistry Offers Vestavia Hills Patients Practical Guidance on Improving Oral Health Through Daily Habits and Routine Professional Care,IV Press,2026-06-07T02:15:03+00:00,2026-06-07T11:52:48.315573+00:00,0,False,0.0,,none,False,none,,rss,False
0a29d30392cf,https://www.ivpressonline.com/online_features/press_releases/oncallcolombia-becomes-first-provider-in-colombia-to-offer-direct-fbi-channeler-electronic-submissions/article_caf8a37d-69a0-5ad7-9b15-a70740537841.html,OnCallColombia Becomes First Provider in Colombia to Offer Direct FBI Channeler Electronic Submissions,IV Press,2026-06-07T02:05:02+00:00,2026-06-07T11:52:48.315602+00:00,0,False,0.0,,none,False,none,,rss,False
9a0418f9fdee,https://www.ivpressonline.com/online_features/press_releases/frontline-family-coverage-releases-open-letter-for-ptsd-awareness-month-addressing-the-mental-health-toll/article_ab885078-a872-540c-ae56-f2445e8373a7.html,Frontline Family Coverage Releases Open Letter For PTSD Awareness Month Addressing The Mental Health Toll On First Responders Nationwide,IV Press,2026-06-07T01:55:03+00:00,2026-06-07T11:52:48.315634+00:00,0,False,0.0,,none,False,none,,rss,False
aef5c41c20e8,https://www.ivpressonline.com/online_features/press_releases/maryland-artisan-launches-highland-forge-design-a-handcrafted-brand-rooted-in-purpose-precision-and-the/article_435446e5-0cc4-5b41-b55f-b62789c31f4c.html,"Maryland Artisan Launches Highland Forge Design, a Handcrafted Brand Rooted in Purpose, Precision, and the Art of Building Things That Last",IV Press,2026-06-07T01:50:03+00:00,2026-06-07T11:52:48.315665+00:00,0,False,0.0,,none,False,none,,rss,False
101756b93c8b,https://www.ivpressonline.com/online_features/press_releases/a-new-era-begins-cal-poly-unveils-the-john-madden-football-center/article_7bcf1178-7525-5789-847e-623dddb12e25.html,A New Era Begins: Cal Poly Unveils the John Madden Football Center,IV Press,2026-06-07T01:52:00+00:00,2026-06-07T11:52:48.315697+00:00,0,False,0.0,,none,False,none,,rss,True
e4b7a6360cdc,https://www.ivpressonline.com/online_features/press_releases/capstone-legal-strategies-addresses-growing-demand-for-integrated-business-transaction-and-estate-planning-services-across/article_f6d30162-6434-5bc8-bfe2-e465b98956f7.html,Capstone Legal Strategies Addresses Growing Demand for Integrated Business Transaction and Estate Planning Services Across Texas,IV Press,2026-06-07T01:40:02+00:00,2026-06-07T11:52:48.315727+00:00,0,False,0.0,,none,False,none,,rss,False
5e6eca093050,https://www.ivpressonline.com/online_features/press_releases/the-catered-canine-marks-20-years-of-cooking-vet-reviewed-meals-for-dogs-with-sensitive/article_9234ac30-0a0d-553c-9ae8-2a5b5a7f6911.html,The Catered Canine Marks 20 Years Of Cooking Vet-Reviewed Meals For Dogs With Sensitive Stomachs,IV Press,2026-06-07T01:30:04+00:00,2026-06-07T11:52:48.315755+00:00,0,False,0.0,,none,False,none,,rss,False
0ef8d7818a39,https://www.ivpressonline.com/online_features/press_releases/4luvcoffee-removes-barriers-to-premium-coffee-access-with-free-nationwide-shipping-and-a-customer-first/article_86449e15-50c4-5027-9387-39adaa681e21.html,4LuvCoffee Removes Barriers to Premium Coffee Access with Free Nationwide Shipping and a Customer-First Freshness Model,IV Press,2026-06-07T01:30:04+00:00,2026-06-07T11:52:48.315783+00:00,0,False,0.0,,none,False,none,,rss,False
1a7c1c321fee,https://www.ivpressonline.com/online_features/press_releases/junk-removal-365-launches-in-houston-connecting-local-junk-removal-companies-directly-with-homeowners/article_35698793-d332-5058-ab6a-a0114666c9ef.html,"Junk removal 365 launches in Houston, connecting local junk removal companies directly with homeowners",IV Press,2026-06-07T01:25:03+00:00,2026-06-07T11:52:48.315810+00:00,0,False,0.0,,none,False,none,,rss,False
3d0f1e95a325,https://www.ivpressonline.com/online_features/press_releases/performance-sleep-systems-redefines-rest-with-recovery-focused-sleep-technology-for-high-performing-professionals/article_c6bc3861-b3d2-52f7-ad44-49177dcab1d9.html,Performance Sleep Systems Redefines Rest With Recovery-Focused Sleep Technology for High-Performing Professionals,IV Press,2026-06-07T01:25:03+00:00,2026-06-07T11:52:48.315838+00:00,0,False,0.0,,none,False,none,,rss,False
39d2a0f64319,https://www.ivpressonline.com/online_features/press_releases/non-slip-floor-solutions-brings-world-class-anti-slip-technology-to-cincinnati-neighborhoods-to-help/article_29dd3e57-9e75-58fc-85a1-07c6c103ddb2.html,Non Slip Floor Solutions Brings World-Class Anti-Slip Technology to Cincinnati Neighborhoods to Help Prevent Falls Among Older Adults,IV Press,2026-06-07T01:20:02+00:00,2026-06-07T11:52:48.315868+00:00,0,False,0.0,,none,False,none,,rss,False
4f6de915c0c9,https://www.ivpressonline.com/online_features/press_releases/earthyclothes-for-kids-and-adults-enters-the-sustainable-fashion-market-with-natural-apparel-designed-for/article_b5508bde-693d-5e10-b2f7-67d7e1aa9dbb.html,Earthyclothes for Kids and Adults Enters the Sustainable Fashion Market With Natural Apparel Designed for Comfort-Conscious Families,IV Press,2026-06-07T01:15:03+00:00,2026-06-07T11:52:48.315899+00:00,0,False,0.0,,none,False,none,,rss,False
c3b78bf69b26,https://www.ivpressonline.com/online_features/press_releases/kieran-woll-creative-works-llc-delivers-high-stakes-espionage-thriller-that-plunges-readers-into-the/article_96bdb62f-fcd6-51aa-bd8f-8d645e122566.html,Kieran Woll Creative Works LLC Delivers High-Stakes Espionage Thriller That Plunges Readers Into the Dangerous World of Covert Operations,IV Press,2026-06-07T01:15:03+00:00,2026-06-07T11:52:48.315929+00:00,0,False,0.0,,none,False,none,,rss,False
e5f4b1f9e2bb,https://www.ivpressonline.com/online_features/press_releases/a-safe-space-captivates-readers-with-haunting-mystery-and-earns-prestigious-recognition/article_9696c16a-9ff2-50d7-a93d-f19505b99fca.html,A Safe Space Captivates Readers with Haunting Mystery and Earns Prestigious Recognition,IV Press,2026-06-07T01:10:02+00:00,2026-06-07T11:52:48.315956+00:00,0,False,0.0,,none,False,none,,rss,False
4f9d3fddd5a6,https://www.ivpressonline.com/online_features/press_releases/yassi-cart-emerges-as-a-trusted-destination-for-pet-wellness-and-safety-products-in-a/article_0ed61194-52ae-5c82-a4da-c409a9d1dab7.html,YASSI Cart Emerges as a Trusted Destination for Pet Wellness and Safety Products in a Rapidly Growing Industry,IV Press,2026-06-07T01:10:02+00:00,2026-06-07T11:52:48.315985+00:00,0,False,0.0,,none,False,none,,rss,False
c37747ed74ed,https://www.ivpressonline.com/online_features/press_releases/fambase-helps-independent-board-game-studios-turn-player-interest-into-retained-community-commerce/article_2aa3ad91-0d6e-57b4-9566-af7b5004e640.html,Fambase Helps Independent Board Game Studios Turn Player Interest Into Retained Community Commerce,IV Press,2026-06-07T00:55:02+00:00,2026-06-07T11:52:48.316035+00:00,0,False,0.0,,none,False,none,,rss,True
8cb52c017f23,https://www.ivpressonline.com/online_features/press_releases/relux-collision-mandates-pre--and-post-repair-electronic-scanning-for-all-vehicles/article_c7ac3ca7-210c-5634-bd15-822fd3ba0e92.html,Relux Collision Mandates Pre- and Post-Repair Electronic Scanning for All Vehicles,IV Press,2026-06-07T00:20:02+00:00,2026-06-07T11:52:48.316062+00:00,0,False,0.0,,none,False,none,,rss,False
f9a5265ead86,https://www.ivpressonline.com/online_features/press_releases/wellcraft-kitchen-and-bath-expands-full-service-home-addition-and-basement-divisions-to-meet-multi/article_7d32cea9-ad24-5267-9134-5ddb66680379.html,WellCraft Kitchen and Bath Expands Full-Service Home Addition and Basement Divisions to Meet Multi-Generational Housing Needs,IV Press,2026-06-07T00:15:04+00:00,2026-06-07T11:52:48.316114+00:00,0,False,0.0,,none,False,none,,rss,False
83be6b4947e9,https://www.ivpressonline.com/online_features/press_releases/the-cognitive-law-by-h-benjamin-abrahams-introduces-a-powerful-framework-for-human-authority-in/article_3f15910a-05b2-5f72-9e49-ea77a843ad25.html,The Cognitive Law by H. Benjamin Abrahams Introduces a Powerful Framework for Human Authority in the Cognitive Age,IV Press,2026-06-07T00:05:03+00:00,2026-06-07T11:52:48.316143+00:00,0,False,0.0,,none,False,none,,rss,False
26bb000b1801,https://www.ivpressonline.com/online_features/press_releases/the-cognitive-law-by-h-benjamin-abrahams-presents-a-new-educational-framework-for-the-cognitive/article_9455c4b4-4653-56a8-83a6-196289b6dee9.html,The Cognitive Law by H. Benjamin Abrahams Presents a New Educational Framework for the Cognitive Age,IV Press,2026-06-07T00:05:03+00:00,2026-06-07T11:52:48.316170+00:00,0,False,0.0,,none,False,none,,rss,False
b23109ffeafc,https://www.ivpressonline.com/online_features/press_releases/first-response-restoration-of-houston-expands-24-7-water-damage-restoration-services-across-houston-tx/article_66077825-11b3-58b5-93be-29f8927a99c7.html,"First Response Restoration of Houston Expands 24/7 Water Damage Restoration Services Across Houston, TX",IV Press,2026-06-07T00:05:01+00:00,2026-06-07T11:52:48.316198+00:00,0,False,0.0,,none,False,none,,rss,False
6930e0e6b25b,https://www.ivpressonline.com/online_features/press_releases/phunky-london-announces-angel-fire-via-andesvault/article_0526b2e4-7df4-5fd0-a1ba-fc0ccf103bcb.html,Phunky London Announces “Angel Fire” via AndesVault,IV Press,2026-06-08T12:00:00+00:00,2026-06-08T14:13:48.475216+00:00,0,False,0.0,,none,False,none,,rss,True
9b8fdf4e08e7,https://www.ivpressonline.com/online_features/money_and_finance/exploring-your-wireless-options-4-tips-to-pick-the-right-provider/article_8551281a-3dd6-563e-bb24-2a82d694d028.html,Exploring Your Wireless Options: 4 Tips to Pick the Right Provider,IV Press,2026-06-08T05:00:00+00:00,2026-06-08T14:13:48.475415+00:00,0,False,0.0,,none,False,none,,rss,False
ce16ae48a76a,https://www.ivpressonline.com/online_features/pets/cost-management-for-a-healthy-happy-furry-friend-5-ways-to-save-money-while-giving/article_d12a2d58-6205-53d4-b352-fad2ed38f4ef.html,"Cost Management for a Healthy, Happy Furry Friend: 5 Ways to Save Money While Giving Your Pet Excellent Care",IV Press,2026-06-08T05:00:00+00:00,2026-06-08T14:13:48.475444+00:00,0,False,0.0,,none,False,none,,rss,False
70154e93ad8e,https://www.ivpressonline.com/online_features/travel/the-road-to-cleaner-water-how-to-prevent-roads-from-polluting-waterways/article_cb26bfae-2be6-5d00-bb90-975b2fb86a2a.html,The Road to Cleaner Water: How to Prevent Roads from Polluting Waterways,IV Press,2026-06-08T05:00:00+00:00,2026-06-08T14:13:48.475487+00:00,0,False,0.0,,none,False,none,,rss,True
95bf4746e41c,https://www.ivpressonline.com/online_features/home_decorating/the-new-rules-of-remodeling-how-to-balance-style-durability-and-cost/article_10b478eb-f395-527c-b965-e87bb83ff422.html,"The New Rules of Remodeling: How to Balance Style, Durability and Cost",IV Press,2026-06-08T05:00:00+00:00,2026-06-08T14:13:48.475513+00:00,0,False,0.0,,none,False,none,,rss,False
b6c5f4e00cd9,https://www.ivpressonline.com/online_features/home_decorating/why-exterior-upgrades-are-a-smart-investment-for-homeowners/article_bd7ec6bf-1810-5c5c-8ad4-dd4e500ef64f.html,Why Exterior Upgrades are a Smart Investment for Homeowners,IV Press,2026-06-08T05:00:00+00:00,2026-06-08T14:13:48.475539+00:00,0,False,0.0,,none,False,none,,rss,False
e9ebdfd6d364,https://www.ivpressonline.com/online_features/home_decorating/hotter-summers-and-rising-energy-costs-how-next-generation-inverter-heat-pumps-can-provide-comfort/article_d161b9dc-ea45-5403-a239-563213e14a75.html,Hotter Summers and Rising Energy Costs: How Next-Generation Inverter Heat Pumps Can Provide Comfort and Savings,IV Press,2026-06-08T05:00:00+00:00,2026-06-08T14:13:48.475571+00:00,-20,False,-0.333,,none,False,none,,rss,False
dcf1be896fb6,https://www.ivpressonline.com/online_features/education/building-resilience-3-ways-businesses-can-support-local-communities/article_5e1ca5e1-94d5-533d-bf1c-06b2f9f9cb0b.html,Building Resilience: 3 Ways Businesses Can Support Local Communities,IV Press,2026-06-08T05:00:00+00:00,2026-06-08T14:13:48.475597+00:00,0,False,0.0,,none,False,none,,rss,False
9ed528d70942,https://www.ivpressonline.com/online_features/espanol/c-mo-las-mujeres-pueden-optimizar-su-salud-para-combatir-las-enfermedades-cardiovasculares/article_26ba33df-5221-5470-a810-3ef1623494b9.html,Cómo las mujeres pueden optimizar su salud para combatir las enfermedades cardiovasculares,IV Press,2026-06-08T05:00:00+00:00,2026-06-08T14:13:48.475627+00:00,0,False,0.0,,none,False,none,,rss,False
f45032a518af,https://www.ivpressonline.com/online_features/family_living/76-of-readers-say-books-slow-summer-down-yet-many-feel-they-must-earn-time/article_390a94b4-a55e-5124-8997-ccb3bd3e62cc.html,"76% of readers say books slow summer down, yet many feel they must earn time to read",IV Press,2026-06-08T05:00:00+00:00,2026-06-08T14:13:48.475655+00:00,0,False,0.0,,none,False,none,,rss,False
d215dbf6637b,https://www.ivpressonline.com/online_features/food_recipes_entertaining/6-savvy-ways-to-ensure-grilling-success-this-summer/article_3fc8b898-ac91-5d30-9adf-aa9caebc91be.html,6 Savvy Ways to Ensure Grilling Success This Summer,IV Press,2026-06-08T05:00:00+00:00,2026-06-08T14:13:48.475680+00:00,0,False,0.0,,none,False,none,,rss,False
c8ea689ab176,https://www.ivpressonline.com/online_features/health_and_wellness/how-women-can-optimize-health-to-combat-cardiovascular-disease/article_3c1c6e3f-f41b-5a5d-bd0d-46e7ad0716b3.html,How Women Can Optimize Health to Combat Cardiovascular Disease,IV Press,2026-06-08T05:00:00+00:00,2026-06-08T14:13:48.475706+00:00,0,False,0.0,,none,False,none,,rss,False
39a2d7fd5b0e,https://www.ivpressonline.com/online_features/press_releases/for-decades-international-bodies-warned-germany-over-its-treatment-of-scientologists/article_d39fe009-6903-5744-bdfe-7845d067399a.html,"For Decades, International Bodies Warned Germany Over Its Treatment of Scientologists",IV Press,2026-06-08T03:01:00+00:00,2026-06-08T14:13:48.475741+00:00,0,False,0.0,,none,False,none,,rss,True
0983c3437c7b,https://www.ivpressonline.com/online_features/press_releases/uhale-adopts-quokkas-q-mast-to-strengthen-application-security-testing/article_3a72a064-c52c-596b-823b-8b203d76c56c.html,Uhale Adopts Quokka's Q-mast to Strengthen Application Security Testing,IV Press,2026-06-08T01:00:00+00:00,2026-06-08T14:13:48.475775+00:00,0,False,0.0,,none,False,none,,rss,True
30d565fc2fc1,https://www.ivpressonline.com/online_features/press_releases/droppr-converts-short-form-video-into-search-indexable-press-articles/article_e20e16f7-6527-5404-8c98-e21a73bb6f34.html,DropPR Converts Short-Form Video Into Search-Indexable Press Articles,IV Press,2026-06-07T22:47:42+00:00,2026-06-08T14:13:48.475825+00:00,0,False,0.0,,none,False,none,,rss,True
8a5a2c8700d8,https://www.ivpressonline.com/online_features/press_releases/the-22nd-century-cinema-project-launches-as-global-think-tank-to-innovate-theatrical-exhibition/article_6ca79fba-213e-5005-902d-67c2ebb7208a.html,The 22nd Century Cinema Project Launches as Global Think Tank to Innovate Theatrical Exhibition,IV Press,2026-06-07T22:18:44+00:00,2026-06-08T14:13:48.475877+00:00,0,False,0.0,,none,False,none,,rss,True
33d25cab5800,https://www.ivpressonline.com/online_features/press_releases/amgen-presents-new-data-across-its-cardiometabolic-portfolio-at-american-diabetes-association-86th-scientific-sessions/article_d108871c-48d0-5f63-adc0-6162202f23aa.html,AMGEN PRESENTS NEW DATA ACROSS ITS CARDIOMETABOLIC PORTFOLIO AT AMERICAN DIABETES ASSOCIATION 86TH SCIENTIFIC SESSIONS,IV Press,2026-06-07T20:45:00+00:00,2026-06-08T14:13:48.475937+00:00,0,False,0.0,,none,False,none,,rss,True
05b94fd83abb,https://www.ivpressonline.com/online_features/press_releases/let-s-go-coffee-taps-into-the-premium-convenience-revolution-reshaping-how-american-professionals-fuel/article_b6a9356b-b4ad-54e2-b4d8-da3e7eeb4a62.html,Let’s Go Coffee Taps Into the Premium Convenience Revolution Reshaping How American Professionals Fuel Their Workday,IV Press,2026-06-07T20:10:03+00:00,2026-06-08T14:13:48.475976+00:00,0,False,0.0,,none,False,none,,rss,False
9b9ebd22cfc1,https://www.ivpressonline.com/online_features/press_releases/virginia-apparel-brand-80hd-designs-launches-bold-streetwear-collection-celebrating-america-s-250th-anniversary-of/article_4c523fde-c9ee-52e2-b6b0-aaf45fa8d7f6.html,Virginia Apparel Brand 80HD Designs Launches Bold Streetwear Collection Celebrating America’s 250th Anniversary of Independence,IV Press,2026-06-07T20:10:03+00:00,2026-06-08T14:13:48.476010+00:00,0,False,0.0,,none,False,none,,rss,False
f0ccfcfaeac6,https://www.ivpressonline.com/online_features/press_releases/the-jimmy-star-show-with-ron-russell-hits-1-on-apple-podcasts-u-s-film/article_fa2ffb30-dcf1-5010-99e0-b68d97c8b35e.html,The Jimmy Star Show with Ron Russell Hits #1 on Apple Podcasts’ U.S. Film Interviews Chart,IV Press,2026-06-07T20:05:03+00:00,2026-06-08T14:13:48.476041+00:00,0,False,0.0,,none,False,none,,rss,False
5918b7717075,https://www.ivpressonline.com/online_features/press_releases/campbell-s-coffee-launches-direct-to-consumer-100-arabica-lineup-as-specialty-coffee-takes-u/article_0572484c-3e75-5c96-9aeb-5fae06a921f6.html,Campbell’s Coffee Launches Direct-To-Consumer 100% Arabica Lineup As Specialty Coffee Takes U.S. Share,IV Press,2026-06-07T20:05:03+00:00,2026-06-08T14:13:48.476074+00:00,0,False,0.0,,none,False,none,,rss,False
2a9276ca7651,https://kyma.com/news/top-stories/2026/06/08/calipatria-political-turmoil-escalates-as-three-city-leaders-face-recall-effort/,Calipatria Political Turmoil Escalates as Three City Leaders Face Recall Effort,KYMA,2026-06-09T01:04:08+00:00,2026-06-09T12:41:52.509624+00:00,3,False,0.05,,none,False,city,,rss,True
3834056a38dd,https://kyma.com/news/imperial-county/2026/06/08/family-of-hit-and-run-victim-asks-for-justice/,Family of hit and run victim asks for justice,KYMA,2026-06-08T20:58:48+00:00,2026-06-09T12:41:52.509695+00:00,6,False,0.1,,none,False,city,,rss,True
a9b389e36212,https://kyma.com/news/imperial-county/2026/06/08/cbp-announces-changes-for-bicycles-e-bikes-and-scooters-at-the-calexico-port-of-entry/,"CBP announces changes for bicycles, e-bikes and scooters at the Calexico Port of Entry",KYMA,2026-06-08T20:45:17+00:00,2026-06-09T12:41:52.509772+00:00,6,False,0.1,,none,False,city,,rss,True
46f0881d4ea6,https://kyma.com/news/imperial-county/2026/06/08/suspects-in-winterhaven-murder-appear-in-court/,Suspects in Winterhaven murder appear in court,KYMA,2026-06-08T20:07:04+00:00,2026-06-09T12:41:52.509834+00:00,6,False,0.1,,none,False,city,,rss,True
a8b620675ddf,https://kyma.com/news/imperial-county/2026/06/09/family-in-calexico-seeks-help-after-house-fire/,Family in Calexico seeks help after house fire,KYMA,2026-06-09T19:47:12+00:00,2026-06-10T13:35:36.174882+00:00,6,False,0.1,,none,False,city,,rss,True
a12b8e0b6436,https://kyma.com/play/entertainment/2026/06/09/bill-engvall-to-perform-at-quechan-casino-resort-in-october/,Bill Engvall to perform at Quechan Casino Resort in October,KYMA,2026-06-09T19:13:09+00:00,2026-06-10T13:35:36.174959+00:00,0,False,0.0,,none,False,none,,rss,True
24faf7b1e62d,https://kyma.com/news/top-stories/2026/06/09/schools-out-calls-are-up-sheriffs-report-seasonal-surge/,"School’s out, calls are up: Sheriffs report seasonal surge",KYMA,2026-06-09T18:20:36+00:00,2026-06-10T13:35:36.175039+00:00,3,False,0.05,,none,False,city,,rss,True
fc5fe948ca1a,https://kyma.com/decision-politics/local-politics/2026/06/08/calipatria-political-turmoil-escalates-as-three-city-leaders-face-recall-effort/,Calipatria political turmoil escalates as three city leaders face recall effort,KYMA,2026-06-09T01:04:08+00:00,2026-06-10T13:35:36.175109+00:00,3,False,0.05,,none,False,city,,rss,True
f25745d1803f,https://kyma.com/news/top-stories/2026/06/10/dolly-partons-imagination-library-set-to-launch-in-imperial-valley/,Dolly Parton’s Imagination Library set to launch in Imperial Valley,KYMA,2026-06-10T22:13:18+00:00,2026-06-11T14:03:29.365608+00:00,6,False,0.1,,none,False,city,,rss,True
83cc395a5915,https://kyma.com/news/imperial-county/2026/06/10/death-penalty-off-the-table-for-man-charged-with-murder-in-brawley/,Death penalty off the table for man charged with murder in Brawley,KYMA,2026-06-10T21:22:28+00:00,2026-06-11T14:03:29.365681+00:00,9,False,0.15,,none,False,city,,rss,True
473e205cda2f,https://kyma.com/news/imperial-county/2026/06/10/tractor-trailer-crash-in-imperial-county-kills-one-person/,Tractor trailer crash in Imperial County kills one person,KYMA,2026-06-10T19:41:03+00:00,2026-06-11T14:03:29.365749+00:00,6,False,0.1,,none,False,city,,rss,True
b36bc51215c4,https://kyma.com/news/imperial-county/2026/06/10/el-centro-crews-drain-pond-at-bucklin-park-for-cleaning-and-maintenance/,El Centro crews drain pond at Bucklin Park for cleaning and maintenance,KYMA,2026-06-10T18:54:27+00:00,2026-06-11T14:03:29.365812+00:00,6,False,0.1,,none,False,city,,rss,True
4a427add5c9d,https://kyma.com/news/imperial-county/2026/06/10/imperial-valley-food-bank-receives-donation-from-the-church-of-jesus-christ-of-latter-day-saints/,Imperial Valley Food Bank receives donation from The Church of Jesus Christ of Latter-Day Saints,KYMA,2026-06-10T15:22:39+00:00,2026-06-11T14:03:29.365876+00:00,6,False,0.1,,none,False,city,,rss,True
a812bcfd5608,https://kyma.com/news/top-stories/2026/06/11/humane-society-of-imperial-county-secures-636000-for-mobile-veterinary-unit/,"Humane Society of Imperial County secures $636,000 for mobile veterinary unit",KYMA,2026-06-11T18:38:58+00:00,2026-06-12T12:57:28.274472+00:00,6,False,0.1,,none,False,city,,rss,True
11d809a0d017,https://kyma.com/news/top-stories/2026/06/12/imperial-valley-healthcare-district-urges-men-to-schedule-preventive-checkups/,Imperial Valley Healthcare District urges men to schedule preventive checkups,KYMA,2026-06-12T18:02:30+00:00,2026-06-13T11:56:39.068659+00:00,6,False,0.1,,none,False,city,,rss,True
1e13341baf10,https://www.ivpressonline.com/online_features/community_cares/the-cost-of-cutting-funding-to-us-scientific-research/article_7b55d44b-070b-58be-8722-fc5be788f91a.html,The Cost of Cutting Funding to US Scientific Research,IV Press,2026-06-13T08:00:00+00:00,2026-06-13T11:56:41.346342+00:00,0,False,0.0,,none,False,none,,rss,True
17c832c67e19,https://www.ivpressonline.com/online_features/community_cares/combat-summer-slide-and-screen-fatigue-with-free-outdoor-stem-lessons/article_1ecff317-e559-5ed2-96c8-a48628d08d57.html,Combat “Summer Slide” and Screen Fatigue  with Free Outdoor STEM Lessons,IV Press,2026-06-13T08:00:00+00:00,2026-06-13T11:56:41.346407+00:00,0,False,0.0,,none,False,none,,rss,True
f7aef8dce6e1,https://www.ivpressonline.com/online_features/tech_talk_and_innovation/4-ways-families-can-support-struggling-readers-this-summer/article_23cf346d-0efb-57e8-8b7a-a8e0bcd20f26.html,4 Ways Families Can Support Struggling Readers This Summer,IV Press,2026-06-13T08:00:00+00:00,2026-06-13T11:56:41.346451+00:00,0,False,0.0,,none,False,none,,rss,True
0255c0e7e9ef,https://www.ivpressonline.com/opinion/opinion-california-s-population-is-stagnating-as-immigration-and-birth-rates-decline/article_23d8cf1e-8cb7-4c34-9caf-73aa4487687f.html,OPINION: California’s population is stagnating as immigration and birth rates decline,IV Press,2026-06-13T07:00:00+00:00,2026-06-13T11:56:41.346541+00:00,0,False,0.0,,none,False,none,,rss,True
4a57e4e12838,https://www.ivpressonline.com/business/how-are-college-grads-navigating-the-tough-job-market-here-s-what-some-are-doing/article_0037697b-aa07-4c07-9824-cf78e09ee4de.html,How are college grads navigating the tough job market? Here’s what some are doing,IV Press,2026-06-13T07:00:00+00:00,2026-06-13T11:56:41.346595+00:00,0,False,0.0,,none,False,none,,rss,True
3cb750991668,https://www.ivpressonline.com/business/migrant-remittances-outpace-corporate-investment-and-tourism-as-mexico-s-top-cash-source/article_d7f7fac8-7b03-4002-bd39-eaec68396dd1.html,Migrant remittances outpace corporate investment and tourism as Mexico’s top cash source,IV Press,2026-06-13T07:00:00+00:00,2026-06-13T11:56:41.346652+00:00,0,False,0.0,,none,False,none,,rss,True
d9c2d81cf405,https://www.ivpressonline.com/opinion/dare-to-live-without-limits-character/article_b6fb0f13-fee5-4cc9-adec-d2324806496d.html,DARE TO LIVE WITHOUT LIMITS: Character,IV Press,2026-06-13T07:00:00+00:00,2026-06-13T11:56:41.346692+00:00,0,False,0.0,,none,False,none,,rss,True
159b1afc0eec,https://www.ivpressonline.com/news/imperial-valley-healthcare-district-encourages-men-in-imperial-county-to-schedule-preventive-checkups/article_663cfe06-daae-40ea-8140-44f758fbde55.html,Imperial Valley Healthcare District encourages men in Imperial County to schedule preventive checkups,IV Press,2026-06-13T07:00:00+00:00,2026-06-13T11:56:41.346731+00:00,6,False,0.1,,none,False,city,,rss,True
c88d82c401fd,https://www.ivpressonline.com/news/calexico-launches-affordable-summer-programs-to-keep-youth-active-and-creative/article_8e5d5c80-9759-4038-b86c-1d48e4364cfb.html,Calexico launches affordable summer programs to keep youth active and creative,IV Press,2026-06-13T07:00:00+00:00,2026-06-13T11:56:41.346787+00:00,3,False,0.05,,none,False,city,,rss,True
903f893a76cd,https://www.ivpressonline.com/news/mana-de-imperial-valley-delivers-heat-relief-as-summer-temperatures-soar/article_65705bfc-a907-4bb4-9144-c4724e41bf4f.html,Mana de Imperial Valley delivers heat relief as summer temperatures soar,IV Press,2026-06-13T07:00:00+00:00,2026-06-13T11:56:41.346838+00:00,6,False,0.1,,none,False,city,,rss,True
afb9b89ea126,https://www.ivpressonline.com/opinion/the-postscript-the-bells/article_f87667eb-f7f9-4c87-b5a4-25b37b915df9.html,THE POSTSCRIPT: The bells,IV Press,2026-06-13T07:00:00+00:00,2026-06-13T11:56:41.346870+00:00,0,False,0.0,,none,False,none,,rss,True
3cb9011f1796,https://www.ivpressonline.com/featured/camarena-memorial-library-to-launch-annual-summer-reading-program/article_71acd709-f11a-4026-b813-67201242e73c.html,Camarena Memorial Library to launch annual summer reading program,IV Press,2026-06-13T07:00:00+00:00,2026-06-13T11:56:41.346921+00:00,3,False,0.05,,none,False,city,,rss,True
95bec61c5a63,https://www.ivpressonline.com/news/imperial-county-registrar-of-voters-reminds-voters-to-cure-unsigned-or-mismatched-ballots/article_ff3ee950-b165-429b-829b-503f8ccc229c.html,Imperial County Registrar of Voters reminds voters to cure unsigned or mismatched ballots,IV Press,2026-06-13T07:00:00+00:00,2026-06-13T11:56:41.346974+00:00,6,False,0.1,,none,False,city,,rss,True
bc267e75f501,https://www.ivpressonline.com/news/library-director-elected-chairperson-of-serra-cooperative-library-system/article_f795726e-3a73-4e73-9b41-70035a241194.html,Library Director elected chairperson of Serra Cooperative Library System,IV Press,2026-06-13T07:00:00+00:00,2026-06-13T11:56:41.347026+00:00,6,False,0.1,,none,False,city,,rss,True
9cbd579d2b1a,https://www.ivpressonline.com/happeningtoday/happening-tomorrow-june-14---16/article_d044a794-bb03-4dcf-8a48-7a83cf31fdc5.html,Happening Tomorrow — June 14 - 16,IV Press,2026-06-13T07:00:00+00:00,2026-06-13T11:56:41.347053+00:00,0,False,0.0,,none,False,none,,rss,True
27e03d84dcc8,https://www.ivpressonline.com/news/cbp-announces-important-change-for-bicycles-electric-bikes-scooters-at-calexico-ports-of-entry/article_29588cb9-7fdd-43d5-9ec7-61e7dea47929.html,"CBP announces important change for bicycles, electric bikes, scooters at Calexico Ports of Entry",IV Press,2026-06-13T07:00:00+00:00,2026-06-13T11:56:41.347107+00:00,3,False,0.05,,none,False,city,,rss,True
dbf74729b838,https://www.ivpressonline.com/news/valley-briefs-police-seize-unserialized-loaded-firearm-three-arrested/article_fee06f1d-b5f3-477a-ac3c-c65fd51e75e0.html,"VALLEY BRIEFS: Police seize unserialized loaded firearm, three arrested",IV Press,2026-06-13T07:00:00+00:00,2026-06-13T11:56:41.347135+00:00,3,False,0.05,,none,False,city,,rss,True
16e66dcbfb37,https://www.ivpressonline.com/news/imperial-county-celebrates-completion-of-heber-townsite-improvements-phase-ii-paving-project/article_f987b2ec-0d80-49a8-a1d7-049aedae8b3f.html,Imperial County celebrates completion of Heber Townsite Improvements Phase II Paving Project,IV Press,2026-06-13T07:00:00+00:00,2026-06-13T11:56:41.347190+00:00,6,False,0.1,,none,False,city,,rss,True
62b7351bce68,https://www.ivpressonline.com/featured/station-west-brewery-offers-fresh-pours-tasty-bites-and-good-ambiance/article_1b3f5a3f-8024-4077-91ca-1389c77704ee.html,"Station West Brewery offers fresh pours, tasty bites, and good ambiance",IV Press,2026-06-13T07:00:00+00:00,2026-06-13T11:56:41.347251+00:00,6,False,0.1,,none,False,city,,rss,True
7b1d4cd62eac,https://www.ivpressonline.com/featured/remembering-the-legacy-of-emma-jones/article_65ee7ea8-fbe5-408d-9bf7-14d072f11121.html,Remembering the legacy of Emma Jones,IV Press,2026-06-13T07:00:00+00:00,2026-06-13T11:56:41.347297+00:00,3,False,0.05,,none,False,city,,rss,True
b8b302aecd1d,https://www.ivpressonline.com/featured/juneteenth-celebration-returns-to-el-centro-with-family-focused-activities-cultural-showcases/article_09fcd9e7-f66f-43ec-9ff1-1962863b55fa.html,"Juneteenth Celebration returns to El Centro with family-focused activities, cultural showcases",IV Press,2026-06-13T07:00:00+00:00,2026-06-13T11:56:41.347352+00:00,6,False,0.1,,none,False,city,,rss,True
0c4879acd085,https://www.ivpressonline.com/online_features/press_releases/from-first-gen-dreams-to-america-s-250th-legacy-evit-rise-scholar-pilar-sosa-gonzalez/article_9bae90db-f70b-5af0-b90f-458f1932b8d6.html,From First-Gen Dreams to America’s 250th Legacy: EVIT RISE Scholar Pilar Sosa Gonzalez Awarded Prestigious America 250 Scholarship on Path to Neuroscience at ASU,IV Press,2026-06-13T02:45:03+00:00,2026-06-13T11:56:41.347392+00:00,0,False,0.0,,none,False,none,,rss,False
751a0b85e36f,https://www.ivpressonline.com/online_features/press_releases/catskills-crossroads-blues-camp-to-celebrate-the-root-of-american-music/article_8b403c0f-bfbd-576a-a618-88cfc30ff037.html,Catskills Crossroads Blues Camp to Celebrate the Root of American Music,IV Press,2026-06-13T02:45:03+00:00,2026-06-13T11:56:41.347419+00:00,0,False,0.0,,none,False,none,,rss,False
ee27bb5345a8,https://www.ivpressonline.com/online_features/press_releases/deb-davis-named-featured-speaker-at-shawn-fair-s-leadership-experience-tour/article_5be91b16-79cb-59db-89c1-010a563915c6.html,Deb Davis Named Featured Speaker at Shawn Fair’s Leadership Experience Tour,IV Press,2026-06-13T02:40:04+00:00,2026-06-13T11:56:41.347450+00:00,0,False,0.0,,none,False,none,,rss,False
513c75cff24a,https://kyma.com/news/2026/06/13/meet-your-candidate-steve-hilton-is-running-for-governor-of-california/,Meet your candidate: Steve Hilton is running for governor of California,KYMA,2026-06-13T13:41:46+00:00,2026-06-14T12:01:45.980747+00:00,6,False,0.1,,none,False,city,,rss,True
655209dc0013,https://kyma.com/news/2026/06/16/brawley-honors-flag-day/,Brawley honors Flag Day,KYMA,2026-06-16T13:35:24+00:00,2026-06-16T15:13:16.438575+00:00,3,False,0.05,,none,False,city,,rss,True
3db48af2f2bb,https://kyma.com/news/top-stories/2026/06/15/calexico-recreation-center-offering-summer-program-activities/,Calexico Recreation Center offering summer program activities,KYMA,2026-06-15T19:00:04+00:00,2026-06-16T15:13:16.438673+00:00,3,False,0.05,,none,False,city,,rss,True
663783cf10b2,https://kyma.com/news/top-stories/2026/06/15/imperial-county-officials-warn-of-mosquito-borne-disease-risks-after-local-dengue-case/,Imperial County officials warn of mosquito-borne disease risks after local dengue case,KYMA,2026-06-15T18:05:19+00:00,2026-06-16T15:13:16.438766+00:00,6,False,0.1,,none,False,city,,rss,True
81e500bad0ec,https://kyma.com/news/2026/06/16/calexico-business-owners-report-drug-use-and-theft/,Calexico business owners report drug use and theft,KYMA,2026-06-16T22:34:53+00:00,2026-06-17T13:44:18.739967+00:00,3,False,0.05,,none,False,city,,rss,True
9fb10cd9f9fa,https://kyma.com/news/top-stories/2026/06/16/imperial-county-sheriffs-office-cracking-down-on-surge-of-illegal-dumping-across-the-valley/,Imperial County Sheriff’s Office cracking down on surge of illegal dumping across the valley,KYMA,2026-06-16T19:02:23+00:00,2026-06-17T13:44:18.740077+00:00,6,False,0.1,,none,False,city,,rss,True
b91385fad3db,https://kyma.com/news/top-stories/2026/06/17/el-centro-city-council-votes-to-put-sales-tax-measure-on-november-ballot/,El Centro City Council votes to put sales tax measure on November ballot,KYMA,2026-06-18T00:09:54+00:00,2026-06-18T13:31:52.944549+00:00,3,False,0.05,,none,False,city,,rss,True
994f9c594cc6,https://www.ivpressonline.com/business/farm-feedback-needed-to-assess-state-veterinary-shortage/article_8e7fa4b6-beac-4032-8c66-2bafe1121a73.html,FARM: Feedback needed to assess state veterinary shortage,IV Press,2026-06-18T07:00:00+00:00,2026-06-18T13:31:55.347756+00:00,0,False,0.0,,none,False,none,,rss,True
7275ead73dc8,https://www.ivpressonline.com/news/el-centro-approves-adding-local-sales-tax-measure-on-november-ballot/article_652be64c-4459-4095-ad74-0e9d87b93eb4.html,El Centro approves adding local sales tax measure on November ballot,IV Press,2026-06-18T07:00:00+00:00,2026-06-18T13:31:55.347815+00:00,3,False,0.05,,none,False,city,,rss,True
77db6e3d9f48,https://www.ivpressonline.com/news/congressman-raul-ruiz-presents-federal-check-to-city-of-westmorland/article_3ae6a7ec-155c-4426-a1e4-d37c978c2c1d.html,Congressman Raul Ruiz presents federal check to City of Westmorland,IV Press,2026-06-18T07:00:00+00:00,2026-06-18T13:31:55.347864+00:00,3,False,0.05,,none,False,city,,rss,True
b43537bc31d5,https://www.ivpressonline.com/business/farm-secretary-rollins-announces-125-million-annual-investment-in-agricultural-research-infrastructure/article_e26ede89-dde3-4051-aada-2e23ebd05cb3.html,FARM: Secretary Rollins announces $125 million annual investment in agricultural research infrastructure,IV Press,2026-06-18T07:00:00+00:00,2026-06-18T13:31:55.347928+00:00,0,False,0.0,,none,False,none,,rss,True
b64ce9726857,https://www.ivpressonline.com/opinion/why-california-must-keep-children-16-and-under-off-addictive-social-media-platforms/article_d1930fdc-4841-4af4-b01b-226c9ec8cb31.html,Why California must keep children 16 and under off addictive social media platforms,IV Press,2026-06-18T07:00:00+00:00,2026-06-18T13:31:55.347961+00:00,0,False,0.0,,none,False,none,,rss,True
3eb016c2696c,https://www.ivpressonline.com/business/farm-labor-expenses-push-farmers-to-automate/article_6a1f4a9f-a06b-4ff5-8bf3-e3e1875aed5e.html,FARM: Labor expenses push farmers to automate,IV Press,2026-06-18T07:00:00+00:00,2026-06-18T13:31:55.347999+00:00,0,False,0.0,,none,False,none,,rss,True
e9d3bafb6f6c,https://www.ivpressonline.com/news/c-rdoba-corporation-opens-new-el-centro-office-bringing-infrastructure-investment-and-jobs-to-the/article_cffe6eb4-b554-47ff-8ad1-59cb96f94c59.html,"Córdoba Corporation opens new El Centro office, bringing infrastructure investment and jobs to the Imperial Valley",IV Press,2026-06-18T07:00:00+00:00,2026-06-18T13:31:55.348053+00:00,6,False,0.1,,none,False,city,,rss,True
2f171749643d,https://www.ivpressonline.com/opinion/one-cyrs-view-spacex-public-listing-makes-history/article_168fdb52-85b9-4aba-9a45-2a46887c51cb.html,ONE CYR'S VIEW: SpaceX public listing makes history,IV Press,2026-06-18T07:00:00+00:00,2026-06-18T13:31:55.348090+00:00,0,False,0.0,,none,False,none,,rss,True
aa0125e8c793,https://www.ivpressonline.com/news/cops-briefs-duo-arrested-in-major-identity-theft-and-grand-theft-investigation/article_f6ac3253-43c4-4979-9fb3-a5b979ac53e0.html,COPS BRIEFS: Duo arrested in major identity theft and grand theft investigation,IV Press,2026-06-18T07:00:00+00:00,2026-06-18T13:31:55.348119+00:00,3,False,0.05,,none,False,city,,rss,True
5c227a2d0f8e,https://www.ivpressonline.com/news/mexicali-briefs-state-urges-farmers-to-crop-switch-ahead-of-drastic-2027-colorado-river-water/article_0643ba50-e63a-4123-b992-868050f2480b.html,MEXICALI BRIEFS: State urges farmers to crop-switch ahead of drastic 2027 Colorado River water cuts,IV Press,2026-06-18T07:00:00+00:00,2026-06-18T13:31:55.348148+00:00,0,False,0.0,,none,False,none,,rss,True
23905cd6e165,https://www.ivpressonline.com/news/california-farmers-sound-alarm-over-proposed-30-h-2a-wage-hike/article_3c7afa2d-41ed-494f-ad18-0b0df9a826b4.html,California farmers sound alarm over proposed 30% H-2A wage hike,IV Press,2026-06-18T07:00:00+00:00,2026-06-18T13:31:55.348193+00:00,0,False,0.0,,none,False,none,,rss,True
396a0edc7cc6,https://www.ivpressonline.com/news/water-rights-dispute-erupts-over-proposed-imperial-valley-data-center/article_34def210-b3d3-4b4f-bf80-a14e8cbc6a29.html,Water rights dispute erupts over proposed Imperial Valley data center,IV Press,2026-06-18T07:00:00+00:00,2026-06-18T13:31:55.348245+00:00,6,False,0.1,,none,False,city,,rss,True
ef927920c99b,https://www.ivpressonline.com/news/calipatria-breaks-ground-on-new-community-park/article_47a1cb43-6a30-4fe6-9572-23f1f08cedc9.html,Calipatria breaks ground on new community park,IV Press,2026-06-18T07:00:00+00:00,2026-06-18T13:31:55.348286+00:00,3,False,0.05,,none,False,city,,rss,True
0eff06986beb,https://www.ivpressonline.com/adelantevalle/brawley-avanza-claramente-hacia-la-regulaci-n-de-centros-de-datos-y-descarta-el-plan/article_489b4bf4-ceb3-408d-b2f6-62f8164a57e2.html,Brawley avanza claramente hacia la regulación de centros de datos y descarta el plan de moratoria,IV Press,2026-06-18T07:00:00+00:00,2026-06-18T13:31:55.348339+00:00,3,False,0.05,,none,False,city,,rss,True
b43e88d5a61c,https://www.ivpressonline.com/sports/turning-points-when-flag-football-became-a-championship-sport/article_7c63b10d-080e-40ed-ac5b-6a51ba5fa962.html,Turning Points: When flag football became a championship sport,IV Press,2026-06-18T07:00:00+00:00,2026-06-18T13:31:55.348381+00:00,0,False,0.0,,none,False,none,,rss,True
48bba611a6bd,https://www.ivpressonline.com/news/imperial-county-reverses-course-unanimously-approves-data-center-moratorium-after-intense-community-pushback/article_0f2464ec-f46b-4129-a06f-2ea59662995a.html,"Imperial County reverses course, unanimously approves data center moratorium after intense community pushback",IV Press,2026-06-18T07:00:00+00:00,2026-06-18T13:31:55.348432+00:00,6,False,0.1,,none,False,city,,rss,True
adb62a46d733,https://www.ivpressonline.com/news/brawley-clearly-moves-to-regulate-data-centers-dropping-moratorium-plan/article_45453b46-b08c-4ae9-bbdc-51be3580c3af.html,"Brawley clearly moves to regulate data centers, dropping moratorium plan",IV Press,2026-06-18T07:00:00+00:00,2026-06-18T13:31:55.348479+00:00,3,False,0.05,,none,False,city,,rss,True
c3025c1c1a3d,https://www.ivpressonline.com/adelantevalle/graduados-de-ivc-alcanzan-un-momento-hist-rico/article_3b752796-2592-46e8-a5ed-8cb24474fca4.html,Graduados de IVC alcanzan un momento histórico,IV Press,2026-06-18T07:00:00+00:00,2026-06-18T13:31:55.348524+00:00,6,False,0.1,,none,False,city,,rss,True
8bfbb85e1ebc,https://www.ivpressonline.com/adelantevalle/calipatria-inicia-la-construcci-n-de-nuevo-parque-urbano/article_533b84fe-1328-431f-9ec5-d2e75831a443.html,Calipatria inicia la construcción de nuevo parque urbano,IV Press,2026-06-18T07:00:00+00:00,2026-06-18T13:31:55.348571+00:00,3,False,0.05,,none,False,city,,rss,True
382629395747,https://www.ivpressonline.com/obituaries/mitchell-ronald/article_4df92ac1-d0d5-54fa-aceb-a15033a1af8a.html,"MITCHELL,  RONALD",IV Press,2026-06-18T07:00:00+00:00,2026-06-18T13:31:55.348605+00:00,3,False,0.05,,none,False,city,,rss,True
b0e461bb4883,https://www.ivpressonline.com/online_features/press_releases/robert-j-smith-mfa-releases-number-one-best-selling-book-that-turns-his-acclaimed-forbes/article_dd043450-6689-53d9-8e48-bb85f1a90b82.html,"Robert J. Smith, MFA Releases Number One Best Selling Book That Turns His Acclaimed Forbes Articles Into a Complete Business Growth Playbook",IV Press,2026-06-18T03:50:01+00:00,2026-06-18T13:31:55.348636+00:00,0,False,0.0,,none,False,none,,rss,False
79fdd6e616f5,https://www.ivpressonline.com/online_features/press_releases/physical-ai-market-to-reach-82-8-billion-how-japan-is-leading-the-next-industrial/article_dec3ed4a-106c-580c-a506-ad1fea4d1280.html,Physical AI Market to Reach $82.8 Billion: How Japan Is Leading the Next Industrial Revolution,IV Press,2026-06-18T03:45:01+00:00,2026-06-18T13:31:55.348663+00:00,0,False,0.0,,none,False,none,,rss,False
15868759298f,https://www.ivpressonline.com/online_features/press_releases/alconost-launches-qacat-qa-that-gets-smarter-over-time/article_515609fb-c78b-5f8c-b216-e1af937d7a85.html,Alconost Launches QACAT: QA That Gets Smarter Over Time,IV Press,2026-06-18T03:40:02+00:00,2026-06-18T13:31:55.348696+00:00,0,False,0.0,,none,False,none,,rss,True
0a6a7e180635,https://www.ivpressonline.com/online_features/press_releases/penguin-travel-launches-day-tours-from-sofia-putting-riders-in-the-saddle-of-the-balkan/article_58a782b8-9160-5c3d-977a-5e6d3a1f7b5a.html,"Penguin Travel Launches “Day Tours From Sofia,” Putting Riders in the Saddle of the Balkan Mountains in Under an Hour",IV Press,2026-06-18T03:35:03+00:00,2026-06-18T13:31:55.348730+00:00,0,False,0.0,,none,False,none,,rss,False
368a4d663849,https://www.ivpressonline.com/online_features/press_releases/seekink-unveils-full-product-portfolio-of-e-paper-solutions-at-infocomm-2026-powering-commercial-workplace/article_825f8177-e517-5e60-be2d-feaf8fc5365b.html,"SEEKINK Unveils Full Product Portfolio of E-Paper Solutions at Infocomm 2026, Powering Commercial, Workplace, Consumer Electronics, Smarter Transit Applications",IV Press,2026-06-18T03:20:00+00:00,2026-06-18T13:31:55.348770+00:00,0,False,0.0,,none,False,none,,rss,True
bd02a871d4c0,https://kyma.com/play/entertainment/2026/06/18/quechan-casino-resort-to-hold-theresa-caputo-live-the-experience/,Quechan Casino Resort to hold Theresa Caputo Live! The Experience,KYMA,2026-06-19T01:19:57+00:00,2026-06-19T13:37:50.127665+00:00,0,False,0.0,,none,False,none,,rss,True
5c29c59150f5,https://kyma.com/news/imperial-county/2026/06/18/battle-of-the-bars-imperial-valleys-margarita-challenge-returns/,Battle of the Bars: Imperial Valley’s Margarita Challenge returns,KYMA,2026-06-18T19:55:42+00:00,2026-06-19T13:37:50.127759+00:00,6,False,0.1,,none,False,city,,rss,True
6096416a6619,https://kyma.com/news/top-stories/2026/06/18/brawley-reopens-lions-center-pool-just-in-time-for-summer/,Brawley reopens Lions Center pool just in time for summer,KYMA,2026-06-18T19:08:43+00:00,2026-06-19T13:37:50.127860+00:00,3,False,0.05,,none,False,city,,rss,True
41c087a315a0,https://kyma.com/news/top-stories/2026/06/18/boys-girls-clubs-of-imperial-valley-launches-free-summer-meal-program/,Boys & Girls Clubs of Imperial Valley launches free summer meal program,KYMA,2026-06-18T17:17:09+00:00,2026-06-19T13:37:50.127923+00:00,6,False,0.1,,none,False,city,,rss,True
67c6200c22da,https://kyma.com/decision-politics/2026/06/17/el-centro-city-council-votes-to-put-sales-tax-measure-on-november-ballot/,El Centro City Council votes to put sales tax measure on November ballot,KYMA,2026-06-18T00:09:54+00:00,2026-06-19T13:37:50.127984+00:00,3,False,0.05,,none,False,city,,rss,True
3c603399b858,https://kyma.com/news/imperial-county/2026/06/16/calexico-business-owners-report-drug-use-and-theft/,Calexico business owners report drug use and theft,KYMA,2026-06-16T22:34:53+00:00,2026-06-19T13:37:50.128041+00:00,6,False,0.1,,none,False,city,,rss,True
a2a8d1137373,https://kyma.com/news/imperial-county/2026/06/16/imperial-county-sheriffs-office-cracking-down-on-surge-of-illegal-dumping-across-the-valley/,ICSO cracking down on surge of illegal dumping across the valley,KYMA,2026-06-16T19:02:23+00:00,2026-06-19T13:37:50.128109+00:00,3,False,0.05,,none,False,city,,rss,True
1e315f3c5ccd,https://kyma.com/the-good-stuff/holiday/2026/06/16/brawley-honors-flag-day/,Brawley honors Flag Day,KYMA,2026-06-16T13:35:24+00:00,2026-06-19T13:37:50.128164+00:00,3,False,0.05,,none,False,city,,rss,True
2b73bd412613,https://kyma.com/news/top-stories/2026/06/15/calexico-police-investigate-bullet-fragment-found-in-vehicle/,Calexico police investigate bullet fragment found in vehicle,KYMA,2026-06-15T21:36:00+00:00,2026-06-19T13:37:50.128220+00:00,3,False,0.05,,none,False,city,,rss,True
c75f7d392287,https://kyma.com/dsw-living/health/2026/06/15/imperial-county-officials-warn-of-mosquito-borne-disease-risks-after-local-dengue-case/,Imperial County officials warn of mosquito-borne disease risks after local dengue case,KYMA,2026-06-15T18:05:19+00:00,2026-06-19T13:37:50.128338+00:00,6,False,0.1,,none,False,city,,rss,True
7000a58188ab,https://kyma.com/decision-politics/2026/06/13/meet-your-candidate-steve-hilton-is-running-for-governor-of-california/,Meet your candidate: Steve Hilton is running for governor of California,KYMA,2026-06-13T13:41:46+00:00,2026-06-19T13:37:50.128403+00:00,0,False,0.0,,none,False,none,,rss,True
d89ff7dbbef4,https://kyma.com/dsw-living/health/2026/06/12/imperial-valley-healthcare-district-urges-men-to-schedule-preventive-checkups/,IVHD urges men to schedule preventive checkups,KYMA,2026-06-12T18:02:30+00:00,2026-06-19T13:37:50.128465+00:00,6,False,0.1,,none,False,city,,rss,True
e4a10f67bc2f,https://kyma.com/news/imperial-county/2026/06/11/crews-battle-fire/,Crews battle vegetation fire in Holtville,KYMA,2026-06-12T01:54:04+00:00,2026-06-19T13:37:50.128521+00:00,6,False,0.1,,none,False,city,,rss,True
806dcbd79b17,https://kyma.com/news/imperial-county/2026/06/10/dolly-partons-imagination-library-set-to-launch-in-imperial-valley/,Dolly Parton’s Imagination Library set to launch in Imperial Valley,KYMA,2026-06-10T22:13:18+00:00,2026-06-19T13:37:50.128645+00:00,6,False,0.1,,none,False,city,,rss,True
add64cdfc8ad,https://kyma.com/news/breaking-news/2026/06/19/firefighters-in-imperial-county-battle-vegetation-fire/,Firefighters in Imperial County battle vegetation fire,KYMA,2026-06-19T23:59:22+00:00,2026-06-20T12:01:10.509371+00:00,6,False,0.1,,none,False,city,,rss,True
4117c4a90c1e,https://kyma.com/decision-politics/2026/06/19/sen-steve-padilla-hosts-el-centro-town-hall/,Sen. Steve Padilla hosts El Centro town hall,KYMA,2026-06-19T19:21:24+00:00,2026-06-20T12:01:10.509448+00:00,6,False,0.1,,none,False,city,,rss,True
c1a87202d1b1,https://kyma.com/news/imperial-county/2026/06/19/access-to-thrive-hosts-business-plan-event/,Access to Thrive hosts business plan event,KYMA,2026-06-19T19:25:06+00:00,2026-06-20T12:01:10.509515+00:00,3,False,0.05,,none,False,city,,rss,True
35312d0b34c7,https://kyma.com/dsw-living/health/2026/06/19/mosquitoes-in-imperial-county-test-positive-for-viruses-that-causes-serious-illness/,Mosquitoes in Imperial County test positive for viruses that causes serious illness,KYMA,2026-06-19T16:46:30+00:00,2026-06-20T12:01:10.509584+00:00,6,False,0.1,,none,False,city,,rss,True
da1488466af0,https://kyma.com/the-good-stuff/holiday/2026/06/19/community-unity-and-culture-shine-at-el-centros-juneteenth-celebration/,Community unity and culture shine at El Centro’s Juneteenth celebration,KYMA,2026-06-19T16:11:48+00:00,2026-06-20T12:01:10.509660+00:00,6,False,0.1,,none,False,city,,rss,True
f72956c2168f,https://kyma.com/news/imperial-county/2026/06/19/trailer-fire-in-heber-prompts-large-response/,Trailer fire in Heber prompts large response,KYMA,2026-06-19T17:30:22+00:00,2026-06-20T12:01:10.510007+00:00,3,False,0.05,,none,False,city,,rss,True
b0584057ea95,https://kyma.com/dsw-living/data-centers/2026/06/19/data-center-developer-sues-iid-for-refusing-water-service-in-imperial-county/,Data center developer sues IID for refusing water service in Imperial County,KYMA,2026-06-19T17:42:25+00:00,2026-06-20T12:01:10.510070+00:00,6,False,0.1,,none,False,city,,rss,True
5174bb760ae6,https://kyma.com/decision-politics/local-politics/2026/06/22/brawley-drops-moratorium-unanimously-passes-strict-new-infrastructure-regulations/,"Brawley drops moratorium, unanimously passes strict new infrastructure regulations",KYMA,2026-06-23T00:48:15+00:00,2026-06-23T12:37:43.957492+00:00,6,False,0.1,,none,False,city,,rss,True
02e73962395d,https://kyma.com/news/imperial-county/2026/06/22/los-lobos-and-los-lonely-boys-to-perform-at-quechan-casino-resort/,Los Lobos and Los Lonely Boys to perform at Quechan Casino Resort,KYMA,2026-06-22T21:33:10+00:00,2026-06-23T12:37:43.957570+00:00,3,False,0.05,,none,False,city,,rss,True
ed332845dd64,https://kyma.com/decision-politics/local-politics/2026/06/23/imperial-county-board-of-supervisors-vote-on-opposing-air-district-overhaul-bill/,Imperial County Board of Supervisors vote on opposing Air District overhaul bill,KYMA,2026-06-23T18:50:12+00:00,2026-06-24T12:22:02.680318+00:00,6,False,0.1,,none,False,city,,rss,True
9edb7e75e9f9,https://www.thedesertreview.com/news/state/movies-and-tv-shows-casting-in-chico/article_7509e663-a333-56e4-8d6a-540ba104efcc.html,Movies and TV shows casting in Chico,Desert Review,2026-06-24T09:06:00+00:00,2026-06-24T12:22:07.572288+00:00,0,False,0.0,,none,False,none,,rss,True
78283de03298,https://www.thedesertreview.com/news/state/movies-and-tv-shows-casting-in-fresno/article_4ccaf288-c0bb-575b-a906-c1042d3d96fc.html,Movies and TV shows casting in Fresno,Desert Review,2026-06-24T09:06:00+00:00,2026-06-24T12:22:07.572326+00:00,0,False,0.0,,none,False,none,,rss,True
0fc9626f790c,https://www.thedesertreview.com/news/state/movies-and-tv-shows-casting-in-redding/article_3f1ce0c2-3556-5513-8c63-9d66f4473bfa.html,Movies and TV shows casting in Redding,Desert Review,2026-06-24T09:06:00+00:00,2026-06-24T12:22:07.572356+00:00,0,False,0.0,,none,False,none,,rss,True
f797af51f4a8,https://www.thedesertreview.com/news/state/movies-and-tv-shows-casting-in-riverside/article_fe15ece6-493a-5dca-b5e7-ddf907bfba91.html,Movies and TV shows casting in Riverside,Desert Review,2026-06-24T09:06:00+00:00,2026-06-24T12:22:07.572385+00:00,0,False,0.0,,none,False,none,,rss,True
db4c7a1cc64c,https://www.thedesertreview.com/news/state/movies-and-tv-shows-casting-in-sacramento/article_207a8ac9-3820-5301-a4bd-de37823d45fc.html,Movies and TV shows casting in Sacramento,Desert Review,2026-06-24T09:06:00+00:00,2026-06-24T12:22:07.572412+00:00,0,False,0.0,,none,False,none,,rss,True
9918a82a9a41,https://www.thedesertreview.com/news/state/movies-and-tv-shows-casting-in-san-diego/article_1fa79933-101b-5442-be19-272bb2621e66.html,Movies and TV shows casting in San Diego,Desert Review,2026-06-24T09:06:00+00:00,2026-06-24T12:22:07.572438+00:00,0,False,0.0,,none,False,none,,rss,True
4222ee9e12a2,https://www.thedesertreview.com/news/state/movies-and-tv-shows-casting-in-san-jose/article_382b4504-34eb-520b-9526-6ea33cf7595d.html,Movies and TV shows casting in San Jose,Desert Review,2026-06-24T09:06:00+00:00,2026-06-24T12:22:07.572465+00:00,0,False,0.0,,none,False,none,,rss,True
0705cf135308,https://www.thedesertreview.com/news/state/movies-and-tv-shows-casting-in-stockton/article_4e29324c-b629-59a5-b7d4-a3881725300e.html,Movies and TV shows casting in Stockton,Desert Review,2026-06-24T09:06:00+00:00,2026-06-24T12:22:07.572490+00:00,0,False,0.0,,none,False,none,,rss,True
8ee6cde9a641,https://www.thedesertreview.com/news/state/movies-and-tv-shows-casting-in-san-francisco/article_ca681448-ace3-5c07-80f3-17be5cab1c04.html,Movies and TV shows casting in San Francisco,Desert Review,2026-06-24T09:06:00+00:00,2026-06-24T12:22:07.572517+00:00,0,False,0.0,,none,False,none,,rss,True
c8b46e602c2b,https://www.thedesertreview.com/news/state/movies-and-tv-shows-casting-in-los-angeles/article_10a2a68c-754b-5ad3-9841-f948818a5592.html,Movies and TV shows casting in Los Angeles,Desert Review,2026-06-24T09:06:00+00:00,2026-06-24T12:22:07.572544+00:00,0,False,0.0,,none,False,none,,rss,True
d3d7f53b8db2,https://www.thedesertreview.com/news/national/helena-launches-parks-survey-as-city-prepares-to-update-10-year-plan/article_886333c9-3918-5caf-8baa-d14df14d078f.html,Helena launches parks survey as city prepares to update 10-year plan,Desert Review,2026-06-24T06:32:00+00:00,2026-06-24T12:22:07.572604+00:00,0,False,0.0,,none,False,none,,rss,True
628085b0eb4b,https://www.thedesertreview.com/online_features/press_releases/readers-favorite-publishes-review-of-political-thriller-the-day-satoshi-returned-by-taimour-alneimat/article_f59ef688-e98e-53f2-8bf4-6859da81041b.html,Readers’ Favorite Publishes Review of Political Thriller “The Day Satoshi Returned” by Taimour Alneimat,Desert Review,2026-06-24T03:14:59+00:00,2026-06-24T12:22:07.572640+00:00,0,False,0.0,,none,False,none,,rss,False
eb31b25a4a0b,https://www.thedesertreview.com/online_features/press_releases/the-hidden-cost-of-service-gaps-in-restaurants/article_7becf004-78e8-5e56-b98b-5583c23bd0d3.html,The Hidden Cost of Service Gaps in Restaurants,Desert Review,2026-06-24T03:15:03+00:00,2026-06-24T12:22:07.572664+00:00,0,False,0.0,,none,False,none,,rss,False
46f5026a0b87,https://www.thedesertreview.com/online_features/press_releases/stratrix-technologies-expands-global-operations-to-support-rising-demand-for-ai-driven-business-automation/article_78c38a5b-95ce-5928-a11b-445cb540b754.html,Stratrix Technologies Expands Global Operations To Support Rising Demand For AI-Driven Business Automation,Desert Review,2026-06-24T03:10:02+00:00,2026-06-24T12:22:07.572693+00:00,0,False,0.0,,none,False,none,,rss,False
69e7216b5a31,https://www.thedesertreview.com/online_features/press_releases/top-data-center-recruiter-bemana-named-1-by-talent-hero-media/article_f168d8db-36e4-5414-b142-a7c2eefa7296.html,Top Data Center Recruiter: Bemana Named #1 by Talent Hero Media,Desert Review,2026-06-24T02:40:02+00:00,2026-06-24T12:22:07.572735+00:00,0,False,0.0,,none,False,none,,rss,True
f36f9d45dd34,https://www.thedesertreview.com/online_features/press_releases/robert-lawrence-vancouver-highlights-p2b-bistro-bar-s-braised-beef-short-rib-and-exceptional-hospitality/article_1893cb7c-316b-584d-afc2-f8f06f66677d.html,Robert Lawrence Vancouver Highlights P2B Bistro & Bar’s Braised Beef Short Rib and Exceptional Hospitality,Desert Review,2026-06-24T02:35:02+00:00,2026-06-24T12:22:07.572770+00:00,0,False,0.0,,none,False,none,,rss,False
8d75bcf6efb3,https://www.thedesertreview.com/online_features/press_releases/synup-launches-location-data-connector-to-sync-business-information-across-client-websites-for-marketing-agencies/article_1b8e9fc7-e650-5ae1-9486-e967cb35d52b.html,Synup Launches Location Data Connector to Sync Business Information Across Client Websites for Marketing Agencies,Desert Review,2026-06-24T02:25:03+00:00,2026-06-24T12:22:07.572801+00:00,0,False,0.0,,none,False,none,,rss,False
e5a18ddb93ae,https://www.thedesertreview.com/online_features/press_releases/everpro-expands-industrial-air-compressor-solutions-across-north-america-with-factory-direct-rotary-screw-compressor/article_903d279d-311f-5acd-8d2d-519cd1b14779.html,EverPro Expands Industrial Air Compressor Solutions Across North America with Factory-Direct Rotary Screw Compressor Systems,Desert Review,2026-06-24T02:25:03+00:00,2026-06-24T12:22:07.572832+00:00,0,False,0.0,,none,False,none,,rss,False
57fe5719e239,https://www.thedesertreview.com/online_features/press_releases/the-florida-probate-family-law-firm-celebrates-prestigious-super-lawyers-and-rising-stars-recognitions-for/article_89267c83-7ac7-5ac3-b9b7-84f6f0b4695f.html,The Florida Probate & Family Law Firm Celebrates Prestigious Super Lawyers and Rising Stars Recognitions for Four Lead Attorneys,Desert Review,2026-06-24T02:25:03+00:00,2026-06-24T12:22:07.572863+00:00,0,False,0.0,,none,False,none,,rss,False
f9bc0a56def3,https://www.thedesertreview.com/online_features/press_releases/sweet-james-accident-attorneys-joins-breast-cancer-angels-in-supporting-saddle-up-for-a-cause/article_2e92ac36-0fe8-5549-abaf-b357834c6d80.html,Sweet James Accident Attorneys Joins Breast Cancer Angels in Supporting Saddle Up for a Cause Fundraiser in Irvine,Desert Review,2026-06-24T02:18:00+00:00,2026-06-24T12:22:07.572907+00:00,0,False,0.0,,none,False,none,,rss,True
16b6e3266d35,https://www.thedesertreview.com/online_features/press_releases/readers-favorite-announces-the-review-of-the-fiction---fantasy---epic-book/article_5a229ccf-e324-56e0-98e7-bdcb966068f5.html,"Readers' Favorite announces the review of the Fiction - Fantasy - Epic book ""The Orphans of Nilad"" by Erich and Daniella Sanchack",Desert Review,2026-06-24T02:07:06+00:00,2026-06-24T12:22:07.572939+00:00,0,False,0.0,,none,False,none,,rss,False
aa86b8a93e08,https://www.thedesertreview.com/online_features/press_releases/embark-behavioral-health-named-best-mental-health-service-in-greeley-for-2026/article_777d5ed2-a3c9-515b-9d7f-473c3bd030ca.html,Embark Behavioral Health Named Best Mental Health Service in Greeley for 2026,Desert Review,2026-06-24T02:00:02+00:00,2026-06-24T12:22:07.572966+00:00,0,False,0.0,,none,False,none,,rss,False
98a130521173,https://www.thedesertreview.com/online_features/press_releases/new-york-estate-planning-attorney-natalia-a-sishodia-explains-strategies-for-tax-efficient-property-transfers/article_47c5dccb-e800-5b75-a0ef-05ed3bfd71ee.html,New York Estate Planning Attorney Natalia A. Sishodia Explains Strategies for Tax-Efficient Property Transfers to Family Members,Desert Review,2026-06-24T02:00:02+00:00,2026-06-24T12:22:07.572998+00:00,0,False,0.0,,none,False,none,,rss,False
35bd31f67625,https://www.thedesertreview.com/online_features/press_releases/roanoke-personal-injury-attorney-john-p-fishwick-jr-explains-virginia-injury-claims-and-legal-rights/article_8ab6fc1b-c191-57b8-90cb-a62afac6d1f3.html,Roanoke Personal Injury Attorney John P. Fishwick Jr. Explains Virginia Injury Claims and Legal Rights for Accident Victims,Desert Review,2026-06-24T01:55:02+00:00,2026-06-24T12:22:07.573027+00:00,0,False,0.0,,none,False,none,,rss,False
fc0abf0396b1,https://www.thedesertreview.com/online_features/press_releases/long-island-personal-injury-lawyer-keetick-l-sanchez-announces-new-freeport-office-serving-nassau-county/article_209a9dbb-9aa5-5b46-8bc5-d789fbc5f53c.html,Long Island Personal Injury Lawyer Keetick L. Sanchez Announces New Freeport Office Serving Nassau County and Long Island,Desert Review,2026-06-24T01:45:04+00:00,2026-06-24T12:22:07.573057+00:00,0,False,0.0,,none,False,none,,rss,False
d7d9549d1c1d,https://kyma.com/news/top-stories/2026/06/24/officials-urge-immediate-safety-measures-amid-extreme-heat/,Officials urge immediate safety measures amid extreme heat,KYMA,2026-06-24T19:34:59+00:00,2026-06-25T12:25:55.869530+00:00,15,True,0.25,extreme heat,illness,False,none,,rss,True
8f5ffb426e89,https://kyma.com/news/imperial-county/2026/06/25/great-community-fair-happening-in-calipatria-this-weekend/,Great Community Fair happening in Calipatria this weekend,KYMA,2026-06-26T00:07:58+00:00,2026-06-26T12:14:53.396377+00:00,6,False,0.1,,none,False,city,,rss,True
00fd462cc951,https://kyma.com/news/imperial-county/2026/06/25/hydration-stations-bring-niland-relief/,Hydration stations bring Niland relief,KYMA,2026-06-25T23:35:22+00:00,2026-06-26T12:14:53.396461+00:00,11,False,0.183,cooling center,illness,False,city,,rss,True
6bf95c855eb7,https://kyma.com/decision-politics/local-politics/2026/06/25/imperial-county-backs-state-bill-to-strip-tax-exemptions-from-private-detention-centers/,Imperial County backs state bill to strip tax exemptions from private detention centers,KYMA,2026-06-25T22:44:02+00:00,2026-06-26T12:14:53.396538+00:00,6,False,0.1,,none,False,city,,rss,True
bceec3536d94,https://kyma.com/news/imperial-county/2026/06/25/salton-city-murder-suspects-back-in-court/,Salton City murder suspects back in court,KYMA,2026-06-25T22:42:47+00:00,2026-06-26T12:14:53.396594+00:00,3,False,0.05,,none,False,city,,rss,True
ae92df9d6ace,https://kyma.com/news/imperial-county/2026/06/25/city-of-calexico-to-host-family-night-at-the-pool-dive-in-movie-night/,City of Calexico to host Family Night at the Pool – Dive-In Movie Night,KYMA,2026-06-25T20:10:49+00:00,2026-06-26T12:14:53.396664+00:00,6,False,0.1,,none,False,city,,rss,True
2d71ffb3b09e,https://kyma.com/education/imperial-education/2026/06/25/elementary-school-named-after-cesar-chavez-to-be-renamed/,Elementary school named after Cesar Chavez renamed,KYMA,2026-06-25T21:55:42+00:00,2026-06-26T12:14:53.396725+00:00,6,False,0.1,,none,False,city,,rss,True
7fe9e68221a9,https://kyma.com/news/imperial-county/2026/06/26/kiwanis-club-of-el-centro-celebrates-100-years-of-community-impact/,Kiwanis Club of El Centro celebrates 100 years of community impact,KYMA,2026-06-27T00:42:20+00:00,2026-06-27T11:39:19.293153+00:00,6,False,0.1,,none,False,city,,rss,True
02821ccf3370,https://kyma.com/news/imperial-county/2026/06/26/options-for-all-expands-hands-on-job-training/,Options For All expands hands-on job training,KYMA,2026-06-26T22:29:32+00:00,2026-06-27T11:39:19.293228+00:00,6,False,0.1,,none,False,city,,rss,True
bd15db29a9a6,https://kyma.com/education/imperial-education/2026/06/26/calexico-school-board-renames-cesar-chavez-elementary-school/,Calexico school board renames Cesar Chavez Elementary School,KYMA,2026-06-26T20:29:41+00:00,2026-06-27T11:39:19.293297+00:00,6,False,0.1,,none,False,city,,rss,True
66eaed258351,https://kyma.com/news/imperial-county/2026/06/26/car-shooting-investigation-in-calexico-continues/,Car shooting investigation in Calexico continues,KYMA,2026-06-26T19:32:19+00:00,2026-06-27T11:39:19.293353+00:00,6,False,0.1,,none,False,city,,rss,True
1a891163801f,https://www.thedesertreview.com/online_features/community_cares/healthcare-careers-a-pathway-to-success-for-kansas-city-professionals/article_28f52f7c-ba10-545d-b4ad-1b498a4d0b16.html,Healthcare Careers: A Pathway to Success for Kansas City Professionals,Desert Review,2026-06-27T08:00:00+00:00,2026-06-27T11:39:24.093100+00:00,0,False,0.0,,none,False,none,,rss,True
9551d00dd850,https://www.thedesertreview.com/online_features/community_cares/the-cost-of-cutting-funding-to-us-scientific-research/article_67b5505b-6c3e-5242-bfb3-6843efdc9995.html,The Cost of Cutting Funding to US Scientific Research,Desert Review,2026-06-27T08:00:00+00:00,2026-06-27T11:39:24.093151+00:00,0,False,0.0,,none,False,none,,rss,True
480373fa5efb,https://www.thedesertreview.com/online_features/food_recipes_entertaining/how-playing-a-quick-puzzle-can-improve-your-workday/article_66726de8-7b59-5745-a5b1-7edeb1e88c77.html,How Playing A Quick Puzzle Can Improve Your Workday,Desert Review,2026-06-27T08:00:00+00:00,2026-06-27T11:39:24.093192+00:00,0,False,0.0,,none,False,none,,rss,True
a76d4479633a,https://www.thedesertreview.com/online_features/tech_talk_and_innovation/4-ways-families-can-support-struggling-readers-this-summer/article_8082625c-7ee6-5ba7-b130-65d9950566ff.html,4 Ways Families Can Support Struggling Readers This Summer,Desert Review,2026-06-27T08:00:00+00:00,2026-06-27T11:39:24.093231+00:00,0,False,0.0,,none,False,none,,rss,True
c1ba88343667,https://www.thedesertreview.com/news/national/texas-becomes-first-state-to-make-bible-required-reading/article_6c91275f-3437-5c8c-a4a1-756c98d0a432.html,Texas becomes first state to make Bible required reading,Desert Review,2026-06-27T01:20:00+00:00,2026-06-27T11:39:24.093272+00:00,0,False,0.0,,none,False,none,,rss,True
0d95a677bee2,https://www.thedesertreview.com/online_features/press_releases/ccfs-impact-fund-announces-1-5-million-in-grants-to-more-than-20-nonprofit-partners/article_1b586f71-d789-514f-bb62-8f7db43b6094.html,CCF's Impact Fund Announces $1.5 Million in Grants to More Than 20 Nonprofit Partners to Provide Critical Relief to Boyle Heights and Eastside Communities,Desert Review,2026-06-27T01:05:00+00:00,2026-06-27T11:39:24.093313+00:00,0,False,0.0,,none,False,none,,rss,True
4e2c92da5b17,https://www.thedesertreview.com/online_features/press_releases/american-ev-jobs-alliance-applauds-governor-newsom-legislature-for-landmark-first-time-ev-buyer-incentive/article_3e8205b1-653b-59b5-8f8a-c1c8eb5e6362.html,"American EV Jobs Alliance Applauds Governor Newsom, Legislature for Landmark First-Time EV Buyer Incentive",Desert Review,2026-06-27T00:52:00+00:00,2026-06-27T11:39:24.093354+00:00,0,False,0.0,,none,False,none,,rss,True
07d7f973efa5,https://www.thedesertreview.com/online_features/press_releases/genesis-surges-to-second-overall-in-jd-power-2026-u-s-initial-quality-study/article_021f92fa-4803-54ba-9a75-cf736e6a3dc3.html,GENESIS SURGES TO SECOND OVERALL IN JD POWER 2026 U.S. INITIAL QUALITY STUDY,Desert Review,2026-06-27T00:01:00+00:00,2026-06-27T11:39:24.093394+00:00,0,False,0.0,,none,False,none,,rss,True
bb9679e394ab,https://www.thedesertreview.com/online_features/press_releases/florida-sliding-glass-door-repair-installation-glass-replacement-expands-sliding-glass-door-replacement-services-in/article_59b65c2a-4f2f-5ad4-9fed-154f02fd1e1e.html,"Florida Sliding Glass Door Repair, Installation & Glass Replacement Expands Sliding Glass Door Replacement Services in Orlando Ahead of Hurricane Season",Desert Review,2026-06-26T23:40:01+00:00,2026-06-27T11:39:24.093426+00:00,0,False,0.0,,none,False,none,,rss,False
cb66e5740aed,https://www.thedesertreview.com/online_features/press_releases/ascension-center-for-women-s-health-now-offers-emsella-for-pelvic-floor-wellness-in-gonzales/article_2987bb49-cbd8-51db-8cd4-ae41bb1ff80a.html,"Ascension Center for Women’s Health Now Offers Emsella for Pelvic Floor Wellness in Gonzales, Louisiana",Desert Review,2026-06-26T23:40:03+00:00,2026-06-27T11:39:24.093461+00:00,0,False,0.0,,none,False,none,,rss,False
9b5c7f13004d,https://www.thedesertreview.com/online_features/press_releases/dmitriy-misarenko-releases-free-personal-stability-structure-checklist-for-entrepreneurs/article_69f898f2-f06c-5072-a786-cc6ead098c4b.html,Dmitriy Misarenko Releases Free Personal Stability & Structure Checklist for Entrepreneurs,Desert Review,2026-06-26T23:35:03+00:00,2026-06-27T11:39:24.093503+00:00,0,False,0.0,,none,False,none,,rss,True
9e32fa303814,https://www.thedesertreview.com/online_features/press_releases/curly-s-furniture-marks-nearly-40-years-as-a-family-owned-furniture-retailer-serving-north/article_880b2d08-534c-54e6-9b64-a2c28434c5af.html,Curly’s Furniture Marks Nearly 40 Years as a Family-Owned Furniture Retailer Serving North-Central Illinois,Desert Review,2026-06-26T23:35:03+00:00,2026-06-27T11:39:24.093537+00:00,0,False,0.0,,none,False,none,,rss,False
49691a848df5,https://www.thedesertreview.com/business/el-centro-business-brings-indoor-fitness-spa-services-for-dogs/article_a5fc7706-d236-405f-bb16-ddfb31cf6676.html,"El Centro business brings indoor fitness, spa services for dogs",Desert Review,2026-06-26T23:30:00+00:00,2026-06-27T11:39:24.093577+00:00,3,False,0.05,,none,False,city,,rss,True
06a3fefecec9,https://www.thedesertreview.com/online_features/press_releases/truly-nolen-delivers-award-winning-pest-control-services-across-york-region-ontario/article_c996bb5e-805b-5fa6-8bf9-881aacfe4027.html,"Truly Nolen Delivers Award-Winning Pest Control Services Across York Region, Ontario",Desert Review,2026-06-26T23:25:03+00:00,2026-06-27T11:39:24.093605+00:00,0,False,0.0,,none,False,none,,rss,False
5164bf172780,https://www.thedesertreview.com/online_features/press_releases/corgi-insurance-appoints-joe-els-as-head-of-portfolio-risk/article_c37d7e05-5da0-548c-9448-38fc4e20ccf4.html,Corgi Insurance appoints Joe Els as Head of Portfolio Risk,Desert Review,2026-06-26T23:25:00+00:00,2026-06-27T11:39:24.093645+00:00,0,False,0.0,,none,False,none,,rss,True
d98c966a9108,https://www.thedesertreview.com/online_features/press_releases/marietta-roofing-contractor-rhino-restoration-of-georgia-earns-more-than-100-five-star-reviews-backs/article_2199dc2d-8977-5261-9344-78160dd08620.html,"Marietta Roofing Contractor Rhino Restoration of Georgia Earns More Than 100 Five-Star Reviews, Backs Every Job With a $30,000 Workmanship Guarantee",Desert Review,2026-06-26T23:20:03+00:00,2026-06-27T11:39:24.093676+00:00,0,False,0.0,,none,False,none,,rss,False
4a9dc6e9c1e9,https://www.thedesertreview.com/online_features/press_releases/the-winfield-collection-supports-backyard-birdwatching-interest-with-birdhouse-and-feeder-woodworking-patterns/article_d079eea7-1192-5ef0-bcbc-0c985e183574.html,The Winfield Collection Supports Backyard Birdwatching Interest with Birdhouse and Feeder Woodworking Patterns,Desert Review,2026-06-26T22:46:17+00:00,2026-06-27T11:39:24.093704+00:00,0,False,0.0,,none,False,none,,rss,False
b33b457fe923,https://www.thedesertreview.com/online_features/press_releases/professor-kai-london-releases-2030-healthcare-cyber-resilience-outlook-calling-cyber-resilience-the-new-patient/article_ae59dc63-bbe6-5e95-bbd4-74d7b3afd937.html,"Professor Kai London Releases 2030 Healthcare Cyber Resilience Outlook, Calling Cyber Resilience the New Patient-Safety Metric",Desert Review,2026-06-26T22:45:03+00:00,2026-06-27T11:39:24.093756+00:00,0,False,0.0,,none,False,none,,rss,False
29088d689c9e,https://www.thedesertreview.com/online_features/press_releases/national-branding-publishes-comprehensive-guide-on-how-to-manage-a-national-sign-rollout/article_91c7d9ca-7018-53ed-9a44-a7142c169a55.html,National Branding Publishes Comprehensive Guide on How to Manage a National Sign Rollout,Desert Review,2026-06-26T22:43:21+00:00,2026-06-27T11:39:24.093785+00:00,0,False,0.0,,none,False,none,,rss,False
28ed4c6bab9f,https://www.thedesertreview.com/news/national/colorado-gubernatorial-candidates-debate-economic-issues/article_1ca91e93-9681-5ee2-8985-e91f81853953.html,Colorado gubernatorial candidates debate economic issues,Desert Review,2026-06-26T22:40:00+00:00,2026-06-27T11:39:24.093826+00:00,0,False,0.0,,none,False,none,,rss,True
f4763bf7bc0b,https://www.thedesertreview.com/news/state/watch-convicted-child-molester-not-granted-elderly-parole/article_70bd3129-3dcc-5781-945c-294cbd41df46.html,WATCH: Convicted child molester not granted elderly parole,Desert Review,2026-06-26T21:45:00+00:00,2026-06-27T11:39:24.093865+00:00,0,False,0.0,,none,False,none,,rss,True
e56a4625898c,https://www.thedesertreview.com/online_features/press_releases/streamline-expands-leo-ai-agent-bringing-agentic-ai-across-its-property-management-website-and-digital/article_6770b5ad-0763-53bd-b035-234b0db2e67a.html,"Streamline Expands Leo AI Agent, Bringing Agentic AI Across Its Property Management, Website, and Digital Marketing Platform",Desert Review,2026-06-26T21:37:00+00:00,2026-06-27T11:39:24.093909+00:00,0,False,0.0,,none,False,none,,rss,True
fadb4baaf280,https://www.thedesertreview.com/news/national/u-s-launches-retaliatory-strikes-against-iran/article_02af36af-08b2-58c0-96e6-c0136e44bc42.html,U.S. launches retaliatory strikes against Iran,Desert Review,2026-06-26T21:25:00+00:00,2026-06-27T11:39:24.093944+00:00,0,False,0.0,,none,False,none,,rss,True
689e319d9ffe,https://www.thedesertreview.com/online_features/press_releases/mesa-arizona-ai-studio-quartersmart-relaunches-to-help-teams-turn-sops-into-ai-training-and/article_ac91b960-341a-5a35-a7c4-6ce592bcbb3f.html,"Mesa, Arizona AI Studio QuarterSmart Relaunches to Help Teams Turn SOPs Into AI Training and Automation",Desert Review,2026-06-26T21:20:02+00:00,2026-06-27T11:39:24.093972+00:00,0,False,0.0,,none,False,none,,rss,False
9d7e24224d6d,https://www.thedesertreview.com/online_features/press_releases/how-da-village-network-is-turning-everyday-shopping-into-an-act-of-economic-empowerment-for/article_49bef0fd-1f9d-5fd3-8562-d402f2394c49.html,How Da Village Network Is Turning Everyday Shopping Into an Act of Economic Empowerment for the Black Community,Desert Review,2026-06-26T21:20:02+00:00,2026-06-27T11:39:24.094001+00:00,0,False,0.0,,none,False,none,,rss,False
c49dd77b8910,https://kyma.com/news/imperial-county/2026/06/29/37-migrants-detained-in-human-smuggling-bust-in-westmorland/,37 migrants detained in human smuggling bust in Westmorland,KYMA,2026-06-29T23:38:36+00:00,2026-06-30T12:13:41.730469+00:00,6,False,0.1,,none,False,city,,rss,True
0d4d7dacd2a7,https://kyma.com/news/imperial-county/2026/06/29/westmorland-set-to-seal-time-capsule-for-50-years/,Westmorland set to seal time capsule for 50 years,KYMA,2026-06-29T22:36:15+00:00,2026-06-30T12:13:41.730566+00:00,6,False,0.1,,none,False,city,,rss,True
165a247b3b79,https://kyma.com/lifestyle/community/2026/06/29/comite-civico-del-valle-and-the-becoming-project-host-community-resource-fair/,Comite Civico del Valle and the Becoming Project host Community Resource Fair,KYMA,2026-06-29T20:14:54+00:00,2026-06-30T12:13:41.730637+00:00,0,False,0.0,,none,False,none,,rss,True
112ffdb444b6,https://kyma.com/decision-politics/local-politics/2026/06/29/no-relief-at-the-pump-california-gas-tax-to-hit-nation-high-63-cents-on-july-1/,No relief at the pump: California gas tax to hit nation-high 63 cents on July 1,KYMA,2026-06-29T19:29:11+00:00,2026-06-30T12:13:41.730701+00:00,0,False,0.0,,none,False,none,,rss,True
baf7fb4d16e4,https://kyma.com/news/imperial-county/2026/06/30/new-hispanic-chamber-of-commerce-set-to-launch-in-imperial-county/,New Hispanic Chamber of Commerce set to launch in Imperial County,KYMA,2026-06-30T21:21:02+00:00,2026-07-01T12:37:25.246202+00:00,6,False,0.1,,none,False,city,,rss,True
d3acff96502b,https://kyma.com/decision-politics/2026/06/30/imperial-county-releases-primary-election-results/,Imperial County releases primary election results,KYMA,2026-06-30T22:33:33+00:00,2026-07-01T12:37:25.246278+00:00,6,False,0.1,,none,False,city,,rss,True
1cd658891e2b,https://kyma.com/news/imperial-county/2026/06/29/34-migrants-detained-in-human-smuggling-bust-in-westmorland/,34 migrants detained in human smuggling bust in Westmorland,KYMA,2026-06-29T23:38:36+00:00,2026-07-01T12:37:25.246342+00:00,6,False,0.1,,none,False,city,,rss,True
68eb32743d22,https://kyma.com/news/imperial-county/2026/07/01/know-the-law-imperial-valley-fireworks-restrictions-for-the-fourth-of-july/,Different sparks: How fireworks rules vary across Imperial County,KYMA,2026-07-02T00:52:50+00:00,2026-07-02T12:11:43.971172+00:00,6,False,0.1,,none,False,city,,rss,True
c9747094c9a4,https://kyma.com/news/imperial-county/2026/07/02/heading-out-for-the-fourth-what-to-know-about-holiday-travel-safety/,Heading out for the Fourth? What to know about holiday travel safety,KYMA,2026-07-03T00:34:05+00:00,2026-07-03T12:11:41.581932+00:00,3,False,0.05,,none,False,city,,rss,True
7a58ba429e3b,https://kyma.com/dsw-living/data-centers/2026/07/02/data-center-developer-and-activists-appear-in-court-for-civil-lawsuit-hearing/,Data center developer and activists appear in court for civil lawsuit hearing,KYMA,2026-07-02T21:54:28+00:00,2026-07-03T12:11:41.582011+00:00,0,False,0.0,,none,False,none,,rss,True
507976d85aa8,https://kyma.com/news/special-reports/2026/07/01/the-valleys-forgotten-what-happens-when-a-case-goes-cold/,The Valley’s Forgotten: What happens when a case goes cold?,KYMA,2026-07-02T01:58:07+00:00,2026-07-03T12:11:41.582109+00:00,0,False,0.0,,none,False,none,,rss,True
d7929de1201c,https://kyma.com/news/imperial-county/2026/07/03/donation-campaign-at-grocery-outlet-at-el-centro/,Donation campaign at Grocery Outlet in El Centro,KYMA,2026-07-03T22:30:32+00:00,2026-07-04T11:37:19.336674+00:00,6,False,0.1,,none,False,city,,rss,True
4609774c2b40,https://kyma.com/news/imperial-county/2026/07/03/iv-fairgrounds-brings-back-fourth-of-july-drone-show/,IV Fairgrounds brings back Fourth of July drone show,KYMA,2026-07-03T21:50:28+00:00,2026-07-04T11:37:19.336748+00:00,3,False,0.05,,none,False,city,,rss,True
9b6366b87998,https://www.thedesertreview.com/news/national/the-navalization-of-economic-warfare-sees-trade-routes-become-zones-of-force-rather-than-rules/article_34962354-397b-5b04-8f7a-df5f1908c970.html,The ‘navalization’ of economic warfare sees trade routes become zones of force rather than rules,Desert Review,2026-07-06T13:04:06+00:00,2026-07-06T13:52:12.869556+00:00,0,False,0.0,,none,False,none,,rss,True
e97ea5832b3f,https://www.thedesertreview.com/online_features/education/building-brighter-futures-helping-young-people-succeed-in-a-changing-economy/article_09ef163f-e061-59af-a6d0-b2deb7744cde.html,Building Brighter Futures: Helping Young People Succeed in a Changing Economy,Desert Review,2026-07-06T05:00:00+00:00,2026-07-06T13:52:12.869593+00:00,0,False,0.0,,none,False,none,,rss,False
220a331c5646,https://www.thedesertreview.com/online_features/espanol/5-antojitos-congelados-para-mantenerse-fresco-este-verano/article_61c81e96-b88f-56d1-b88b-95d5704f2ad6.html,5 antojitos congelados para mantenerse fresco este Verano,Desert Review,2026-07-06T05:00:00+00:00,2026-07-06T13:52:12.869647+00:00,0,False,0.0,,none,False,none,,rss,True
9e01273a93c6,https://www.thedesertreview.com/online_features/espanol/momentos-m-gicos-sin-complicaciones-3-consejos-para-disfrutar-de-un-verano-inolvidable/article_17c08273-79f2-5453-aec5-99fbfc2a2818.html,Momentos mágicos sin complicaciones: 3 consejos para disfrutar de un verano inolvidable,Desert Review,2026-07-06T05:00:00+00:00,2026-07-06T13:52:12.869677+00:00,0,False,0.0,,none,False,none,,rss,False
22d662d5c9a4,https://www.thedesertreview.com/online_features/food_recipes_entertaining/a-bold-and-flavorful-al-fresco-favorite/article_804d2d8d-8520-52b4-80cd-5bebe211d2b5.html,A Bold and Flavorful Al Fresco Favorite,Desert Review,2026-07-06T05:00:00+00:00,2026-07-06T13:52:12.869702+00:00,0,False,0.0,,none,False,none,,rss,False
023bccd3ddc8,https://www.thedesertreview.com/online_features/food_recipes_entertaining/expert-entertaining-advice-for-hosting-summer-soirees/article_f4a20e78-9b3e-505e-843f-dc35e5ac13d4.html,Expert Entertaining Advice for Hosting Summer Soirees,Desert Review,2026-07-06T05:00:00+00:00,2026-07-06T13:52:12.869728+00:00,0,False,0.0,,none,False,none,,rss,False
75b07236b14a,https://www.thedesertreview.com/online_features/food_recipes_entertaining/decadent-sticky-rice-recipes-for-dessert/article_cc2525de-2640-5d32-8efc-7bec5512702d.html,Decadent Sticky Rice Recipes for Dessert,Desert Review,2026-07-06T05:00:00+00:00,2026-07-06T13:52:12.869753+00:00,0,False,0.0,,none,False,none,,rss,False
15e23b8d7865,https://www.thedesertreview.com/news/national/lemonade-set-to-hike-pet-insurance-rates-in-california-insurify/article_73792a20-67de-599a-8548-c5e92356c7d3.html,Lemonade Set to Hike Pet Insurance Rates in California | Insurify,Desert Review,2026-07-06T02:03:52+00:00,2026-07-06T13:52:12.869801+00:00,0,False,0.0,,none,False,none,,rss,True
85545b4fa80a,https://www.thedesertreview.com/news/local/calexico-council-rejects-ordinance-tying-58-of-general-fund-to-police-fire-through-2047/article_068c2087-f41b-48d4-bce9-364cf7ef8b47.html,"Calexico council rejects ordinance tying 58% of General Fund to police, fire through 2047",Desert Review,2026-07-05T22:28:00+00:00,2026-07-06T13:52:12.869855+00:00,3,False,0.05,,none,False,city,,rss,True
b0430306bf6e,https://www.thedesertreview.com/news/state/domestic-violence-lawyer-miami-cp-law-publishes-public-guide-explaining-miami-domestic-violence-injunction-proceedings/article_fd53db2a-f1a7-5f88-bfcd-9a8fa9aff980.html,Domestic Violence Lawyer Miami: CP Law Publishes Public Guide Explaining Miami Domestic Violence Injunction Proceedings,Desert Review,2026-07-05T20:30:02+00:00,2026-07-06T13:52:12.869889+00:00,0,False,0.0,,none,False,none,,rss,True
7ea1c49442b0,https://www.thedesertreview.com/online_features/press_releases/domestic-violence-lawyer-miami-cp-law-publishes-public-guide-explaining-miami-domestic-violence-injunction-proceedings/article_ef0f2831-754e-5891-b925-f06ed6da82a4.html,Domestic Violence Lawyer Miami: CP Law Publishes Public Guide Explaining Miami Domestic Violence Injunction Proceedings,Desert Review,2026-07-05T20:30:02+00:00,2026-07-06T13:52:12.869915+00:00,0,False,0.0,,none,False,none,,rss,False
1f230aac673b,https://www.thedesertreview.com/news/national/pa-house-committee-unanimously-advances-foster-youth-benefit-bill/article_216ea37a-49d1-5ae9-b5e6-fae98541af5a.html,Pa. House committee unanimously advances foster youth benefit bill,Desert Review,2026-07-05T20:00:00+00:00,2026-07-06T13:52:12.869960+00:00,0,False,0.0,,none,False,none,,rss,True
ba19fad75c7d,https://www.thedesertreview.com/news/local/westmorland-looks-to-the-future-with-time-capsule/article_129fbdc7-fc04-4e05-bd4e-a9a86bb202fa.html,Westmorland looks to the future with time capsule,Desert Review,2026-07-05T16:45:00+00:00,2026-07-06T13:52:12.870000+00:00,3,False,0.05,,none,False,city,,rss,True
e65a60eed18c,https://www.thedesertreview.com/law/justice-department-sues-california-over-handgun-restrictions/article_5a01b92f-fab7-4feb-a88d-8a0577c3d565.html,Justice Department sues California over handgun restrictions,Desert Review,2026-07-05T16:17:00+00:00,2026-07-06T13:52:12.870043+00:00,0,False,0.0,,none,False,none,,rss,True
55a68d44eb3c,https://www.thedesertreview.com/news/national/watchdog-bill-mandating-more-reporting-from-tax-exempt-hospitals-common-sense/article_aeeb1aad-b40d-51a1-afeb-bf3df9203837.html,Watchdog: Bill mandating more reporting from tax-exempt hospitals 'common sense',Desert Review,2026-07-05T15:51:00+00:00,2026-07-06T13:52:12.870087+00:00,0,False,0.0,,none,False,none,,rss,True
bd15de7c67c8,https://www.thedesertreview.com/news/national/7-delicious-beef-recipes-my-family-never-gets-tired-of/article_89491764-882c-5d03-9f12-34b0c775e887.html,7 delicious beef recipes my family never gets tired of,Desert Review,2026-07-05T14:00:00+00:00,2026-07-06T13:52:12.870132+00:00,0,False,0.0,,none,False,none,,rss,True
dd1bdbd0aa94,https://www.thedesertreview.com/news/national/17-summer-desserts-for-lazy-summer-afternoons/article_36475cbc-b59b-507d-8e31-63b8351b0916.html,17 summer desserts for lazy summer afternoons,Desert Review,2026-07-05T13:45:00+00:00,2026-07-06T13:52:12.870176+00:00,0,False,0.0,,none,False,none,,rss,True
3a7675dcb679,https://www.thedesertreview.com/news/national/13-air-fryer-recipes-cause-it-s-too-hot-to-turn-on-the-oven/article_ea631fdc-437a-55a3-b895-aebf10156f9a.html,13 air fryer recipes ’cause it’s too hot to turn on the oven,Desert Review,2026-07-05T13:30:00+00:00,2026-07-06T13:52:12.870223+00:00,0,False,0.0,,none,False,none,,rss,True
357149ffc02b,https://www.thedesertreview.com/online_features/press_releases/crown-plumbing-water-damage-restoration-announces-annual-disaster-relief-support-program-for-families-in-san/article_25c4e5ac-5372-5a7e-a8d1-793f27383e51.html,"Crown Plumbing & Water Damage Restoration Announces Annual Disaster Relief Support Program for Families in San Antonio, TX",Desert Review,2026-07-05T10:44:03+00:00,2026-07-06T13:52:12.870253+00:00,0,False,0.0,,none,False,none,,rss,False
7c62d410e4f9,https://www.thedesertreview.com/online_features/press_releases/relentless-digital-llc-expands-seo-services-for-hvac-companies-with-new-ai-search-visibility-program/article_f3c2f82b-6179-5c7d-9e3c-5b7abee894c3.html,Relentless Digital LLC Expands SEO Services for HVAC Companies with New AI Search Visibility Program,Desert Review,2026-07-05T10:44:02+00:00,2026-07-06T13:52:12.870281+00:00,0,False,0.0,,none,False,none,,rss,False
885b147f1661,https://www.thedesertreview.com/online_features/press_releases/crown-plumbing-water-damage-restoration-expands-water-heater-replacement-services-across-san-antonio/article_c2fc9193-c3ce-5d92-aa55-64b2123f9727.html,Crown Plumbing & Water Damage Restoration Expands Water Heater Replacement Services Across San Antonio,Desert Review,2026-07-05T10:44:02+00:00,2026-07-06T13:52:12.870310+00:00,0,False,0.0,,none,False,none,,rss,False
a363fbf912e5,https://www.thedesertreview.com/online_features/press_releases/perfect-catch-swimming-pool-repair-gas-electric-expands-comprehensive-pool-services-across-pinellas-county/article_91ddff2a-3575-5d23-b9e5-e0dd29e11e7e.html,"Perfect Catch Swimming Pool Repair, Gas, & Electric Expands Comprehensive Pool Services Across Pinellas County",Desert Review,2026-07-05T10:44:03+00:00,2026-07-06T13:52:12.870338+00:00,0,False,0.0,,none,False,none,,rss,False
61abc12b41b6,https://www.thedesertreview.com/online_features/press_releases/tvm-killa-and-tvmfam-enter-a-new-chapter-with-pullin-up/article_9a20695c-e7e2-5a78-9b94-c1012f5aa949.html,TVM Killa and TVMFAM Enter a New Chapter with Pullin Up,Desert Review,2026-07-05T07:25:35+00:00,2026-07-06T13:52:12.870363+00:00,0,False,0.0,,none,False,none,,rss,False
b6ed4bbe798e,https://www.thedesertreview.com/news/national/trump-defies-severe-storms-to-deliver-late-night-america-250-speech/article_50b7d9aa-e8a3-5f39-ae7b-734478da89c8.html,Trump defies severe storms to deliver late-night ‘America 250’ speech,Desert Review,2026-07-05T04:15:00+00:00,2026-07-06T13:52:12.870415+00:00,0,False,0.0,,none,False,none,,rss,True
d5e884d1bc6e,https://www.thedesertreview.com/news/national/missoula-parks-and-rec-ask-residents-to-safely-celebrate-fourth-of-july/article_65b8639a-83e5-56a6-b946-fffd26645209.html,Missoula Parks and Rec ask residents to safely celebrate Fourth of July,Desert Review,2026-07-04T22:55:00+00:00,2026-07-06T13:52:12.870468+00:00,0,False,0.0,,none,False,none,,rss,True
855c016be328,https://kyma.com/news/imperial-county/2026/07/06/iid-urges-residents-to-prepare-ahead-of-summer-monsoon-storm-season/,IID urges residents to prepare ahead of summer monsoon storm season,KYMA,2026-07-07T00:55:27+00:00,2026-07-07T12:29:54.610650+00:00,3,False,0.05,,none,False,city,,rss,True
552789a9d351,https://kyma.com/news/imperial-county/2026/07/06/new-initiative-launches-to-support-and-mentor-youth-in-imperial-county/,New initiative launches to support and mentor youth in Imperial County,KYMA,2026-07-07T00:50:02+00:00,2026-07-07T12:29:54.610731+00:00,6,False,0.1,,none,False,city,,rss,True
67509fe51fbd,https://kyma.com/news/imperial-county/2026/07/06/el-centro-opens-applications-for-veterans-memorial-wall/,El Centro opens applications for Veterans Memorial wall,KYMA,2026-07-06T22:32:13+00:00,2026-07-07T12:29:54.610795+00:00,9,False,0.15,,none,False,city,,rss,True
0fb95977def5,https://kyma.com/education/imperial-education/2026/07/07/ivc-president-accepts-job-at-mira-costa-college-in-san-diego/,IVC president accepts job at Mira-Costa College in San Diego,KYMA,2026-07-08T00:54:14+00:00,2026-07-08T11:49:17.292739+00:00,3,False,0.05,,none,False,city,,rss,True
fb4cb62a574a,https://kyma.com/news/imperial-county/2026/07/07/imperial-valley-defies-california-trends-with-zero-reported-hate-crimes/,Imperial Valley defies California trends with zero reported hate crimes,KYMA,2026-07-08T00:06:20+00:00,2026-07-08T11:49:17.292819+00:00,6,False,0.1,,none,False,city,,rss,True
d40b78f5ade4,https://kyma.com/dsw-living/data-centers/2026/07/07/community-members-hold-data-center-panel/,Community members hold data center panel,KYMA,2026-07-07T19:28:39+00:00,2026-07-08T11:49:17.292884+00:00,0,False,0.0,,none,False,none,,rss,True
2890882d38f3,https://kyma.com/news/top-stories/2026/07/09/imperial-county-reviews-environmental-review-rules/,Imperial County reviews environmental review rules,KYMA,2026-07-10T02:26:56+00:00,2026-07-10T12:28:21.012844+00:00,6,False,0.1,,none,False,city,,rss,True
ffe5a7a6e3b3,https://kyma.com/news/imperial-county/2026/07/09/lithium-valley-in-jeopardy-labor-dispute-threatens-the-future-of-geothermal-power-and-lithium-extraction/,Labor dispute threatens the future of geothermal power and lithium extraction,KYMA,2026-07-10T01:06:38+00:00,2026-07-10T12:28:21.012921+00:00,6,False,0.1,,none,False,city,,rss,True
b521f7fe10a6,https://kyma.com/news/breaking-news/2026/07/09/firefighters-battle-four-alarm-fire-in-ocotillo/,Firefighters battle four-alarm fire in Ocotillo,KYMA,2026-07-09T23:38:41+00:00,2026-07-10T12:28:21.012973+00:00,3,False,0.05,,none,False,city,,rss,True
22242c44d8d0,https://kyma.com/news/special-reports/2026/07/08/the-valleys-forgotten-the-families-still-waiting/,The Valley’s Forgotten: The families still waiting,KYMA,2026-07-09T01:26:36+00:00,2026-07-10T12:28:21.013036+00:00,0,False,0.0,,none,False,none,,rss,True
6d9eef649d76,https://kyma.com/news/imperial-county/2026/07/08/video-shows-incident-between-brawley-police-officer-and-resident/,Video shows incident between Brawley Police Officer and resident,KYMA,2026-07-09T01:14:59+00:00,2026-07-10T12:28:21.013089+00:00,6,False,0.1,,none,False,city,,rss,True
df2538be79df,https://kyma.com/news/imperial-county/2026/07/08/century-old-picacho-road-bridge-moves-one-step-closer-to-repair/,Century-old Picacho Road Bridge moves one step closer to repair,KYMA,2026-07-09T00:24:20+00:00,2026-07-10T12:28:21.013143+00:00,3,False,0.05,,none,False,city,,rss,True
60dbba869483,https://kyma.com/news/imperial-county/2026/07/08/brawley-murder-suspects-appear-in-court-together-following-extradition/,Brawley murder suspects appear in court together following extradition,KYMA,2026-07-08T20:22:57+00:00,2026-07-10T12:28:21.013193+00:00,6,False,0.1,,none,False,city,,rss,True
a0753e649318,https://kyma.com/education/imperial-education/2026/07/10/heber-elementary-school-district-named-one-of-only-seven-in-california-to-receive-2026-lead-award/,HESD named one of only seven in California to receive 2026 LEAD award,KYMA,2026-07-10T23:44:03+00:00,2026-07-11T11:09:58.081835+00:00,3,False,0.05,,none,False,city,,rss,True
8f439ca35791,https://kyma.com/news/imperial-county/2026/07/10/new-s-t-e-p-program-empowers-imperial-valley-residents-with-disabilities-to-become-their-own-bosses/,New ‘S.T.E.P.’ program empowers Imperial Valley residents with disabilities to become their own bosses,KYMA,2026-07-10T23:23:59+00:00,2026-07-11T11:09:58.081939+00:00,6,False,0.1,,none,False,city,,rss,True
e28e376966e3,https://kyma.com/news/imperial-county/2026/07/10/firefighters-extinguish-fire-in-ocotillo/,Firefighters extinguish fire in Ocotillo,KYMA,2026-07-10T23:51:06+00:00,2026-07-11T11:09:58.082002+00:00,6,False,0.1,,none,False,city,,rss,True
9b8eba4708b4,https://kyma.com/news/imperial-county/2026/07/10/binational-coalition-launches-campaign-to-prevent-migrant-deaths-along-border/,Binational coalition launches campaign to prevent migrant deaths along border,KYMA,2026-07-10T23:14:57+00:00,2026-07-11T11:09:58.082064+00:00,6,False,0.1,,none,False,city,,rss,True
6a82bd4fae7f,https://kyma.com/dsw-living/data-centers/2026/07/09/imperial-county-reviews-environmental-review-rules/,Imperial County revisits environmental review rules,KYMA,2026-07-10T02:26:56+00:00,2026-07-11T11:09:58.082128+00:00,6,False,0.1,,none,False,city,,rss,True
9babf55eb414,https://www.thedesertreview.com/online_features/tech_talk_and_innovation/reinventing-business-internet-from-the-ground-up-and-the-sky-down/article_5d91a46f-02e8-5c53-bf67-992d503e1901.html,Reinventing Business Internet from the Ground Up and the Sky Down,Desert Review,2026-07-11T08:00:00+00:00,2026-07-11T11:10:02.992470+00:00,0,False,0.0,,none,False,none,,rss,True
71a6d7853e86,https://www.thedesertreview.com/online_features/green_living/clearing-the-air-for-the-next-school-year/article_711e8007-da04-5694-a37a-037bbbc8fbf3.html,Clearing the Air For the Next School Year,Desert Review,2026-07-11T08:00:00+00:00,2026-07-11T11:10:02.992618+00:00,0,False,0.0,,none,False,none,,rss,True
45efb7c9afcf,https://www.thedesertreview.com/news/state/judge-nixes-fedearl-bid-for-quick-block-on-california-glock-ban/article_34d9d408-a058-5945-ac31-ba53cf7b7efc.html,Judge nixes fedearl bid for quick block on California ‘Glock ban’,Desert Review,2026-07-11T03:34:00+00:00,2026-07-11T11:10:02.992663+00:00,0,False,0.0,,none,False,none,,rss,True
5092cda4720d,https://www.thedesertreview.com/online_features/press_releases/kieran-j-woll-redefines-modern-espionage-fiction-with-a-thriller-that-asks-what-happens-when/article_29a2dc2d-2daa-5d84-b0c9-de4a28ddf3f2.html,Kieran J. Woll Redefines Modern Espionage Fiction With a Thriller That Asks What Happens When the Enemy Is Everywhere and Nowhere,Desert Review,2026-07-11T03:15:02+00:00,2026-07-11T11:10:02.992695+00:00,0,False,0.0,,none,False,none,,rss,False
b412dd7c34ff,https://www.thedesertreview.com/online_features/press_releases/first-time-entrepreneur-turns-lifelong-coffee-passion-into-grateful-coffee-a-new-online-destination-for/article_945d3dd4-0bde-5d82-a01f-11418a78b03e.html,"First-Time Entrepreneur Turns Lifelong Coffee Passion Into Grateful Coffee, a New Online Destination for Flavor-Focused Drinkers",Desert Review,2026-07-11T01:35:02+00:00,2026-07-11T11:10:02.992726+00:00,0,False,0.0,,none,False,none,,rss,False
4a28243c625d,https://www.thedesertreview.com/online_features/press_releases/scripps-local-broadcast-stations-return-to-directv/article_cdfc4387-072f-548b-a9f2-8734897edd44.html,Scripps Local Broadcast Stations Return to DIRECTV,Desert Review,2026-07-11T00:22:00+00:00,2026-07-11T11:10:02.992758+00:00,0,False,0.0,,none,False,none,,rss,True
e71d9ef30f09,https://www.thedesertreview.com/online_features/press_releases/solar-heroes-helps-singapore-homes-and-businesses-beat-the-heat-and-slash-cooling-bills-with/article_67da3cd8-11b3-5fa3-81b3-3e9d80ba3075.html,Solar Heroes Helps Singapore Homes and Businesses Beat the Heat and Slash Cooling Bills with Premium Solar Control Window Films,Desert Review,2026-07-11T00:20:02+00:00,2026-07-11T11:10:02.992808+00:00,0,False,0.0,,none,False,none,,rss,True
e318b38f6674,https://www.thedesertreview.com/news/state/usda-california-owes-1-4-billion-because-of-snap-errors/article_99c84bb9-a432-597e-b99e-330015d4c42b.html,USDA: California owes $1.4 billion because of SNAP errors,Desert Review,2026-07-10T23:30:00+00:00,2026-07-11T11:10:02.992845+00:00,0,False,0.0,,none,False,none,,rss,True
cfe6e5b83c1a,https://www.thedesertreview.com/news/state/california-s-unemployment-rate-remains-steady-at-5-3/article_9c3da160-b288-561f-8d47-1a86f7b94736.html,California’s unemployment rate remains steady at 5.3%,Desert Review,2026-07-10T22:20:00+00:00,2026-07-11T11:10:02.992889+00:00,0,False,0.0,,none,False,none,,rss,True
bba0ca5b8a42,https://www.thedesertreview.com/news/national/victor-marx-wins-colorado-republican-primary-for-governor/article_0a7fd667-b5ee-5949-9d26-d3e5ce7311ee.html,Victor Marx wins Colorado Republican primary for governor,Desert Review,2026-07-10T22:00:00+00:00,2026-07-11T11:10:02.992925+00:00,0,False,0.0,,none,False,none,,rss,True
fd9b6a1a7f3b,https://www.thedesertreview.com/online_features/press_releases/gorilla-kleen-establishes-new-office-to-support-exterior-cleaning-services-in-lakewood-ranch/article_cf19daa0-59e4-5f79-9de6-0000ce6fe54a.html,Gorilla Kleen Establishes New Office to Support Exterior Cleaning Services in Lakewood Ranch,Desert Review,2026-07-10T21:55:46+00:00,2026-07-11T11:10:02.992953+00:00,0,False,0.0,,none,False,none,,rss,False
7d3be59aaa1b,https://www.thedesertreview.com/online_features/press_releases/book-publicity-pro-scott-lorenz-and-media-expert-jess-todtfeld-reveal-how-authors-can-win/article_1ed71031-3ff2-56e5-a02f-25f17ee8f1ee.html,Book Publicity Pro Scott Lorenz and Media Expert Jess Todtfeld Reveal How Authors Can Win More Media Coverage,Desert Review,2026-07-10T21:55:02+00:00,2026-07-11T11:10:02.992992+00:00,0,False,0.0,,none,False,none,,rss,True
72e7dbe03ae4,https://www.thedesertreview.com/online_features/press_releases/new-study-of-56-606-press-releases-reveals-the-best-day-and-time-to-send/article_939f79c3-dbe9-51df-927a-2c3917abf833.html,"New Study of 56,606 Press Releases Reveals the Best Day and Time to Send One, and Finds 1 in 45 Now Shows AI-Written Phrasing",Desert Review,2026-07-10T21:55:02+00:00,2026-07-11T11:10:02.993023+00:00,0,False,0.0,,none,False,none,,rss,False
e3731f8c0c9a,https://www.thedesertreview.com/online_features/press_releases/lenny-thor-metuchen-nj-financial-advisor-named-five-star-wealth-manager-for-fifth-consecutive-year/article_c15d2cf6-1361-5a23-a8cb-21497b1c0d3f.html,"Lenny Thor Metuchen, NJ Financial Advisor Named Five Star Wealth Manager for Fifth Consecutive Year",Desert Review,2026-07-10T21:55:33+00:00,2026-07-11T11:10:02.993052+00:00,0,False,0.0,,none,False,none,,rss,False
5f62c1c03fd6,https://www.thedesertreview.com/online_features/press_releases/why-you-felt-crazy-receives-literary-titan-book-gold-award-for-its-compassionate-and-clear/article_ef1ace32-791e-59ea-9d58-c404fe66d32d.html,“Why You Felt Crazy” Receives Literary Titan Book Gold Award for Its Compassionate and Clear-Eyed Guide to Gaslighting and Emotional Abuse,Desert Review,2026-07-10T21:50:03+00:00,2026-07-11T11:10:02.993090+00:00,0,False,0.0,,none,False,none,,rss,False
d5c96f33defb,https://www.thedesertreview.com/online_features/press_releases/doctor-pattaya-issues-iv-drip-safety-guide-for-pattaya-tourists-and-travellers/article_00def8b9-6461-5195-a9e2-73fe7d18b561.html,Doctor Pattaya Issues IV Drip Safety Guide for Pattaya Tourists and Travellers,Desert Review,2026-07-10T21:45:04+00:00,2026-07-11T11:10:02.993119+00:00,0,False,0.0,,none,False,none,,rss,False
fb62df980c55,https://www.thedesertreview.com/online_features/press_releases/how-diana-ulis-and-other-south-florida-developers-are-redefining-what-luxury-actually-means/article_8afc71cb-6fed-5167-bf9b-db272c4f7c86.html,How Diana Ulis and Other South Florida Developers Are Redefining What Luxury Actually Means,Desert Review,2026-07-10T21:45:04+00:00,2026-07-11T11:10:02.993156+00:00,0,False,0.0,,none,False,none,,rss,True
6d85e9f0ef98,https://www.thedesertreview.com/online_features/press_releases/raynova-strengthens-nationwide-distribution-for-high-end-custom-led-mirrors/article_ce8194c0-7008-5884-badc-c309d3807445.html,Raynova Strengthens Nationwide Distribution for High-End Custom LED Mirrors,Desert Review,2026-07-10T21:35:03+00:00,2026-07-11T11:10:02.993189+00:00,0,False,0.0,,none,False,none,,rss,True
99098bf9d728,https://www.thedesertreview.com/online_features/press_releases/james-deller-data-ai-and-agentic-systems-will-define-the-next-generation-of-global-innovation/article_037639cf-d132-57f1-a38b-33d6d8a1316b.html,"James Deller: Data, AI and Agentic Systems Will Define the Next Generation of Global Innovation",Desert Review,2026-07-10T21:20:02+00:00,2026-07-11T11:10:02.993217+00:00,0,False,0.0,,none,False,none,,rss,False
25a5d795e8f9,https://www.thedesertreview.com/online_features/press_releases/mia-dynamics-usa-introduces-smart-electric-mobility-solutions-for-modern-golf-course-operations/article_de9d99d6-ff43-5fb6-9b89-b2160d69c74b.html,MIA Dynamics USA Introduces Smart Electric Mobility Solutions for Modern Golf Course Operations,Desert Review,2026-07-10T21:15:02+00:00,2026-07-11T11:10:02.993245+00:00,0,False,0.0,,none,False,none,,rss,False
273041750ac2,https://www.thedesertreview.com/online_features/press_releases/us-llc-light-launches-compliance-first-platform-for-non-u-s-solo-founders/article_f9cfec8c-a6fc-5558-a7c7-90a01022ef22.html,US LLC Light Launches Compliance-First Platform for Non-U.S. Solo Founders,Desert Review,2026-07-10T21:15:02+00:00,2026-07-11T11:10:02.993282+00:00,0,False,0.0,,none,False,none,,rss,True
c8ec6f22ef55,https://www.thedesertreview.com/online_features/press_releases/arizona-balloon-company-brings-weekend-advertising-balloon-and-blimp-rentals-to-greater-houston/article_d5aebda0-66eb-596c-a7f6-37f46e5ccf2f.html,Arizona Balloon Company Brings Weekend Advertising Balloon and Blimp Rentals to Greater Houston,Desert Review,2026-07-10T21:10:02+00:00,2026-07-11T11:10:02.993310+00:00,0,False,0.0,,none,False,none,,rss,False
10240696ccf7,https://www.thedesertreview.com/online_features/press_releases/renown-electric-highlights-gearbox-repair-services/article_d84d2709-1eff-5e7d-ba6d-ae91439d90cc.html,Renown Electric Highlights Gearbox Repair Services,Desert Review,2026-07-10T21:04:18+00:00,2026-07-11T11:10:02.993335+00:00,0,False,0.0,,none,False,none,,rss,False
46302c39e4fd,https://kyma.com/news/imperial-county/2026/07/13/calipatria-restores-support-for-imperial-valley-economic-development-corporation/,Calipatria restores support for Imperial Valley Economic Development Corporation,KYMA,2026-07-14T01:01:45+00:00,2026-07-14T11:35:36.658759+00:00,6,False,0.1,,none,False,city,,rss,True
c501d02d5e25,https://kyma.com/news/top-stories/2026/07/14/dozens-of-inmates-at-centinela-state-prison-earn-national-job-certifications/,Dozens of inmates at Centinela State Prison earn national job certifications,KYMA,2026-07-14T23:58:17+00:00,2026-07-15T11:37:59.952790+00:00,0,False,0.0,,none,False,none,,rss,True
a95f0c6c8912,https://kyma.com/news/imperial-county/2026/07/14/el-centro-public-library-holds-sign-language-story-time/,El Centro Public Library holds sign language story time,KYMA,2026-07-15T00:29:24+00:00,2026-07-15T11:37:59.952886+00:00,6,False,0.1,,none,False,city,,rss,True
093b0000c81f,https://kyma.com/news/imperial-county/2026/07/14/ivedc-president-responds-to-calipatria-mayors-allegations/,IVEDC president responds to Calipatria mayor’s allegations,KYMA,2026-07-14T22:58:27+00:00,2026-07-15T11:37:59.952965+00:00,6,False,0.1,,none,False,city,,rss,True
4848fe808eff,https://kyma.com/dsw-living/health/2026/07/14/three-mosquito-pools-test-positive-for-west-nile-virus-in-imperial-county/,Three mosquito pools test positive for West Nile virus in Imperial County,KYMA,2026-07-14T19:02:09+00:00,2026-07-15T11:37:59.953034+00:00,6,False,0.1,,none,False,city,,rss,True
8e39048028d8,https://kyma.com/news/imperial-county/2026/07/15/detainees-craft-100-blankets-for-imperial-county-children-in-crisis/,Detainees craft 100 blankets for Imperial County children in crisis,KYMA,2026-07-16T00:22:02+00:00,2026-07-16T11:43:34.015897+00:00,6,False,0.1,,none,False,city,,rss,True
d047eacfc860,https://kyma.com/news/imperial-county/2026/07/15/city-of-el-centro-to-temporarily-close-bark-park-for-annual-maintenance/,City of El Centro to temporarily close Bark Park for annual maintenance,KYMA,2026-07-15T20:42:51+00:00,2026-07-16T11:43:34.015972+00:00,6,False,0.1,,none,False,city,,rss,True
3d0f812829a9,https://kyma.com/dsw-living/data-centers/2026/07/15/calipatria-to-bring-back-vote-on-data-center-ban/,Calipatria to bring back vote on data center ban,KYMA,2026-07-15T17:30:38+00:00,2026-07-16T11:43:34.016031+00:00,3,False,0.05,,none,False,city,,rss,True
a4fe37200b69,https://kyma.com/news/special-reports/2026/07/15/the-valleys-forgotten-can-ai-help-solve-a-cold-case/,The Valley’s Forgotten: Can AI help solve a cold case?,KYMA,2026-07-15T20:47:25+00:00,2026-07-16T11:43:34.016101+00:00,3,False,0.05,,none,False,city,,rss,True
37718c703784,https://kyma.com/news/imperial-county/2026/07/16/niland-seniors-forced-from-homes-after-county-shuts-off-rv-park-power/,Niland seniors forced from homes after county shuts off RV park power,KYMA,2026-07-17T00:53:00+00:00,2026-07-17T11:24:25.000341+00:00,6,False,0.1,,none,False,city,,rss,True
b103ca6c8afa,https://kyma.com/dsw-living/data-centers/2026/07/16/imperial-county-superior-court-dismisses-data-center-lawsuit/,Imperial County Superior Court dismisses data center lawsuit,KYMA,2026-07-16T22:22:13+00:00,2026-07-17T11:24:25.000403+00:00,6,False,0.1,,none,False,city,,rss,True
4e998e788ae9,https://kyma.com/decision-politics/local-politics/2026/07/17/california-attorney-general-sues-city-of-calexico/,California attorney general sues City of Calexico,KYMA,2026-07-17T18:29:40+00:00,2026-07-18T11:07:48.076755+00:00,3,False,0.05,,none,False,city,,rss,True
d39981f8c537,https://kyma.com/dsw-living/data-centers/2026/07/20/el-centro-joins-nationwide-protests-against-data-centers/,El Centro joins nationwide protests against data centers,KYMA,2026-07-20T23:38:30+00:00,2026-07-21T11:50:06.533730+00:00,3,False,0.05,,none,False,city,,rss,True
f5188d63e917,https://kyma.com/decision-politics/2026/07/20/assembly-district-36-candidates-swap-podiums-for-coffee-shops/,Assembly District 36 candidates swap podiums for coffee shops,KYMA,2026-07-20T22:17:38+00:00,2026-07-21T11:50:06.533813+00:00,0,False,0.0,,none,False,none,,rss,True
f72ba1e9626a,https://kyma.com/news/imperial-county/2026/07/20/law-enforcement-agencies-on-scene-of-potential-standoff-in-el-centro/,Law enforcement agencies on scene of potential standoff in El Centro,KYMA,2026-07-20T21:38:59+00:00,2026-07-21T11:50:06.533878+00:00,6,False,0.1,,none,False,city,,rss,True
c6ea5361fec9,https://kyma.com/news/imperial-county/2026/07/21/imperial-county-libraries-launch-fine-forgiveness-program-ahead-of-august-closures/,Imperial County libraries launch ‘Fine Forgiveness’ program ahead of August closures,KYMA,2026-07-21T20:32:32+00:00,2026-07-22T11:50:50.166228+00:00,6,False,0.1,,none,False,city,,rss,True
36712e97e642,https://kyma.com/news/imperial-county/2026/07/20/suspect-arrested-after-barricading-himself-inside-an-el-centro-home/,Suspect arrested after barricading himself inside an El Centro home,KYMA,2026-07-20T21:38:59+00:00,2026-07-22T11:50:50.166428+00:00,6,False,0.1,,none,False,city,,rss,True
fdbeaf808988,https://kyma.com/news/2026/07/22/the-valleys-forgotten-the-search-never-stops/,The Valley’s Forgotten: The search never stops,KYMA,2026-07-23T02:27:06+00:00,2026-07-23T11:53:18.221528+00:00,6,False,0.1,,none,False,city,,rss,True
3ad61748d9da,https://kyma.com/news/imperial-county/2026/07/22/first-responders-warn-of-heat-danger-as-county-enters-extreme-heat-warning/,First responders warn of heat danger as county enters Extreme Heat Warning,KYMA,2026-07-22T23:46:43+00:00,2026-07-23T11:53:18.221622+00:00,36,True,0.6,heat stroke|extreme heat,warning,False,city,,rss,True
9f2ecadb2f3a,https://kyma.com/news/imperial-county/2026/07/22/pre-trial-hearing-in-murder-case-of-yuma-man-continued-to-october/,Pre-trial hearing in murder case of Yuma man continued to October,KYMA,2026-07-22T22:48:45+00:00,2026-07-23T11:53:18.221682+00:00,3,False,0.05,,none,False,city,,rss,True
bb8e99ce6b6a,https://kyma.com/news/2026/07/22/queer-spectra-happening-later-this-month/,Queer Spectra happening later this month,KYMA,2026-07-22T22:17:55+00:00,2026-07-23T11:53:18.221739+00:00,0,False,0.0,,none,False,none,,rss,True
cf5cab38f81f,https://kyma.com/news/imperial-county/2026/07/22/brawley-celebrates-christmas-in-july/,Brawley celebrates Christmas in July,KYMA,2026-07-22T21:47:53+00:00,2026-07-23T11:53:18.221795+00:00,6,False,0.1,,none,False,city,,rss,True
7ae875955352,https://kyma.com/dsw-living/consumer/2026/07/23/gas-prices-in-arizona-and-california-rise/,Gas prices in Arizona and California rise,KYMA,2026-07-23T23:47:09+00:00,2026-07-24T11:44:33.699350+00:00,0,False,0.0,,none,False,none,,rss,True
63f747cf1858,https://kyma.com/news/imperial-county/2026/07/23/power-restoration-process-underway-for-affected-spaces-at-niland-rv-park/,Power restoration process underway for affected spaces at Niland RV Park,KYMA,2026-07-23T20:35:31+00:00,2026-07-24T11:44:33.699463+00:00,6,False,0.1,,none,False,city,,rss,True
896dc713d8b2,https://kyma.com/news/imperial-county/2026/07/23/series-of-earthquakes-shake-city-of-brawley-overnight/,Series of earthquakes shake City of Brawley overnight,KYMA,2026-07-23T17:39:48+00:00,2026-07-24T11:44:33.699527+00:00,6,False,0.1,,none,False,city,,rss,True
bd38e24fe093,https://kyma.com/news/imperial-county/2026/07/23/calexico-pd-investigates-shooting-on-giles-avenue/,Calexico PD investigates shooting on Giles Avenue,KYMA,2026-07-23T16:47:05+00:00,2026-07-24T11:44:33.699587+00:00,6,False,0.1,,none,False,city,,rss,True
abb43e78e549,https://kyma.com/news/special-reports/2026/07/22/the-valleys-forgotten-the-search-never-stops/,The Valley’s Forgotten: The search never stops,KYMA,2026-07-23T02:27:06+00:00,2026-07-24T11:44:33.699663+00:00,0,False,0.0,,none,False,none,,rss,True
3437af7d6aff,https://www.thedesertreview.com/online_features/press_releases/mclean-healthy-smiles-how-an-invisalign-dentist-in-mclean-va-fixes-bite-strain-affecting-74/article_b4b7edf8-ff16-5bd1-abe3-aaf175a8ad28.html,"McLean Healthy Smiles: How an Invisalign® Dentist in McLean, VA Fixes Bite Strain Affecting 74% of Adults",Desert Review,2026-07-24T03:55:03+00:00,2026-07-24T11:44:38.146799+00:00,0,False,0.0,,none,False,none,,rss,False
9e1dc3c10743,https://www.thedesertreview.com/online_features/press_releases/veteran-owned-first-rise-outfitters-proves-self-funded-entrepreneurship-still-thrives-in-the-american-outdoor/article_1d42ee97-844d-5e04-bac6-5d1a7a93c6d1.html,Veteran-Owned First Rise Outfitters Proves Self-Funded Entrepreneurship Still Thrives in the American Outdoor Apparel Industry,Desert Review,2026-07-24T03:50:02+00:00,2026-07-24T11:44:38.146842+00:00,0,False,0.0,,none,False,none,,rss,False
c0bfeeb950e2,https://www.thedesertreview.com/online_features/press_releases/kiddies-land-launches-curated-collection-of-premium-kids-clothing-and-essentials-designed-for-comfort-play/article_4bba3982-c9fb-55ff-ba9a-a527c72761eb.html,"Kiddies Land Launches Curated Collection of Premium Kids Clothing and Essentials Designed for Comfort, Play, and Every Occasion",Desert Review,2026-07-24T03:45:03+00:00,2026-07-24T11:44:38.146877+00:00,0,False,0.0,,none,False,none,,rss,False
9bbe8486fc8f,https://www.thedesertreview.com/online_features/press_releases/brooklyn-streetwear-brand-gface-roars-onto-the-scene-with-solo-designer-victor-m-medina-at/article_a80748f5-3e9e-59b1-8b25-756382e3dc98.html,Brooklyn Streetwear Brand Gface Roars onto the Scene with Solo Designer Victor M. Medina at the Helm of Every Stitch and Symbol,Desert Review,2026-07-24T03:45:03+00:00,2026-07-24T11:44:38.146911+00:00,0,False,0.0,,none,False,none,,rss,False
12111e021b7e,https://www.thedesertreview.com/online_features/press_releases/phoenix-homeowners-trust-excel-floor-care-for-honest-floor-restoration-guidance-with-free-estimates-and/article_df8e507e-2a98-5201-ae58-8c13d61a7fc6.html,Phoenix Homeowners Trust Excel Floor Care for Honest Floor Restoration Guidance With Free Estimates and Complimentary Test Areas,Desert Review,2026-07-24T03:45:03+00:00,2026-07-24T11:44:38.146944+00:00,0,False,0.0,,none,False,none,,rss,False
a81a0e6ec5e1,https://www.thedesertreview.com/online_features/press_releases/marine-founded-coffee-company-veteran-king-donates-5-percent-of-every-order-to-support-veteran/article_9991e7ab-5a60-57a2-8270-7d817a5c808a.html,Marine-Founded Coffee Company Veteran King Donates 5 Percent of Every Order to Support Veteran Organizations Across the United States,Desert Review,2026-07-24T03:40:02+00:00,2026-07-24T11:44:38.146977+00:00,0,False,0.0,,none,False,none,,rss,False
d7d61b36e97a,https://www.thedesertreview.com/online_features/press_releases/rkg-contracting-highlights-growing-demand-for-basement-finishing-denver-projects-that-maximize-home-value-and/article_815124ac-3c0b-5645-8a3c-ad43e2ef68ae.html,RKG Contracting Highlights Growing Demand for Basement Finishing Denver Projects That Maximize Home Value and Living Space,Desert Review,2026-07-24T03:20:13+00:00,2026-07-24T11:44:38.147012+00:00,0,False,0.0,,none,False,none,,rss,True
c64093096346,https://www.thedesertreview.com/online_features/press_releases/four-bag-apparel-taps-into-the-booming-cornhole-craze-with-apparel-that-lets-players-wear/article_f6272846-7857-5415-af91-ae130f316455.html,Four Bag Apparel Taps into the Booming Cornhole Craze with Apparel That Lets Players Wear Their Favorite Game Proudly,Desert Review,2026-07-24T03:20:03+00:00,2026-07-24T11:44:38.147044+00:00,0,False,0.0,,none,False,none,,rss,False
093b8ec4ee1f,https://www.thedesertreview.com/online_features/press_releases/inject-digital-launches-ai-visibility-engine-as-clinics-race-to-become-the-names-ai-recommends/article_d1a69d64-f036-5756-acb8-6986cea48d1a.html,Inject Digital Launches AI Visibility Engine as Clinics Race to Become the Names AI Recommends,Desert Review,2026-07-24T03:18:28+00:00,2026-07-24T11:44:38.147077+00:00,0,False,0.0,,none,False,none,,rss,True
e384a4745e61,https://www.thedesertreview.com/online_features/press_releases/privacy-alert-abbott-laboratories-and-exact-sciences-corporation-under-investigation-for-data-breach-of-patient/article_87539e09-417d-5736-a907-8c3189574d47.html,PRIVACY ALERT: Abbott Laboratories and Exact Sciences Corporation Under Investigation for Data Breach of Patient Records,Desert Review,2026-07-24T03:20:00+00:00,2026-07-24T11:44:38.147137+00:00,0,False,0.0,,none,False,none,,rss,True
e44886aad100,https://www.thedesertreview.com/online_features/press_releases/top-gold-ira-companies-report-released-goldco-listed-best-overall-by-pierce-points/article_f7f2a64d-7a0e-5aab-ab22-bbcdb03099c9.html,Top Gold IRA Companies Report Released – Goldco Listed Best Overall By Pierce Points,Desert Review,2026-07-24T03:19:19+00:00,2026-07-24T11:44:38.147173+00:00,0,False,0.0,,none,False,none,,rss,True
a3d95a596924,https://www.thedesertreview.com/news/state/goodwille-warns-overseas-directors-of-uk-companies-may-face-criminal-offence-risk-as-november-identity/article_ce6faf25-6f91-5ed8-a694-98fdc2be811d.html,Goodwille Warns: Overseas Directors of UK Companies May Face Criminal Offence Risk as November Identity Verification Deadline Looms,Desert Review,2026-07-24T03:17:06+00:00,2026-07-24T11:44:38.147213+00:00,0,False,0.0,,none,False,none,,rss,True
ea3165e3217b,https://www.thedesertreview.com/online_features/press_releases/goodwille-warns-overseas-directors-of-uk-companies-may-face-criminal-offence-risk-as-november-identity/article_a35e8409-47c2-5e12-95b3-1b5bd6090b70.html,Goodwille Warns: Overseas Directors of UK Companies May Face Criminal Offence Risk as November Identity Verification Deadline Looms,Desert Review,2026-07-24T03:17:06+00:00,2026-07-24T11:44:38.147243+00:00,0,False,0.0,,none,False,none,,rss,True
fbc11158a71a,https://www.thedesertreview.com/news/state/ch-advocacy-provides-strategic-legal-defence-for-assault-charges-in-calgary/article_a6c07189-c520-5342-81d5-623778850e81.html,CH Advocacy Provides Strategic Legal Defence for Assault Charges in Calgary,Desert Review,2026-07-24T03:10:02+00:00,2026-07-24T11:44:38.147272+00:00,0,False,0.0,,none,False,none,,rss,True
254d823230cc,https://www.thedesertreview.com/online_features/press_releases/ch-advocacy-provides-strategic-legal-defence-for-assault-charges-in-calgary/article_bb14cc26-f2d9-5b30-97bb-1f167f514a4b.html,CH Advocacy Provides Strategic Legal Defence for Assault Charges in Calgary,Desert Review,2026-07-24T03:10:02+00:00,2026-07-24T11:44:38.147297+00:00,0,False,0.0,,none,False,none,,rss,False
8d7f74db48f6,https://www.thedesertreview.com/online_features/press_releases/simcoe-pestx-offers-tick-control-services-in-innisfil-collingwood-and-orillia/article_81f9d77e-6467-547f-b4e8-1c33cfc216d1.html,"Simcoe PestX Offers Tick Control Services in Innisfil, Collingwood and Orillia",Desert Review,2026-07-24T03:05:01+00:00,2026-07-24T11:44:38.147324+00:00,0,False,0.0,,none,False,none,,rss,False
c5b734412013,https://www.thedesertreview.com/online_features/press_releases/moreh-showcases-high-performance-llm-inference-on-amd-gpus-at-amd-advancing-ai-2026/article_49dec75b-7575-5e46-aab9-3e9b869b3b03.html,MOREH Showcases High-Performance LLM Inference on AMD GPUs at AMD Advancing AI 2026,Desert Review,2026-07-24T02:59:00+00:00,2026-07-24T11:44:38.147373+00:00,0,False,0.0,,none,False,none,,rss,True
72f8ea1561e7,https://www.thedesertreview.com/online_features/press_releases/chatgptdeutsch-info-expands-german-language-ai-platform-with-no-registration-browser-access/article_aa32b656-fc0f-508e-8a93-a6f4b0171ce0.html,ChatGPTDeutsch.info expands German-language AI platform with no-registration browser access,Desert Review,2026-07-24T03:00:03+00:00,2026-07-24T11:44:38.147401+00:00,0,False,0.0,,none,False,none,,rss,False
647e026273c2,https://www.thedesertreview.com/online_features/press_releases/smart-separation-offers-flat-fee-divorce-mediation-services-in-toronto/article_3fa51af7-48a1-5850-9450-6116c27129ff.html,Smart Separation Offers Flat-Fee Divorce Mediation Services in Toronto,Desert Review,2026-07-24T03:00:03+00:00,2026-07-24T11:44:38.147441+00:00,0,False,0.0,,none,False,none,,rss,False
4b7ab4baf3ec,https://www.thedesertreview.com/online_features/press_releases/soft-surfaces-recognised-as-the-uk-s-leading-playground-and-sports-surfacing-specialist-with-over/article_425e964e-24cc-593d-af2c-a009bac444ca.html,Soft Surfaces Recognised as the UK’s Leading Playground and Sports Surfacing Specialist With Over 25 Years of Full-Lifecycle Surface Solutions,Desert Review,2026-07-24T02:55:03+00:00,2026-07-24T11:44:38.147500+00:00,0,False,0.0,,none,False,none,,rss,True
a9db9f3d900c,https://www.thedesertreview.com/online_features/press_releases/chang-ai-showcases-advanced-gas-analysis-solutions-at-the-28th-annual-national-conference-on-specialty/article_fc4ddd4e-d5d3-5919-a28f-8b6a2f17e7ea.html,Chang Ai Showcases Advanced Gas Analysis Solutions at the 28th Annual National Conference on Specialty Gases in China,Desert Review,2026-07-24T02:50:01+00:00,2026-07-24T11:44:38.147530+00:00,0,False,0.0,,none,False,none,,rss,False
ef98705d4097,https://www.thedesertreview.com/online_features/press_releases/best-self-cleaning-litter-box-market-report-2026-rates-multi-cat-biometric-excellence/article_28123cc8-70a5-5c40-ad51-af98bcf429fb.html,Best Self Cleaning Litter Box Market Report 2026 Rates Multi Cat Biometric Excellence,Desert Review,2026-07-24T02:45:03+00:00,2026-07-24T11:44:38.147559+00:00,0,False,0.0,,none,False,none,,rss,False
17c32747eb28,https://www.thedesertreview.com/online_features/press_releases/nick-launches-introduces-hand-done-directory-submission-service-covering-100-high-dr-startup-directories/article_3ab63ad0-e575-5d0d-9290-ea3ffb5d19ba.html,Nick Launches Introduces Hand-Done Directory Submission Service Covering 100+ High-DR Startup Directories,Desert Review,2026-07-24T02:40:01+00:00,2026-07-24T11:44:38.147588+00:00,0,False,0.0,,none,False,none,,rss,False
0f187ac877a5,https://www.thedesertreview.com/online_features/press_releases/dr-denaesh-ariyanayagam-calls-for-greater-public-focus-on-patient-education-and-preventive-health/article_b764aa99-6537-55d2-b75c-f8b9e8b8dce3.html,Dr. Denaesh Ariyanayagam Calls for Greater Public Focus on Patient Education and Preventive Health,Desert Review,2026-07-24T02:40:04+00:00,2026-07-24T11:44:38.147635+00:00,0,False,0.0,,none,False,none,,rss,True
5b10c0f873a7,https://www.thedesertreview.com/online_features/press_releases/new-book-examines-the-evolution-of-american-politics-through-presidential-party-platforms/article_91e72b05-47ec-5f38-9f44-04abbee4e749.html,New Book Examines the Evolution of American Politics Through Presidential Party Platforms,Desert Review,2026-07-24T02:35:02+00:00,2026-07-24T11:44:38.147663+00:00,0,False,0.0,,none,False,none,,rss,False
e5b373e56881,https://www.ivpressonline.com/opinion/opinion-a-payment-fix-that-could-lower-healthcare-costs/article_288f6987-1f07-4ed9-a828-352659894174.html,OPINION: A payment fix that could lower healthcare costs,IV Press,2026-07-28T07:00:00+00:00,2026-07-28T11:59:53.948454+00:00,0,False,0.0,,none,False,none,,rss,True
8ebf2f05152d,https://www.ivpressonline.com/news/mexicali-briefs-baja-california-launches-joint-road-repair-initiative-to-fix-mexicali-streets/article_9c07c2d1-0f30-45ab-b0c0-2e973fdaec9b.html,MEXICALI BRIEFS: Baja California launches joint road repair initiative to fix Mexicali streets,IV Press,2026-07-28T07:00:00+00:00,2026-07-28T11:59:53.948491+00:00,0,False,0.0,,none,False,none,,rss,True
7c845f778970,https://www.ivpressonline.com/news/county-jobless-rate-ticks-up-to-17-6-in-june-though-year-over-year-trends/article_fbcb99b5-d0de-43d9-a23f-10d280b53304.html,"County jobless rate ticks up to 17.6% in June, though year-over-year trends show improvement",IV Press,2026-07-28T07:00:00+00:00,2026-07-28T11:59:53.948552+00:00,6,False,0.1,,none,False,city,,rss,True
c710632ac5e6,https://www.ivpressonline.com/opinion/110-in-the-shade-iced-tea-anyone/article_71fa0493-4f04-482e-9fc3-7d2143dcac35.html,"110 IN THE SHADE: Iced Tea, Anyone?",IV Press,2026-07-28T07:00:00+00:00,2026-07-28T11:59:53.948591+00:00,0,False,0.0,,none,False,none,,rss,True
1988f05232a9,https://www.ivpressonline.com/featured/ivhra-community-celebrates-excellence/article_31e35837-c173-45e8-adf5-d852b8e1f8ef.html,IVHRA Community celebrates excellence,IV Press,2026-07-28T07:00:00+00:00,2026-07-28T11:59:53.948633+00:00,6,False,0.1,,none,False,city,,rss,True
d0eeaca04d3a,https://www.ivpressonline.com/featured/rep-ruiz-to-visit-ups-to-recognize-new-air-conditioning-units/article_8001c106-e5d5-47bb-8e53-3eaacc50730b.html,Rep. Ruiz to visit UPS to recognize new air conditioning units,IV Press,2026-07-28T07:00:00+00:00,2026-07-28T11:59:53.948681+00:00,3,False,0.05,,none,False,city,,rss,True
a3d92b34d847,https://www.ivpressonline.com/featured/calexico-city-manager-announces-his-departure/article_e39ab4c3-9cf5-4332-8e14-5583b1546cce.html,Calexico City Manager announces his departure,IV Press,2026-07-28T07:00:00+00:00,2026-07-28T11:59:53.948724+00:00,3,False,0.05,,none,False,city,,rss,True
69129c0e3851,https://www.ivpressonline.com/obituaries/villasenor-gustavo/article_31fd534c-a618-588c-be66-94a72fa993f6.html,"VILLASENOR,  GUSTAVO",IV Press,2026-07-28T07:00:00+00:00,2026-07-28T11:59:53.948784+00:00,3,False,0.05,,none,False,city,,rss,True
37c056fc6f5a,https://www.ivpressonline.com/online_features/press_releases/one-operative-one-nation-under-siege-james-ladere-s-shadow-government-alex-mercer-book-one/article_d6393166-3399-5136-88f5-244eb9a25b9d.html,One Operative. One Nation Under Siege. James LaDere’s Shadow Government: Alex Mercer Book One Is the Thriller 2025 Needed,IV Press,2026-07-28T02:55:02+00:00,2026-07-28T11:59:53.948854+00:00,0,False,0.0,,none,False,none,,rss,False
36411b179279,https://www.ivpressonline.com/online_features/press_releases/decksforlife-opens-fall-2026-deck-build-scheduling-across-the-gta/article_e51f169b-3561-581c-a318-0d6a85ee82e6.html,Decksforlife Opens Fall 2026 Deck Build Scheduling Across the GTA,IV Press,2026-07-28T02:55:02+00:00,2026-07-28T11:59:53.948903+00:00,0,False,0.0,,none,False,none,,rss,False
837495ee2ba0,https://www.ivpressonline.com/online_features/press_releases/former-911-dispatcher-shajuan-connell-releases-candid-new-book-on-love-resilience-and-finding-peace/article_b6200869-e694-53e4-976c-5ecbacb4801a.html,"Former 911 Dispatcher Shajuan Connell Releases Candid New Book on Love, Resilience, and Finding Peace",IV Press,2026-07-28T02:40:02+00:00,2026-07-28T11:59:53.948992+00:00,0,False,0.0,,none,False,none,,rss,True
db2fc17447be,https://www.ivpressonline.com/online_features/press_releases/excellence-awards-announce-company-of-the-year-awards-midwest-usa-2026-winners/article_d34decaf-2edb-5b61-b38c-3d2a3cfc97a0.html,Excellence Awards Announce Company of the Year Awards Midwest USA 2026 Winners,IV Press,2026-07-28T02:40:02+00:00,2026-07-28T11:59:53.949065+00:00,0,False,0.0,,none,False,none,,rss,True
6464b7232b9f,https://www.ivpressonline.com/online_features/press_releases/cl40-world-builds-global-entertainment-network-connecting-sydney-and-new-york-music-markets/article_692abb91-686c-5c28-a01a-926822d7eb2a.html,CL40 World Builds Global Entertainment Network Connecting Sydney and New York Music Markets,IV Press,2026-07-28T02:35:02+00:00,2026-07-28T11:59:53.949125+00:00,0,False,0.0,,none,False,none,,rss,False
7fc8e3749678,https://www.ivpressonline.com/online_features/press_releases/glacier-travel-america-llc-brings-firsthand-norwegian-cruise-expertise-to-cruisers-seeking-unforgettable-voyages-without/article_d5d086cc-a332-5073-8749-3b01a56644de.html,Glacier Travel America LLC Brings Firsthand Norwegian Cruise Expertise to Cruisers Seeking Unforgettable Voyages Without Upfront Fees,IV Press,2026-07-28T02:35:02+00:00,2026-07-28T11:59:53.949179+00:00,0,False,0.0,,none,False,none,,rss,False
794d9dd34cec,https://www.ivpressonline.com/online_features/press_releases/how-don-franky-premium-reserve-coffee-company-is-building-a-loyal-community-of-coffee-enthusiasts/article_2b60ed62-47ef-5302-982b-262579d8c9e4.html,How Don Franky Premium Reserve Coffee Company Is Building a Loyal Community of Coffee Enthusiasts One Freshly Roasted Bag at a Time,IV Press,2026-07-28T01:45:03+00:00,2026-07-28T11:59:53.949241+00:00,0,False,0.0,,none,False,none,,rss,False
efc708157945,https://www.ivpressonline.com/online_features/press_releases/skip-the-lobby-aloha-hale-offers-big-island-travelers-a-private-rainforest-escape-near-hawai/article_2c8b5e71-086e-5404-b442-423e8cfd99a6.html,Skip the Lobby: Aloha Hale Offers Big Island Travelers a Private Rainforest Escape Near Hawaiʻi Volcanoes National Park,IV Press,2026-07-28T01:45:03+00:00,2026-07-28T11:59:53.949310+00:00,0,False,0.0,,none,False,none,,rss,False
866c8c66ba45,https://www.ivpressonline.com/online_features/press_releases/cuban-owned-vending-machine-company-vmfs-usa-sponsors-cuban-racing-driver-isabella-abreu/article_edd90199-594e-51d0-bdf9-8fdbacf82f08.html,Cuban-Owned Vending Machine Company VMFS USA Sponsors Cuban Racing Driver Isabella Abreu,IV Press,2026-07-28T01:40:03+00:00,2026-07-28T11:59:53.949368+00:00,0,False,0.0,,none,False,none,,rss,False
be7b0493cf30,https://www.ivpressonline.com/online_features/press_releases/economic-foundations-officially-earns-irs-nonprofit-designation-and-launches-global-initiative-to-drive-sustainable-economic/article_30060581-505c-5acd-b92a-a21bdcfdbae6.html,Economic Foundations Officially Earns IRS Nonprofit Designation and Launches Global Initiative to Drive Sustainable Economic Empowerment,IV Press,2026-07-28T01:35:02+00:00,2026-07-28T11:59:53.949430+00:00,0,False,0.0,,none,False,none,,rss,False
e654718aafc8,https://www.ivpressonline.com/online_features/press_releases/visiting-angels-senior-home-care-maple-valley-earns-recognition-for-best-veteran-home-care/article_b3231594-eb54-53d3-bafb-1c1915908c85.html,Visiting Angels Senior Home Care Maple Valley Earns Recognition for Best Veteran Home Care,IV Press,2026-07-28T01:35:02+00:00,2026-07-28T11:59:53.949483+00:00,0,False,0.0,,none,False,none,,rss,False
0ea77a4e49c7,https://www.ivpressonline.com/online_features/press_releases/therapist-coaching-company-adapts-landmark-domestic-violence-framework-to-name-a-coordinated-pattern-in-how/article_6db4f44c-e673-58d1-b68f-c87196611a89.html,Therapist Coaching Company Adapts Landmark Domestic-Violence Framework to Name a Coordinated Pattern in How Insurers and Venture-Backed Platforms Treat Therapists,IV Press,2026-07-28T01:35:02+00:00,2026-07-28T11:59:53.949553+00:00,0,False,0.0,,none,False,none,,rss,False
a8580e230399,https://www.ivpressonline.com/online_features/press_releases/oral-surgery-dental-implant-center-of-middletown-enters-new-era-under-leadership-of-dr-alexander/article_cb1d53fe-239d-5f42-97b0-8727eb6df65e.html,Oral Surgery & Dental Implant Center of Middletown Enters New Era Under Leadership of Dr. Alexander Gomes,IV Press,2026-07-28T01:30:03+00:00,2026-07-28T11:59:53.949615+00:00,0,False,0.0,,none,False,none,,rss,False
16ffbf2b26f0,https://www.ivpressonline.com/online_features/press_releases/numetrica-launches-the-2026-cloud-accounting-guide-to-help-canadian-businesses-embrace-ai-automation-and/article_492e3735-9aa2-5cae-b688-e8eff3b8af36.html,"Numetrica Launches the 2026 Cloud Accounting Guide to Help Canadian Businesses Embrace AI, Automation and Modern Accounting",IV Press,2026-07-28T01:15:02+00:00,2026-07-28T11:59:53.949691+00:00,0,False,0.0,,none,False,none,,rss,True
f355654f3380,https://www.ivpressonline.com/online_features/press_releases/northeast-mold-experts-launches-mold-inspection-testing-removal-and-remediation-website-across-nj-ny-pa/article_e90b0c25-69f7-5700-a311-55a48efde4b4.html,"NorthEast Mold Experts Launches Mold Inspection, Testing, Removal and Remediation Website Across NJ, NY, PA, CT, DE and MD",IV Press,2026-07-28T00:40:02+00:00,2026-07-28T11:59:53.949754+00:00,0,False,0.0,,none,False,none,,rss,False
079b4719aa72,https://www.ivpressonline.com/online_features/press_releases/leading-spine-surgeon-in-los-angeles-saadat-spine-responds-to-rising-demand-for-advanced-orthopedic/article_263d0da4-818b-55b0-aa0c-c47fec75403c.html,"Leading Spine Surgeon in Los Angeles, Saadat Spine, Responds to Rising Demand for Advanced Orthopedic Spine Care in Southern California",IV Press,2026-07-28T00:24:56+00:00,2026-07-28T11:59:53.949812+00:00,0,False,0.0,,none,False,none,,rss,True
5280164dba24,https://www.ivpressonline.com/online_features/press_releases/loucil-chiropractic-announces-free-new-patient-special-worth-400-for-residents-suffering-from-sciatica-back/article_e8d61e7e-a091-5461-997c-6aecea77883e.html,"Loucil Chiropractic Announces Free New Patient Special Worth $400 for Residents Suffering from Sciatica, Back Pain, Neck Pain, Shoulder Pain, and Knee Pain Across Miami",IV Press,2026-07-28T00:22:53+00:00,2026-07-28T11:59:53.949869+00:00,0,False,0.0,,none,False,none,,rss,True
5254671fa8b0,https://kyma.com/decision-politics/local-politics/2026/07/28/imperial-county-board-of-supervisors-sends-grant-money-back-to-the-state/,Imperial County Board of Supervisors sends grant money back to the state,KYMA,2026-07-29T00:37:54+00:00,2026-07-29T12:04:06.791693+00:00,6,False,0.1,,none,False,city,,rss,True
7292cffe8f94,https://kyma.com/decision-politics/local-politics/2026/07/28/rep-raul-ruiz-visits-el-centro-ups-depot/,Rep. Raul Ruiz visits El Centro UPS Depot,KYMA,2026-07-28T19:59:46+00:00,2026-07-29T12:04:06.791763+00:00,3,False,0.05,,none,False,city,,rss,True
0e8dfc694785,https://kyma.com/news/imperial-county/2026/07/29/local-non-profits-team-up-for-imperial-valley-heat-relief/,Local non-profits team up for Imperial Valley heat relief,KYMA,2026-07-29T23:08:09+00:00,2026-07-30T11:54:53.374802+00:00,16,True,0.267,extreme heat|heat wave,illness,False,city,,rss,True
c6a93c8959cb,https://kyma.com/dsw-living/data-centers/2026/07/29/imperial-county-judge-hears-arguments-over-a-data-center-lawsuit-filed-by-the-city-of-imperial-and-the-sierra-club/,Imperial County judge hears arguments over a data center lawsuit filed by the City of Imperial and the Sierra Club,KYMA,2026-07-29T22:04:22+00:00,2026-07-30T11:54:53.374889+00:00,6,False,0.1,,none,False,city,,rss,True
d9628cf5fbf2,https://kyma.com/news/imperial-county/2026/07/29/city-of-calexico-to-host-family-night-at-the-pool/,City of Calexico to host Family Night at the Pool,KYMA,2026-07-29T20:27:51+00:00,2026-07-30T11:54:53.374948+00:00,6,False,0.1,,none,False,city,,rss,True
54e3f548e06d,https://kyma.com/decision-politics/california-politics/2026/07/29/gov-gavin-newsom-signs-bill-to-expand-digital-drivers-license-program/,Gov. Gavin Newsom signs bill to expand digital drivers license program,KYMA,2026-07-29T19:50:12+00:00,2026-07-30T11:54:53.375015+00:00,0,False,0.0,,none,False,none,,rss,True
3d8ec8525170,https://kyma.com/news/imperial-county/2026/07/29/jury-in-imperial-county-delivers-guilty-verdicts-in-two-cases/,Jury in Imperial County delivers guilty verdicts in two cases,KYMA,2026-07-29T18:25:14+00:00,2026-07-30T11:54:53.375069+00:00,6,False,0.1,,none,False,city,,rss,True
c7d138fa1d3e,https://kyma.com/news/imperial-county/2026/07/30/chp-arrests-truck-driver-in-imperial-county-for-dui/,CHP arrests truck driver in Imperial County for DUI,KYMA,2026-07-31T00:11:57+00:00,2026-07-31T12:03:53.422018+00:00,6,False,0.1,,none,False,city,,rss,True
f057da288f25,https://kyma.com/decision-politics/local-politics/2026/07/30/efforts-to-recall-calipatria-city-council-members-nears-an-end/,Efforts to recall Calipatria city council members nears an end,KYMA,2026-07-30T21:46:47+00:00,2026-07-31T12:03:53.422085+00:00,3,False,0.05,,none,False,city,,rss,True
72d4dce0b322,https://kyma.com/news/imperial-county/2026/07/30/community-weighs-in-on-proposed-imperial-county-transit-hub-expansion/,Community weighs in on proposed Imperial County transit hub expansion,KYMA,2026-07-30T19:25:38+00:00,2026-07-31T12:03:53.422138+00:00,6,False,0.1,,none,False,city,,rss,True
a3be557a06fe,https://kyma.com/news/crime/drug-busts/2026/07/30/cocaine-worth-more-than-20-million-seized-at-the-calexico-port-of-entry/,Cocaine worth more than $20 million seized at the Calexico Port of Entry,KYMA,2026-07-30T17:55:30+00:00,2026-07-31T12:03:53.422194+00:00,3,False,0.05,,none,False,city,,rss,True
85464e6b42f4,https://kyma.com/news/imperial-county/2026/07/30/el-centro-pd-arrests-suspect-for-assault-with-a-deadly-weapon/,El Centro PD arrests suspect for assault with a deadly weapon,KYMA,2026-07-30T16:58:02+00:00,2026-07-31T12:03:53.422242+00:00,6,False,0.1,,none,False,city,,rss,True
c25b87c5c32b,https://kyma.com/weather/heat/2026/07/31/imperial-valley-experiences-extreme-heat/,Imperial Valley experiences extreme heat,KYMA,2026-07-31T23:58:05+00:00,2026-08-01T11:20:39.610597+00:00,24,True,0.4,extreme heat,illness,False,city,,rss,True
5b26b76cabdd,https://kyma.com/news/imperial-county/2026/07/31/california-car-thefts-plummet-25-statewide-imperial-county-numbers-hold-steady/,"California car thefts plummet 25% statewide, Imperial County numbers hold steady",KYMA,2026-07-31T22:04:14+00:00,2026-08-01T11:20:39.610692+00:00,6,False,0.1,,none,False,city,,rss,True
5a785b8f87ad,https://www.thedesertreview.com/news/national/historic-military-convoy-travels-expedition-route-of-lewis-clark/article_c1129451-75f3-5e26-8c78-bace7a23a90c.html,Historic military convoy travels expedition route of Lewis & Clark,Desert Review,2026-08-01T03:40:00+00:00,2026-08-01T11:20:44.142534+00:00,0,False,0.0,,none,False,none,,rss,True
937f793791e4,https://www.thedesertreview.com/news/state/pretty-sure-he-s-wet-immigration-agents-used-racial-slurs-during-la-sweeps-court-records/article_9928ef49-34ee-5f3e-a31b-86733fef8040.html,"‘Pretty sure he’s wet:’ Immigration agents used racial slurs during LA sweeps, court records show",Desert Review,2026-08-01T03:30:00+00:00,2026-08-01T11:20:44.142598+00:00,0,False,0.0,,none,False,none,,rss,True
58665d5edecc,https://www.thedesertreview.com/online_features/press_releases/admiral-property-management-expands-services-in-greater-seattle/article_0c23a264-625d-5285-a1c7-5010c661a252.html,Admiral Property Management Expands Services in Greater Seattle,Desert Review,2026-08-01T03:25:02+00:00,2026-08-01T11:20:44.142629+00:00,0,False,0.0,,none,False,none,,rss,False
bc98e009ab01,https://www.thedesertreview.com/online_features/press_releases/mindstir-media-ranked-no-1-among-the-best-self-publishing-companies-in-2026-by-the/article_8983f1ef-30bd-5a7c-b02f-7301ebde1bd0.html,MindStir Media Ranked No. 1 Among the Best Self-Publishing Companies in 2026 by the Popular Writers and Authors Website,Desert Review,2026-08-01T03:10:02+00:00,2026-08-01T11:20:44.142674+00:00,0,False,0.0,,none,False,none,,rss,True
f077214054b5,https://www.thedesertreview.com/online_features/press_releases/mindstir-media-earns-top-ranking-among-self-publishing-services-in-2026/article_33279c77-7e9a-5b59-9de8-02e60a1597dd.html,MindStir Media Earns Top Ranking Among Self-Publishing Services in 2026,Desert Review,2026-08-01T03:10:02+00:00,2026-08-01T11:20:44.142715+00:00,0,False,0.0,,none,False,none,,rss,True
c06590979961,https://www.thedesertreview.com/online_features/press_releases/yves-bissouma-expands-beyond-football-with-landmark-7-million-global-fragrance-partnership/article_2e7a0c58-a373-50b6-9015-3a00c752c065.html,Yves Bissouma Expands Beyond Football with Landmark $7 Million Global Fragrance Partnership,Desert Review,2026-08-01T03:10:02+00:00,2026-08-01T11:20:44.142755+00:00,0,False,0.0,,none,False,none,,rss,True
3eddb179edde,https://www.thedesertreview.com/online_features/press_releases/mindstir-media-ranked-no-1-among-the-best-book-marketing-services-of-2026-by-papertrue/article_5f5c3786-052f-5636-a9b5-50d9bae84dae.html,MindStir Media Ranked No. 1 Among the Best Book Marketing Services of 2026 by PaperTrue,Desert Review,2026-08-01T03:05:02+00:00,2026-08-01T11:20:44.142799+00:00,0,False,0.0,,none,False,none,,rss,True
037293e5a8e2,https://www.thedesertreview.com/online_features/press_releases/albert-cohen-in-new-york-earns-2026-recognition-as-award-winning-queens-personal-injury-attorney/article_3938e67b-bb96-5243-856e-8908f35e2dc0.html,Albert Cohen in New York Earns 2026 Recognition as Award-Winning Queens Personal Injury Attorney,Desert Review,2026-08-01T03:05:02+00:00,2026-08-01T11:20:44.142827+00:00,0,False,0.0,,none,False,none,,rss,False
0d5b2c43cd90,https://www.thedesertreview.com/online_features/press_releases/new-children-s-book-the-twin-stars-great-adventure-encourages-young-readers-to-discover-the/article_b85ec17e-7f13-5db3-8d7f-5ebdd7d59e84.html,New Children’s Book The Twin Stars’ Great Adventure Encourages Young Readers to Discover the Light Within,Desert Review,2026-08-01T03:05:02+00:00,2026-08-01T11:20:44.142876+00:00,0,False,0.0,,none,False,none,,rss,True
a313edb96259,https://www.thedesertreview.com/online_features/press_releases/certificationpoint-introduces-regional-voting-initiative-to-expand-member-leadership-across-six-u-s-regions/article_ffbdf0c0-4f8e-5fce-98fb-2c00b47a2ff2.html,CertificationPoint Introduces Regional Voting Initiative to Expand Member Leadership Across Six U.S. Regions,Desert Review,2026-08-01T02:05:02+00:00,2026-08-01T11:20:44.142917+00:00,0,False,0.0,,none,False,none,,rss,True
557420dfc9ea,https://www.thedesertreview.com/online_features/press_releases/1st-day-farm-chicks-launches-new-website-for-ordering-day-old-chicks/article_aff7e4ba-25e9-5497-a45b-2ae0aecda7c1.html,1st Day Farm Chicks Launches New Website for Ordering Day-Old Chicks,Desert Review,2026-08-01T02:00:03+00:00,2026-08-01T11:20:44.142944+00:00,0,False,0.0,,none,False,none,,rss,False
5eefa5f58b97,https://www.thedesertreview.com/online_features/press_releases/bvb-freight-expands-north-american-logistics-operations-as-freight-demand-drives-network-growth/article_c860257f-cc80-559b-a4d7-0d2ce38f7db0.html,BVB Freight Expands North American Logistics Operations as Freight Demand Drives Network Growth,Desert Review,2026-08-01T02:00:03+00:00,2026-08-01T11:20:44.142973+00:00,0,False,0.0,,none,False,none,,rss,False
5b6ecf9487e2,https://www.thedesertreview.com/online_features/press_releases/gold-firm-releases-new-car-accident-attorney-san-bernardino-ca-analysis-showing-one-traffic-collision/article_b1db3582-f52d-5ea3-8cce-eb40f10ca2e7.html,"Gold Firm Releases New Car Accident Attorney San Bernardino, CA Analysis Showing One Traffic Collision Injury or Death Every 36 Minutes",Desert Review,2026-08-01T01:55:02+00:00,2026-08-01T11:20:44.143007+00:00,3,False,0.05,,none,False,none,,rss,False
f58e2209fd7a,https://www.thedesertreview.com/online_features/press_releases/wextl-announces-official-public-launch-an-ai-agent-builder-and-visual-workflow-automation-platform/article_a6b845be-426a-54b8-bdb2-b3e8057e7ec0.html,WEXTL Announces Official Public Launch: An AI Agent Builder and Visual Workflow Automation Platform,Desert Review,2026-08-01T01:30:02+00:00,2026-08-01T11:20:44.143037+00:00,0,False,0.0,,none,False,none,,rss,False
9ff18dd9ed14,https://www.thedesertreview.com/online_features/press_releases/hewei-seating-highlights-the-performance-durability-and-care-of-its-advanced-pu-polyurethane-integral-skin/article_076db30c-b4b1-5499-8a8c-595380f9e389.html,"HEWEI SEATING Highlights the Performance, Durability, and Care of Its Advanced PU Polyurethane Integral Skin Seating Solutions",Desert Review,2026-08-01T01:30:02+00:00,2026-08-01T11:20:44.143068+00:00,0,False,0.0,,none,False,none,,rss,False
9e4987bae036,https://www.thedesertreview.com/online_features/press_releases/smart-weigh-advances-high-volume-wet-pet-food-production-with-automated-tin-can-packaging-line/article_02e23e23-1a75-5874-9c2d-63604c415758.html,Smart Weigh Advances High-Volume Wet Pet Food Production with Automated Tin Can Packaging Line,Desert Review,2026-08-01T01:30:02+00:00,2026-08-01T11:20:44.143097+00:00,0,False,0.0,,none,False,none,,rss,False
2da9cde630fe,https://www.thedesertreview.com/online_features/press_releases/hammond-services-discusses-the-benefits-of-whole-home-generators-during-georgia-storm-season-in-austell/article_3cba6ecf-bd58-54f5-85d3-577a44b563fa.html,Hammond Services Discusses the Benefits of Whole-Home Generators During Georgia Storm Season in Austell and West Metro Atlanta,Desert Review,2026-08-01T01:25:02+00:00,2026-08-01T11:20:44.143129+00:00,0,False,0.0,,none,False,none,,rss,False
7517b465b0ba,https://www.thedesertreview.com/online_features/press_releases/lew-rivers-the-artificial-conspiracy-the-seduction-receives-literary-titan-book-award/article_3c201124-3b58-522d-9260-c9fb45212468.html,Lew Rivers’ “The Artificial Conspiracy: The Seduction” Receives Literary Titan Book Award,Desert Review,2026-08-01T00:45:04+00:00,2026-08-01T11:20:44.143163+00:00,0,False,0.0,,none,False,none,,rss,False
12778c0ac2f6,https://www.thedesertreview.com/online_features/press_releases/aileen-p-charland-joins-makerspacect-board-to-support-innovation-and-workforce-development/article_b6bd55d5-e4bf-54b0-8eb6-6fea964c6290.html,Aileen P. Charland Joins MakerspaceCT Board to Support Innovation and Workforce Development,Desert Review,2026-08-01T00:20:04+00:00,2026-08-01T11:20:44.143215+00:00,0,False,0.0,,none,False,none,,rss,False
138ab7004b71,https://www.thedesertreview.com/online_features/press_releases/pacific-gas-and-electric-company-announces-results-of-cash-tender-offers/article_09d6ace9-5c92-5334-8114-05fbfd2c3eff.html,Pacific Gas and Electric Company Announces Results of Cash Tender Offers,Desert Review,2026-08-01T00:12:00+00:00,2026-08-01T11:20:44.143271+00:00,0,False,0.0,,none,False,none,,rss,True
82715903282c,https://www.thedesertreview.com/online_features/press_releases/tsim-sha-tsui-grand-restaurant-zijin-city-branch-has-earn-world-record-certification/article_81168309-8a3f-5103-9c17-94fd06d30dd5.html,Tsim Sha Tsui Grand Restaurant Zijin City Branch has earn World Record Certification,Desert Review,2026-08-01T00:10:03+00:00,2026-08-01T11:20:44.143299+00:00,0,False,0.0,,none,False,none,,rss,False
811c82301489,https://www.thedesertreview.com/online_features/press_releases/josh-koren-calls-on-professionals-to-keep-learning-as-ai-changes-the-workplace/article_8537a4ef-ea1c-5dbf-8391-92969bc4685b.html,Josh Koren Calls on Professionals to Keep Learning as AI Changes the Workplace,Desert Review,2026-08-01T00:05:01+00:00,2026-08-01T11:20:44.143342+00:00,0,False,0.0,,none,False,none,,rss,True
659149ccb0c6,https://www.thedesertreview.com/online_features/press_releases/why-process-matters-more-than-products-in-financial-planning/article_52314524-e047-5740-8986-87d970735500.html,Why Process Matters More Than Products in Financial Planning,Desert Review,2026-08-01T00:05:02+00:00,2026-08-01T11:20:44.143367+00:00,0,False,0.0,,none,False,none,,rss,False
ca063c567497,https://www.thedesertreview.com/news/local/ictc-unveils-plans-for-new-transit-operations-and-maintenance-facility-in-el-centro/article_8464c127-9a71-4a1a-b771-63fe04c96e6e.html,ICTC unveils plans for new transit operations and maintenance facility in El Centro,Desert Review,2026-08-01T00:00:00+00:00,2026-08-01T11:20:44.143422+00:00,6,False,0.1,,none,False,city,,rss,True
c7be291e9849,https://www.thedesertreview.com/news/state/david-valadao-lost-in-the-last-anti-trump-blue-wave-will-farmers-help-him-win/article_e8ae652c-9a2c-5543-96f2-45e94c0a361f.html,David Valadao lost in the last anti-Trump blue wave. Will farmers help him win this time?,Desert Review,2026-08-01T00:00:00+00:00,2026-08-01T11:20:44.143459+00:00,0,False,0.0,,none,False,none,,rss,True
bbfd65ea0835,https://www.ivpressonline.com/online_features/press_releases/twitch-phenom-cinna-declares-for-bang-energy-during-record-breaking-subathon-attempt/article_e3235f12-9f9e-5277-b2ec-6917ca7a1ec0.html,Twitch Phenom Cinna Declares for Bang Energy During Record-Breaking Subathon Attempt,IV Press,2026-08-01T23:30:00+00:00,2026-08-02T11:19:53.277010+00:00,0,False,0.0,,none,False,none,,rss,True
a3c9cfccd0e4,https://www.ivpressonline.com/online_features/press_releases/stella-mabry-s-not-a-worry-is-everything-first-love-feels-like/article_a6b5bf85-c740-513d-9534-022fa976ff4f.html,Stella Mabry’s “Not A Worry” Is Everything First Love Feels Like,IV Press,2026-08-01T19:45:00+00:00,2026-08-02T11:19:53.277052+00:00,0,False,0.0,,none,False,none,,rss,False
5976485cfac4,https://www.ivpressonline.com/online_features/press_releases/best-tough-dog-toys-on-the-usa-market-research-report-published-by-hartwellresearch-com/article_7b159b9d-fea3-5697-939b-6e3fcd312a06.html,Best Tough Dog Toys on the USA Market Research Report Published by HartwellResearch.com,IV Press,2026-08-01T19:05:02+00:00,2026-08-02T11:19:53.277085+00:00,0,False,0.0,,none,False,none,,rss,False
bebda5546743,https://www.ivpressonline.com/online_features/press_releases/best-headstone-companies-in-the-us-research-report-released-by-hartwellresearch-com/article_a02f8465-8017-5c6d-8584-d74559859136.html,Best Headstone Companies in the US Research Report Released by HartwellResearch.com,IV Press,2026-08-01T18:30:04+00:00,2026-08-02T11:19:53.277113+00:00,0,False,0.0,,none,False,none,,rss,False
a708ef8b45da,https://www.ivpressonline.com/online_features/press_releases/della-celebrates-14th-anniversary-with-annual-della-day-and-announces-new-build-your-own-system/article_5805b51d-ac8e-5f62-b338-02b98aca4869.html,DELLA Celebrates 14th Anniversary with Annual DELLA Day and Announces New Build Your Own System Experience,IV Press,2026-08-01T18:00:00+00:00,2026-08-02T11:19:53.277155+00:00,0,False,0.0,,none,False,none,,rss,True
b7d1058bcad4,https://www.ivpressonline.com/online_features/press_releases/torras-unveils-q3-air-pro-the-worlds-first-dual-layer-airbag-case-built-for-outdoor/article_626f0112-dfef-522e-a6a4-a6b20686031a.html,"TORRAS Unveils Q3 Air Pro, the World's First Dual-Layer Airbag Case Built for Outdoor Adventure",IV Press,2026-08-01T17:00:00+00:00,2026-08-02T11:19:53.277208+00:00,0,False,0.0,,none,False,none,,rss,True
696efd01cc9c,https://www.ivpressonline.com/online_features/press_releases/thermal-master-officially-launches-all-new-dv2-and-t2max-across-europe-and-north-america/article_3c26cc18-6f7e-5a46-8eed-5ec58443bc16.html,Thermal Master Officially Launches All-new DV2 and T2MAX Across Europe and North America,IV Press,2026-08-01T13:30:00+00:00,2026-08-02T11:19:53.277243+00:00,0,False,0.0,,none,False,none,,rss,True
6f96743fecea,https://www.ivpressonline.com/online_features/press_releases/wake-teams-with-thrill-sports-to-enter-the-u-s-market-with-world-record-setting/article_94eec215-e2f2-5e18-a1d4-07cdf2cb7d40.html,"WAKE TEAMS WITH THRILL SPORTS TO ENTER THE U.S. MARKET WITH WORLD RECORD-SETTING STUNT, REINVENTING HOW CONSUMER BRANDS LAUNCH IN THE DIGITAL ERA",IV Press,2026-08-01T13:00:00+00:00,2026-08-02T11:19:53.277287+00:00,0,False,0.0,,none,False,none,,rss,True
af09735efc2c,https://www.ivpressonline.com/online_features/press_releases/hyundai-motor-america-reports-record-breaking-july-2026-sales/article_f821d60b-2232-5391-bbbd-20173a2b2d55.html,Hyundai Motor America Reports Record-Breaking July 2026 Sales,IV Press,2026-08-01T12:55:00+00:00,2026-08-02T11:19:53.277325+00:00,0,False,0.0,,none,False,none,,rss,True
b35e7b63c100,https://www.ivpressonline.com/online_features/press_releases/cannanda-launches-intelligent-wellness-finder-a-guided-product-matching-experience-built-around-the-endocannabinoid-system/article_4740f208-e8e9-5dec-93a8-80b98004f88a.html,"Cannanda Launches Intelligent Wellness Finder, a Guided Product-Matching Experience Built Around the Endocannabinoid System",IV Press,2026-08-01T11:15:02+00:00,2026-08-02T11:19:53.277356+00:00,0,False,0.0,,none,False,none,,rss,False
6d1c5acaeb0a,https://www.ivpressonline.com/online_features/press_releases/kaiju-no-8-the-game-celebrates-1st-anniversary-all-fronts-all-awaken/article_7d8fb118-e3ee-55ed-993b-db08a0ee6033.html,"KAIJU NO. 8 THE GAME Celebrates 1st Anniversary: ""All Fronts, All Awaken""",IV Press,2026-08-01T09:00:00+00:00,2026-08-02T11:19:53.277387+00:00,0,False,0.0,,none,False,none,,rss,True
d64cc620a235,https://www.ivpressonline.com/online_features/press_releases/century-21-clearview-realty-agent-lorenzo-bell-thomas-expands-military-relocation-services-in-rapid-city/article_33f692c3-eed4-50c6-ab77-5871ea323d6f.html,CENTURY 21 ClearView Realty Agent Lorenzo Bell-Thomas Expands Military Relocation Services in Rapid City SD,IV Press,2026-08-01T08:15:06+00:00,2026-08-02T11:19:53.277416+00:00,0,False,0.0,,none,False,none,,rss,False
a122a8159e6b,https://www.ivpressonline.com/opinion/the-postscript-swimming-with-the-sunnies/article_a36d2861-9a92-447c-bc59-041c237ea73d.html,THE POSTSCRIPT: Swimming with the Sunnies,IV Press,2026-08-01T07:00:00+00:00,2026-08-02T11:19:53.277449+00:00,0,False,0.0,,none,False,none,,rss,True
4773279ec35a,https://www.ivpressonline.com/business/imperial-valley-food-manufacturing-holds-steady-amid-national-shift-toward-automation/article_389cc7ae-3a6b-4b1a-8657-db3ac1de94d2.html,Imperial Valley food manufacturing holds steady amid national shift toward automation,IV Press,2026-08-01T07:00:00+00:00,2026-08-02T11:19:53.277498+00:00,6,False,0.1,,none,False,city,,rss,True
523a3d1cf1e0,https://www.ivpressonline.com/business/ai-is-transforming-san-diego-s-labor-market-but-human-skills-remain-essential-report-finds/article_2a3f9ebe-c23f-47df-8a11-93eeb1e513e5.html,"AI is transforming San Diego’s labor market, but human skills remain essential, report finds",IV Press,2026-08-01T07:00:00+00:00,2026-08-02T11:19:53.277552+00:00,0,False,0.0,,none,False,none,,rss,True
0312c75c777b,https://www.ivpressonline.com/opinion/dare-to-live-without-limits-make-things-happen-dont-watch-them-happen/article_992025ff-4ad4-49f6-9244-67a82d84ccec.html,DARE TO LIVE WITHOUT LIMITS: Make things happen; don't watch them happen,IV Press,2026-08-01T07:00:00+00:00,2026-08-02T11:19:53.277590+00:00,0,False,0.0,,none,False,none,,rss,True
76aa3b10e047,https://www.ivpressonline.com/news/hoover-dam-reopens-after-four-day-repairs/article_c3ad0f3c-9d76-47d5-8160-92087b47fc88.html,Hoover Dam reopens after four-day repairs,IV Press,2026-08-01T07:00:00+00:00,2026-08-02T11:19:53.277632+00:00,0,False,0.0,,none,False,none,,rss,True
4cddbcf6341a,https://www.ivpressonline.com/news/supes-receive-update-on-auditor-controllers-office/article_68f15783-c746-43a0-94b5-9d510b223cf2.html,Supes receive update on Auditor-Controller's Office,IV Press,2026-08-01T07:00:00+00:00,2026-08-02T11:19:53.277682+00:00,6,False,0.1,,none,False,city,,rss,True
899eb879d5b6,https://www.ivpressonline.com/news/county-board-approves-2-million-federal-grant-to-boost-security-patrols/article_507b15e8-08cb-46b8-9995-37bc6deaa841.html,County board approves $2 million federal grant to boost security patrols,IV Press,2026-08-01T07:00:00+00:00,2026-08-02T11:19:53.277749+00:00,6,False,0.1,,none,False,city,,rss,True
d3f2a06fb545,https://www.ivpressonline.com/news/el-centro-braces-for-dangerous-heat-wave-as-temperatures-near-118-degrees-this-saturday/article_14048e8f-e797-485e-b26f-7be0fa0484b0.html,El Centro braces for dangerous heat wave as temperatures near 118 degrees this Saturday,IV Press,2026-08-01T07:00:00+00:00,2026-08-02T11:19:53.277804+00:00,26,True,0.433,dangerous heat|heat wave,illness,False,city,,rss,True
9d6230ac2855,https://www.ivpressonline.com/opinion/opinion-healthcare-costs-are-surging-taxing-billionaires-will-help-californians-keep-their-coverage/article_8661f563-61d7-4a66-ba09-05be23a1e742.html,OPINION: Healthcare costs are surging. Taxing billionaires will help Californians keep their coverage,IV Press,2026-08-01T07:00:00+00:00,2026-08-02T11:19:53.277838+00:00,0,False,0.0,,none,False,none,,rss,True
02ed432eb67b,https://www.ivpressonline.com/news/cops-briefs-drug-arrest-nets-multiple-felony-allegations/article_b9c667aa-1768-4d9e-88e5-564d1d30109b.html,COPS BRIEFS: Drug arrest nets multiple felony allegations,IV Press,2026-08-01T07:00:00+00:00,2026-08-02T11:19:53.277866+00:00,3,False,0.05,,none,False,city,,rss,True
616817c19483,https://www.ivpressonline.com/news/mexicali-briefs-business-group-calls-for-independent-internal-affairs-oversight-to-combat-police-corruption/article_592e9601-0ece-4bd5-ab42-f87ee56051c2.html,MEXICALI BRIEFS: Business group calls for independent internal affairs oversight to combat police corruption,IV Press,2026-08-01T07:00:00+00:00,2026-08-02T11:19:53.277895+00:00,0,False,0.0,,none,False,none,,rss,True
fe8baaaabb93,https://www.ivpressonline.com/adelantevalle/el-centro-se-prepara-para-una-peligrosa-ola-de-calor-mientras-las-temperaturas-se-acercan/article_933dcd9f-af9a-43ac-b75d-3d8efaa8739f.html,El Centro se prepara para una peligrosa ola de calor mientras las temperaturas se acercan a los 118 grados este sábado,IV Press,2026-08-01T07:00:00+00:00,2026-08-02T11:19:53.277952+00:00,21,True,0.35,ola de calor,illness,False,city,,rss,True
648b3842e3da,https://www.ivpressonline.com/adelantevalle/el-salario-m-nimo-de-california-alcanzar-los-17-40-en-2027/article_81a87a91-f48b-4ef4-8573-cb346e664134.html,El salario mínimo de California alcanzará los $17.40 en 2027,IV Press,2026-08-01T07:00:00+00:00,2026-08-02T11:19:53.277996+00:00,0,False,0.0,,none,False,none,,rss,True
dd9afcd387e8,https://kyma.com/news/imperial-county/2026/08/03/brawley-police-equip-seniors-with-tools-to-fight-back-against-sophisticated-fraud-schemes/,Brawley PD equip seniors with tools to fight back against sophisticated fraud schemes,KYMA,2026-08-03T23:51:37+00:00,2026-08-04T12:03:55.617692+00:00,6,False,0.1,,none,False,city,,rss,True
a802c4789928,https://kyma.com/news/imperial-county/2026/08/03/iid-seeks-to-protect-water-rights-as-new-colorado-river-operating-plan-looms/,IID seeks to protect water rights as new Colorado River operating plan looms,KYMA,2026-08-03T19:36:34+00:00,2026-08-04T12:03:55.617800+00:00,3,False,0.05,,none,False,city,,rss,True
5a96b73fef6a,https://www.thedesertreview.com/online_features/press_releases/pointskash-begins-phase-one-of-national-kashpoint-infrastructure-rollout-with-acquisition-of-more-than-2/article_802af2a9-0f42-57c1-a944-e115b9692e32.html,"PointsKash Begins Phase One of National KashPoint™ Infrastructure Rollout with Acquisition of More Than 2,100 Cryptocurrency Kiosks",Desert Review,2026-08-04T04:00:00+00:00,2026-08-04T12:04:00.156816+00:00,0,False,0.0,,none,False,none,,rss,True
266bfa3bca33,https://www.thedesertreview.com/online_features/press_releases/privacy-alert-radia-inc-p-s-under-investigation-for-data-breach-of-records/article_bd918d3d-0d21-56e5-9677-5724da1b1950.html,"PRIVACY ALERT: Radia, Inc. P.S. Under Investigation for Data Breach of Records",Desert Review,2026-08-04T03:27:00+00:00,2026-08-04T12:04:00.156882+00:00,0,False,0.0,,none,False,none,,rss,True
d52f2aad4b31,https://www.thedesertreview.com/online_features/press_releases/privacy-alert-paidwork-under-investigation-for-data-breach-of-over-23-million-user-records/article_99715835-460c-5c2c-8a59-6c76b5e6bcc0.html,PRIVACY ALERT: Paidwork Under Investigation for Data Breach of Over 23 Million User Records,Desert Review,2026-08-04T03:13:00+00:00,2026-08-04T12:04:00.156936+00:00,0,False,0.0,,none,False,none,,rss,True
b7e274fe8b91,https://www.thedesertreview.com/online_features/press_releases/privacy-alert-amgen-under-investigation-for-data-breach-of-records/article_4769928d-c904-5a84-a85c-0f0cf8417ac5.html,PRIVACY ALERT: Amgen Under Investigation for Data Breach of Records,Desert Review,2026-08-04T03:09:00+00:00,2026-08-04T12:04:00.156988+00:00,0,False,0.0,,none,False,none,,rss,True
8b59f540bfcf,https://www.thedesertreview.com/online_features/press_releases/privacy-alert-lifespan-physicians-group-under-investigation-for-data-breach-of-over-290-000-patient/article_51d3e4e5-7e65-57e9-92fc-4be4a2b60a82.html,"PRIVACY ALERT: Lifespan Physicians Group Under Investigation for Data Breach of Over 290,000 Patient Records",Desert Review,2026-08-04T03:07:00+00:00,2026-08-04T12:04:00.157042+00:00,0,False,0.0,,none,False,none,,rss,True
91a87f4efc19,https://www.thedesertreview.com/online_features/press_releases/new-market-investment-corporation-expands-its-activities-in-kutztown/article_a17e963b-f53d-5943-b8f7-7295b40d7f7a.html,New Market Investment Corporation Expands Its Activities in Kutztown,Desert Review,2026-08-04T03:00:02+00:00,2026-08-04T12:04:00.157071+00:00,0,False,0.0,,none,False,none,,rss,False
43e181d17bfe,https://www.thedesertreview.com/online_features/press_releases/mindstir-media-takes-no-1-spot-in-manhattan-book-group-s-2026-best-self-publishing/article_10ffe4d6-b810-5840-a322-d6b33834c6e5.html,MindStir Media Takes No. 1 Spot in Manhattan Book Group’s 2026 Best Self-Publishing Companies Ranking,Desert Review,2026-08-04T03:00:02+00:00,2026-08-04T12:04:00.157119+00:00,0,False,0.0,,none,False,none,,rss,True
f8e0c7bb63c0,https://www.thedesertreview.com/online_features/press_releases/rmm-properties-expands-services-in-bowling-green/article_1a086852-b59f-536e-a74b-12735ad097ef.html,RMM Properties Expands Services in Bowling Green,Desert Review,2026-08-04T02:55:03+00:00,2026-08-04T12:04:00.157145+00:00,0,False,0.0,,none,False,none,,rss,False
a04c594293b3,https://www.thedesertreview.com/online_features/press_releases/grownsy-launches-babies-gotta-eat-to-recognize-the-different-ways-families-feed/article_409038dc-9adc-5e1a-93dd-d844cf81bd14.html,GROWNSY Launches “Babies Gotta Eat!” to Recognize the Different Ways Families Feed,Desert Review,2026-08-04T02:55:02+00:00,2026-08-04T12:04:00.157177+00:00,0,False,0.0,,none,False,none,,rss,False
44e713fd9799,https://www.thedesertreview.com/online_features/press_releases/thebuzzblast-editor-in-chief-john-reflects-on-15-years-in-pr-behind-buzzblast-campaigns/article_6df09da7-87ed-508a-afa1-2a3ece57e6a3.html,TheBuzzBlast Editor in Chief John Reflects on 15 Years in PR Behind BuzzBlast Campaigns,Desert Review,2026-08-04T02:55:02+00:00,2026-08-04T12:04:00.157205+00:00,0,False,0.0,,none,False,none,,rss,False
33d011753141,https://www.thedesertreview.com/online_features/press_releases/christ-academy-equips-believers-worldwide-through-multimedia-biblical-resources/article_30043cb9-c871-56b4-a145-2ac22a3934dd.html,Christ Academy Equips Believers Worldwide Through Multimedia Biblical Resources,Desert Review,2026-08-04T02:55:02+00:00,2026-08-04T12:04:00.157233+00:00,0,False,0.0,,none,False,none,,rss,False
1cf096040648,https://www.thedesertreview.com/online_features/press_releases/estero-island-partners-expands-its-activities-in-eagan/article_d9ffd3b7-f084-57e3-99b5-b84a0f872327.html,Estero Island Partners Expands Its Activities in Eagan,Desert Review,2026-08-04T02:50:03+00:00,2026-08-04T12:04:00.157258+00:00,0,False,0.0,,none,False,none,,rss,False
f46a606b3176,https://www.thedesertreview.com/online_features/press_releases/construction-consultants-of-south-florida-expands-services-in-west-palm-beach/article_baf23626-cd2e-53c3-af56-2db3a09559d4.html,Construction Consultants of South Florida Expands Services in West Palm Beach,Desert Review,2026-08-04T02:45:02+00:00,2026-08-04T12:04:00.157285+00:00,0,False,0.0,,none,False,none,,rss,False
bab2c32ea8d7,https://www.thedesertreview.com/online_features/press_releases/constructed-compliance-expands-services-in-naples/article_a28eaa32-1bed-5243-a7e6-a2e6c5d40efa.html,Constructed Compliance Expands Services in Naples,Desert Review,2026-08-04T02:40:02+00:00,2026-08-04T12:04:00.157311+00:00,0,False,0.0,,none,False,none,,rss,False
94ac89de0e1c,https://www.thedesertreview.com/online_features/press_releases/digital-builds-construction-expands-services-in-fort-lauderdale/article_f9c666a4-40b5-5fda-a511-35bae8a89a4c.html,Digital Builds Construction Expands Services in Fort Lauderdale,Desert Review,2026-08-04T02:35:02+00:00,2026-08-04T12:04:00.157337+00:00,0,False,0.0,,none,False,none,,rss,False
eb75cb924ef2,https://www.thedesertreview.com/online_features/press_releases/digitalarch-expands-services-in-boca-raton/article_213e625d-38d7-5032-aab7-392ae6cca3b3.html,DigitalArch Expands Services in Boca Raton,Desert Review,2026-08-04T02:30:03+00:00,2026-08-04T12:04:00.157361+00:00,0,False,0.0,,none,False,none,,rss,False
f3dc984cec12,https://www.thedesertreview.com/online_features/press_releases/style-site-optical-offers-99-complete-back-to-school-eye-exam-package-for-kids-through/article_81b81ebe-711f-545f-855a-c9d5e6fdf3b6.html,Style Site Optical Offers $99 Complete Back-to-School Eye Exam Package for Kids Through August 30,Desert Review,2026-08-04T02:25:02+00:00,2026-08-04T12:04:00.157390+00:00,0,False,0.0,,none,False,none,,rss,False
fa29281412e6,https://www.thedesertreview.com/online_features/press_releases/rn-jobforce-launches-ai-powered-talent-acquisition-platform-to-improve-how-employers-connect-with-skilled/article_4598fb2f-9c1d-502c-827e-b93b57bb592a.html,RN Jobforce Launches AI-Powered Talent Acquisition Platform to Improve How Employers Connect With Skilled Candidates,Desert Review,2026-08-04T02:25:02+00:00,2026-08-04T12:04:00.157439+00:00,3,False,0.05,,none,False,none,,rss,True
dc3beab690f1,https://www.thedesertreview.com/online_features/press_releases/digital-accelerators-expands-services-in-pensacola/article_a9426504-1af9-5b94-83ce-d7be84c61f03.html,Digital Accelerators Expands Services in Pensacola,Desert Review,2026-08-04T02:25:02+00:00,2026-08-04T12:04:00.157466+00:00,0,False,0.0,,none,False,none,,rss,False
85af6d8340f9,https://www.thedesertreview.com/online_features/press_releases/government-auction-highlights-outdoor-recreation-opportunities-with-undeveloped-land-in-costilla-county-colorado/article_3f4fbf87-956b-566d-915b-6366d9c8c0cb.html,Government Auction Highlights Outdoor Recreation Opportunities With Undeveloped Land in Costilla County Colorado,Desert Review,2026-08-04T02:19:56+00:00,2026-08-04T12:04:00.157496+00:00,0,False,0.0,,none,False,none,,rss,False
a121161b9881,https://www.thedesertreview.com/online_features/press_releases/government-auction-highlights-outdoor-recreation-opportunities-with-undeveloped-land-in-kern-county-california/article_5b45bf70-c7e6-5e9f-a807-4b78e197f174.html,Government Auction Highlights Outdoor Recreation Opportunities With Undeveloped Land in Kern County California,Desert Review,2026-08-04T02:19:24+00:00,2026-08-04T12:04:00.157523+00:00,0,False,0.0,,none,False,none,,rss,False
721ccc18674b,https://www.thedesertreview.com/online_features/press_releases/awaken-chiropractic-announces-august-kids-month-offering-complimentary-assessments-for-children-under-18/article_250f37fe-1d17-544e-b2b7-1b735d4b7561.html,Awaken Chiropractic Announces August Kids’ Month Offering Complimentary Assessments For Children Under 18,Desert Review,2026-08-04T02:20:04+00:00,2026-08-04T12:04:00.157558+00:00,0,False,0.0,,none,False,none,,rss,False
dde2e2269ca8,https://www.thedesertreview.com/online_features/press_releases/back-to-school-dental-care-overview-released-by-boston-dental/article_c393d157-4f39-5f97-8d47-70cd9ba2174d.html,Back-to-School Dental Care Overview Released by Boston Dental,Desert Review,2026-08-04T02:19:58+00:00,2026-08-04T12:04:00.157584+00:00,0,False,0.0,,none,False,none,,rss,False
c0bbb2ab5118,https://www.thedesertreview.com/online_features/press_releases/veneers-in-boston-a-guide-from-boston-dental/article_0c655587-2178-5377-9938-96df314fd076.html,Veneers in Boston: A Guide from Boston Dental,Desert Review,2026-08-04T02:19:58+00:00,2026-08-04T12:04:00.157608+00:00,0,False,0.0,,none,False,none,,rss,False
07ea1d5958d1,https://www.thedesertreview.com/online_features/press_releases/ascend-family-chiropractic-highlights-sports-chiropractic-care-in-pierce-county-wa/article_45e4a335-9dcc-5ff9-84db-b95dab3d9ca0.html,"Ascend Family Chiropractic Highlights Sports Chiropractic Care in Pierce County, WA",Desert Review,2026-08-04T02:19:57+00:00,2026-08-04T12:04:00.157636+00:00,0,False,0.0,,none,False,none,,rss,False
274b0dee84be,https://kyma.com/news/imperial-county/2026/08/04/back-to-school-shopping-begins-for-imperial-county-students/,Back to school shopping begins for Imperial County students,KYMA,2026-08-05T00:00:53+00:00,2026-08-05T12:01:58.003215+00:00,6,False,0.1,,none,False,city,,rss,True
87de24b423d5,https://kyma.com/decision-politics/local-politics/2026/08/04/colab-and-imperial-county-registrar-of-voters-hosts-candidate-training-workshop/,COLAB and Imperial County Registrar of Voters hosts Candidate Training Workshop,KYMA,2026-08-04T18:39:43+00:00,2026-08-05T12:01:58.003304+00:00,6,False,0.1,,none,False,city,,rss,True
7590deff20b6,https://kyma.com/news/imperial-county/2026/08/03/mobile-hydration-teams-bring-relief-to-imperial-county/,Mobile hydration teams bring relief to Imperial County,KYMA,2026-08-04T02:58:28+00:00,2026-08-05T12:01:58.003370+00:00,6,False,0.1,,none,False,city,,rss,True
3bd3214161ac,https://www.ivpressonline.com/opinion/opinion-how-california-voters-can-reform-misused-environmental-law-to-boost-needed-projects/article_ec41f2cf-4966-4e6e-8ed4-32dba1733e9d.html,OPINION: How California voters can reform misused environmental law to boost needed projects,IV Press,2026-08-05T07:00:00+00:00,2026-08-05T12:02:00.387298+00:00,0,False,0.0,,none,False,none,,rss,True
7ed1ab2e2424,https://www.ivpressonline.com/opinion/life-out-here-dude-just-apologize/article_81227511-b1ec-4fd9-827a-9eeee5461236.html,"LIFE OUT HERE: Dude, just apologize",IV Press,2026-08-05T07:00:00+00:00,2026-08-05T12:02:00.387334+00:00,0,False,0.0,,none,False,none,,rss,True
417bd392446e,https://www.ivpressonline.com/news/imperial-to-honor-late-mayor-betty-sampson-for-28-years-of-dedicated-public-service/article_fa33459a-7b83-4651-9305-e767c11cc723.html,Imperial to honor late Mayor Betty Sampson for 28 years of dedicated public service,IV Press,2026-08-05T07:00:00+00:00,2026-08-05T12:02:00.387390+00:00,3,False,0.05,,none,False,city,,rss,True
01db67b61258,https://www.ivpressonline.com/news/cops-briefs-man-arrested-facing-stalking-and-repeated-trespassing-allegations/article_4c745da1-3f40-45f9-b51f-1a811db5eb01.html,COPS BRIEFS: Man arrested facing stalking and repeated trespassing allegations,IV Press,2026-08-05T07:00:00+00:00,2026-08-05T12:02:00.387421+00:00,3,False,0.05,,none,False,city,,rss,True
f51c04f3ed8a,https://www.ivpressonline.com/adelantevalle/habla-alcalde-de-calexico-sobre-negocios-en-la-ciudad/article_dca8c79b-5e07-4663-8b8f-9fd8bba704d5.html,Habla Alcalde de Calexico sobre negocios en la ciudad,IV Press,2026-08-05T07:00:00+00:00,2026-08-05T12:02:00.387472+00:00,3,False,0.05,,none,False,city,,rss,True
3653105a19d8,https://www.ivpressonline.com/adelantevalle/exoficial-de-prisiones-del-condado-de-imperial-nombrado-alcaide-de-la-prisi-n-estatal-de/article_9324e13e-b36a-49c8-a447-23ad9ef67199.html,Exoficial de prisiones del condado de Imperial nombrado alcaide de la prisión estatal de Mule Creek,IV Press,2026-08-05T07:00:00+00:00,2026-08-05T12:02:00.387529+00:00,3,False,0.05,,none,False,city,,rss,True
f98451cd16f4,https://www.ivpressonline.com/adelantevalle/aborda-brawley-preocupaciones-del-p-blico-sobre-la-reparaci-n-del-aire-acondicionado-de-la/article_642690ee-b306-422d-9051-fb3b3bd1cae3.html,Aborda Brawley preocupaciones del público sobre la reparación del aire acondicionado de la biblioteca,IV Press,2026-08-05T07:00:00+00:00,2026-08-05T12:02:00.387582+00:00,3,False,0.05,,none,False,city,,rss,True
e1ed04d616a3,https://www.ivpressonline.com/news/el-centro-voters-to-decide-on-half-cent-sales-tax-increase-to-fund-public-safety/article_dfeb0609-0cfb-43e9-8be7-0ea81aca1953.html,El Centro voters to decide on half-cent sales tax increase to fund public safety and city services,IV Press,2026-08-05T07:00:00+00:00,2026-08-05T12:02:00.387633+00:00,3,False,0.05,,none,False,city,,rss,True
6c72c33c94d3,https://www.ivpressonline.com/adelantevalle/anuncian-guilas-retorno-de-alex-mej-a/article_a7cfe41b-43ac-4146-a861-92e292afedfb.html,Anuncian Águilas retorno de Alex Mejía,IV Press,2026-08-05T07:00:00+00:00,2026-08-05T12:02:00.387672+00:00,0,False,0.0,,none,False,none,,rss,True
cb07abab9eae,https://www.ivpressonline.com/news/convicted-smuggler-back-in-custody-after-25-undocumented-migrants-found-packed-in-two-vehicles/article_3bb7de7e-1c49-4a91-af13-24c6a337f791.html,Convicted smuggler back in custody after 25 undocumented migrants found packed in two vehicles,IV Press,2026-08-05T07:00:00+00:00,2026-08-05T12:02:00.387717+00:00,3,False,0.05,,none,False,city,,rss,True
77b26af4e60d,https://www.ivpressonline.com/adelantevalle/contrabandista-condenado-vuelve-a-estar-bajo-custodia-tras-el-hallazgo-de-25-migrantes-indocumentados-hacinados/article_9575e209-039d-4459-a35a-ea1481082eef.html,Contrabandista condenado vuelve a estar bajo custodia tras el hallazgo de 25 migrantes indocumentados hacinados en dos vehículos,IV Press,2026-08-05T07:00:00+00:00,2026-08-05T12:02:00.387786+00:00,3,False,0.05,,none,False,city,,rss,True
7c85e0c6d572,https://www.ivpressonline.com/news/brawley-addresses-public-concerns-over-library-ac-repair-and-extreme-heat-relief-options/article_a1c12a0e-72e9-4c7d-95bf-2e3c92b12632.html,Brawley addresses public concerns over library AC repair and extreme heat relief options,IV Press,2026-08-05T07:00:00+00:00,2026-08-05T12:02:00.387844+00:00,18,True,0.3,extreme heat,illness,False,city,,rss,True
9e915b8f33c8,https://www.ivpressonline.com/news/mexicali-briefs-cetys-university-graduates-outperform-national-average-in-ceneval-academic-excellence-awards/article_1f964fd1-5cd4-41ec-8865-37e2b7656414.html,MEXICALI BRIEFS: CETYS University graduates outperform national average in CENEVAL Academic Excellence Awards,IV Press,2026-08-05T07:00:00+00:00,2026-08-05T12:02:00.387876+00:00,0,False,0.0,,none,False,none,,rss,True
c15b75aa1338,https://www.ivpressonline.com/news/mana-de-imperial-valley-names-2026-las-primeras-honorees-ahead-of-annual-gala/article_d5b12ede-d358-44fb-a65e-ecb92247ba0f.html,MANA de Imperial Valley names 2026 ‘Las Primeras’ honorees ahead of annual gala,IV Press,2026-08-05T07:00:00+00:00,2026-08-05T12:02:00.387930+00:00,6,False,0.1,,none,False,city,,rss,True
b2c7b4fee54c,https://www.ivpressonline.com/adelantevalle/decidir-n-votantes-de-el-centro-aumento-de-medio-centavo-al-impuesto-a-las-ventas/article_6632ec5f-019a-45cd-84b0-82b5db5d70b9.html,Decidirán votantes de El Centro aumento de medio centavo al impuesto a las ventas,IV Press,2026-08-05T07:00:00+00:00,2026-08-05T12:02:00.387983+00:00,3,False,0.05,,none,False,city,,rss,True
1aa4c5cb9323,https://www.ivpressonline.com/adelantevalle/el-torneo-inaugural-de-golf-embrace-alcanza-su-capacidad-m-xima-para-apoyar-a-familias/article_5d3a7890-f4fd-4e45-a055-72e86550fb1e.html,El Torneo Inaugural de Golf Embrace alcanza su capacidad máxima para apoyar a familias locales durante las fiestas,IV Press,2026-08-05T07:00:00+00:00,2026-08-05T12:02:00.388029+00:00,3,False,0.05,,none,False,city,,rss,True
f0e3762c7178,https://www.ivpressonline.com/adelantevalle/mana-de-imperial-valley-nombra-a-las-galardonadas-las-primeras-2026-antes-de-su-gala/article_0e91f47e-5795-41d4-b07a-b55188d5bc67.html,MANA de Imperial Valley nombra a las galardonadas ‘Las Primeras’ 2026 antes de su gala anual,IV Press,2026-08-05T07:00:00+00:00,2026-08-05T12:02:00.388081+00:00,6,False,0.1,,none,False,city,,rss,True
4318a8a13953,https://www.ivpressonline.com/news/colab-hosts-political-candidate-training-workshop/article_36d0c7fc-0b47-4d2e-868b-6afa5e19d5d8.html,COLAB hosts political candidate training workshop,IV Press,2026-08-05T07:00:00+00:00,2026-08-05T12:02:00.388127+00:00,6,False,0.1,,none,False,city,,rss,True
3cf64dd2c2ec,https://www.ivpressonline.com/news/calexico-mayor-legaspi-gets-serious-about-business/article_d8532b1e-d282-4130-b12e-3bf66ae3eca7.html,Calexico Mayor Legaspi gets serious about business,IV Press,2026-08-05T07:00:00+00:00,2026-08-05T12:02:00.388172+00:00,3,False,0.05,,none,False,city,,rss,True
f919baa250f1,https://www.ivpressonline.com/online_features/press_releases/dnotitias-seahorse-ai-storage-wins-ai-application-award-at-fms-2026/article_4ed413d9-7409-5e08-85a5-eb7d7234cfa7.html,Dnotitia's Seahorse AI Storage Wins AI Application Award at FMS 2026,IV Press,2026-08-05T03:46:00+00:00,2026-08-05T12:02:00.388212+00:00,0,False,0.0,,none,False,none,,rss,True
b260e252e79f,https://www.ivpressonline.com/online_features/press_releases/rhino-restoration-of-georgia-opens-second-location-in-woodstock-ga/article_c565b942-aa37-5683-bf52-38897dceb8e6.html,"Rhino Restoration of Georgia Opens Second Location in Woodstock, GA",IV Press,2026-08-05T03:30:02+00:00,2026-08-05T12:02:00.388238+00:00,0,False,0.0,,none,False,none,,rss,False
e774f604a779,https://www.ivpressonline.com/online_features/press_releases/leadlift-media-launches-broad-european-pilot-and-shifts-toward-ai-voice-agents/article_2a6b36a8-6aa4-5d80-8511-9b37f220e911.html,LeadLift Media Launches Broad European Pilot and Shifts Toward AI Voice Agents,IV Press,2026-08-05T03:30:02+00:00,2026-08-05T12:02:00.388264+00:00,0,False,0.0,,none,False,none,,rss,False
84c1ec8060be,https://www.ivpressonline.com/online_features/press_releases/five-leading-ai-models-independently-identify-happlicant-as-a-top-ats-crm-for-independent-recruiters/article_34cf311f-8076-53d8-a0dc-88d30db18927.html,Five Leading AI Models Independently Identify Happlicant as a Top ATS & CRM for Independent Recruiters,IV Press,2026-08-05T02:55:02+00:00,2026-08-05T12:02:00.388294+00:00,0,False,0.0,,none,False,none,,rss,False
12e6a4ca5594,https://www.ivpressonline.com/online_features/press_releases/robert-lawrence-vancouver-reviews-nook-coal-harbour-s-bolognese-and-tiramisu/article_7beb6571-2574-5668-8bf0-a29c082bc242.html,Robert Lawrence Vancouver Reviews Nook Coal Harbour’s Bolognese and Tiramisu,IV Press,2026-08-05T02:50:03+00:00,2026-08-05T12:02:00.388331+00:00,0,False,0.0,,none,False,none,,rss,True
c90ea5136bf4,https://www.ivpressonline.com/online_features/press_releases/betsy-ross-flags-restocked-as-america-s-250th-anniversary-fuels-demand-at-star-spangled-flags/article_8d1e9f23-e631-5095-8f90-1459f4ac3e2d.html,Betsy Ross Flags Restocked as America’s 250th Anniversary Fuels Demand at Star Spangled Flags,IV Press,2026-08-05T02:40:02+00:00,2026-08-05T12:02:00.388376+00:00,0,False,0.0,,none,False,none,,rss,True
1fc49e881b32,https://www.thedesertreview.com/news/state/movies-and-tv-shows-casting-this-week-in-san-diego/article_7cf9f817-c556-5318-b64e-4c4ae8aa7a0a.html,Movies and TV shows casting this week in San Diego,Desert Review,2026-08-05T09:06:00+00:00,2026-08-05T12:02:02.714385+00:00,0,False,0.0,,none,False,none,,rss,True
61fe406bef7d,https://www.thedesertreview.com/news/state/movies-and-tv-shows-casting-this-week-in-san-francisco/article_abea4453-72f4-5267-91f4-11e879fdd197.html,Movies and TV shows casting this week in San Francisco,Desert Review,2026-08-05T09:06:00+00:00,2026-08-05T12:02:02.714426+00:00,0,False,0.0,,none,False,none,,rss,True
4b1761f967e7,https://www.thedesertreview.com/news/state/movies-and-tv-shows-casting-this-week-in-los-angeles/article_903146dd-1d6b-5514-858a-41ff45b8636b.html,Movies and TV shows casting this week in Los Angeles,Desert Review,2026-08-05T09:06:00+00:00,2026-08-05T12:02:02.714459+00:00,0,False,0.0,,none,False,none,,rss,True
3b4a7443c827,https://www.thedesertreview.com/online_features/press_releases/dnotitias-seahorse-ai-storage-wins-ai-application-award-at-fms-2026/article_39aee467-a908-58eb-94d7-e560aba9a656.html,Dnotitia's Seahorse AI Storage Wins AI Application Award at FMS 2026,Desert Review,2026-08-05T03:46:00+00:00,2026-08-05T12:02:02.714501+00:00,0,False,0.0,,none,False,none,,rss,True
3dc6522ec21f,https://www.thedesertreview.com/online_features/press_releases/leadlift-media-launches-broad-european-pilot-and-shifts-toward-ai-voice-agents/article_74d08146-95aa-5ed1-9a20-d587d3c51652.html,LeadLift Media Launches Broad European Pilot and Shifts Toward AI Voice Agents,Desert Review,2026-08-05T03:30:02+00:00,2026-08-05T12:02:02.714528+00:00,0,False,0.0,,none,False,none,,rss,False
73cfd7de34ff,https://www.thedesertreview.com/online_features/press_releases/rhino-restoration-of-georgia-opens-second-location-in-woodstock-ga/article_1881ca98-c3cc-5591-a763-f072978b2218.html,"Rhino Restoration of Georgia Opens Second Location in Woodstock, GA",Desert Review,2026-08-05T03:30:02+00:00,2026-08-05T12:02:02.714554+00:00,0,False,0.0,,none,False,none,,rss,False
c0a127a91f8d,https://www.thedesertreview.com/news/national/progressive-lawrence-notches-battleground-challenge/article_757a5254-17f4-5f7d-8989-2bb8cb54306f.html,Progressive Lawrence notches battleground challenge,Desert Review,2026-08-05T03:14:00+00:00,2026-08-05T12:02:02.714602+00:00,0,False,0.0,,none,False,none,,rss,True
034f39196c7b,https://www.thedesertreview.com/news/national/michigan-democratic-senate-primary-remains-too-close-to-call/article_d9ef8f35-979f-5181-96fc-769885ca13d6.html,Michigan Democratic Senate primary remains too close to call,Desert Review,2026-08-05T03:00:00+00:00,2026-08-05T12:02:02.714651+00:00,0,False,0.0,,none,False,none,,rss,True
5b12b4fcf3e9,https://www.thedesertreview.com/online_features/press_releases/five-leading-ai-models-independently-identify-happlicant-as-a-top-ats-crm-for-independent-recruiters/article_3e2f1119-629a-524c-a7a8-5702a343a66f.html,Five Leading AI Models Independently Identify Happlicant as a Top ATS & CRM for Independent Recruiters,Desert Review,2026-08-05T02:55:02+00:00,2026-08-05T12:02:02.714681+00:00,0,False,0.0,,none,False,none,,rss,False
948f48fc826e,https://www.thedesertreview.com/online_features/press_releases/robert-lawrence-vancouver-reviews-nook-coal-harbour-s-bolognese-and-tiramisu/article_80ddfe1b-d83d-5d94-8952-8fd828efee40.html,Robert Lawrence Vancouver Reviews Nook Coal Harbour’s Bolognese and Tiramisu,Desert Review,2026-08-05T02:50:03+00:00,2026-08-05T12:02:02.714721+00:00,0,False,0.0,,none,False,none,,rss,True
36e8783f04a5,https://www.thedesertreview.com/online_features/press_releases/betsy-ross-flags-restocked-as-america-s-250th-anniversary-fuels-demand-at-star-spangled-flags/article_3afdfdcc-639c-51fc-a79a-cdd97272bbf5.html,Betsy Ross Flags Restocked as America’s 250th Anniversary Fuels Demand at Star Spangled Flags,Desert Review,2026-08-05T02:40:02+00:00,2026-08-05T12:02:02.714789+00:00,0,False,0.0,,none,False,none,,rss,True
6f07c4646ab2,https://www.thedesertreview.com/online_features/press_releases/new-industry-report-what-contractors-should-know-before-choosing-an-aggregate-supplier-in-houston/article_037cb4e2-f16c-5495-87bd-84b32bff4599.html,New Industry Report: What Contractors Should Know Before Choosing an Aggregate Supplier in Houston,Desert Review,2026-08-05T02:05:02+00:00,2026-08-05T12:02:02.714824+00:00,0,False,0.0,,none,False,none,,rss,True
c4cfbcafa195,https://www.thedesertreview.com/news/national/benson-james-win-michigan-gubernatorial-primaries/article_8a4a085f-6d00-5baa-96b5-e6d3333e7ecb.html,"Benson, James win Michigan gubernatorial primaries",Desert Review,2026-08-05T01:59:00+00:00,2026-08-05T12:02:02.714874+00:00,0,False,0.0,,none,False,none,,rss,True
38b9c6e4eff3,https://www.thedesertreview.com/online_features/press_releases/starry-venus-unveils-do-you-feel-it-eric-kupper-remix-bringing-the-spark-to-the/article_7ac7ba1a-8c4c-5f28-9e2e-cc4fe962b0f2.html,"Starry Venus Unveils ""Do You Feel It (Eric Kupper Remix)"" — Bringing the Spark to the Dance Floor",Desert Review,2026-08-05T02:00:00+00:00,2026-08-05T12:02:02.714907+00:00,0,False,0.0,,none,False,none,,rss,False
c6fbd9c87aa1,https://www.thedesertreview.com/online_features/press_releases/agile-nobel-launches-advanced-differential-pressure-switch/article_553286f7-1d3a-5a80-98df-7bb0ec231a49.html,Agile Nobel Launches Advanced Differential Pressure Switch,Desert Review,2026-08-05T01:55:02+00:00,2026-08-05T12:02:02.714932+00:00,0,False,0.0,,none,False,none,,rss,False
43272bad6aca,https://www.thedesertreview.com/online_features/press_releases/bee-chems-introduces-advanced-silica-gel-solutions-for-industries/article_e607edd7-7875-56ef-9713-f5a8fe3660ab.html,Bee Chems Introduces Advanced Silica Gel Solutions for Industries,Desert Review,2026-08-05T01:45:01+00:00,2026-08-05T12:02:02.714957+00:00,0,False,0.0,,none,False,none,,rss,False
345b73c24c29,https://www.thedesertreview.com/online_features/press_releases/sara-s-world-returns-with-a-fresh-season-of-family-adventures-and-kids-entertainment/article_315155f3-e45a-5e20-b5ae-f89c00a64a0a.html,Sara’s World Returns with a Fresh Season of Family Adventures and Kids’ Entertainment,Desert Review,2026-08-05T01:40:02+00:00,2026-08-05T12:02:02.714988+00:00,0,False,0.0,,none,False,none,,rss,False
89cc83f78c58,https://www.thedesertreview.com/online_features/press_releases/federal-court-sides-with-the-publics-right-to-know-in-gmo-bioengineered-food-labeling-case/article_6dc56f6d-1b4b-5741-9d3e-3572a7008d6f.html,Federal Court Sides with the Public's Right to Know in GMO/Bioengineered Food Labeling Case,Desert Review,2026-08-05T01:33:00+00:00,2026-08-05T12:02:02.715027+00:00,0,False,0.0,,none,False,none,,rss,True
148dbf554253,https://www.thedesertreview.com/online_features/press_releases/aixcrypto-announces-second-quarter-2026-earnings-conference-call-details/article_5f2258bf-7a4a-52ac-b0c2-c7027e05ff0c.html,AIxCrypto Announces Second Quarter 2026 Earnings Conference Call Details,Desert Review,2026-08-05T01:35:00+00:00,2026-08-05T12:02:02.715081+00:00,0,False,0.0,,none,False,none,,rss,True
a73fec371e08,https://www.thedesertreview.com/online_features/press_releases/diembassy-ceo-dr-linda-pajoel-delivers-keynote-on-artificial-intelligence-at-executive-leadership-retreat-in/article_9925d94d-db8b-5c1f-a03e-7b9f6a117045.html,Diembassy CEO Dr. Linda Pajoel Delivers Keynote on Artificial Intelligence at Executive Leadership Retreat in Tanzania,Desert Review,2026-08-05T01:00:04+00:00,2026-08-05T12:02:02.715113+00:00,0,False,0.0,,none,False,none,,rss,False
c44407e7f817,https://www.thedesertreview.com/online_features/press_releases/city-ventilations-expands-energy-efficient-hvac-services-across-central-new-jersey/article_98aebf73-5c12-5354-b6f4-3b656aa35b19.html,City Ventilations Expands Energy-Efficient HVAC Services Across Central New Jersey,Desert Review,2026-08-05T01:00:04+00:00,2026-08-05T12:02:02.715152+00:00,0,False,0.0,,none,False,none,,rss,True
e9d323c83e48,https://www.thedesertreview.com/online_features/press_releases/prof-robert-stewart-ph-d-raises-questions-about-abridge-ai-and-patient-privacy/article_9ac7bd5b-d158-5199-85bf-b852f25b80a4.html,Prof. Robert Stewart Ph.D. Raises Questions About ABRIDGE AI and Patient Privacy,Desert Review,2026-08-05T00:55:03+00:00,2026-08-05T12:02:02.715188+00:00,0,False,0.0,,none,False,none,,rss,True
aa96c4a623a0,https://www.thedesertreview.com/online_features/press_releases/new-free-service-helps-uk-homeowners-challenge-underpaid-water-damage-claims/article_f0f87f10-4418-5dde-af3d-e817df71cbcc.html,New free service helps UK homeowners challenge underpaid water damage claims,Desert Review,2026-08-05T00:55:03+00:00,2026-08-05T12:02:02.715214+00:00,0,False,0.0,,none,False,none,,rss,False
62f1574f24ad,https://www.thedesertreview.com/online_features/press_releases/great-state-roofing-issues-hail-and-wind-damage-guidance-for-mooresville-and-hickory-homeowners/article_9f7717e3-f101-5e2c-a5b1-eb77d4ff12ab.html,Great State Roofing Issues Hail and Wind Damage Guidance for Mooresville and Hickory Homeowners,Desert Review,2026-08-05T00:54:59+00:00,2026-08-05T12:02:02.715249+00:00,0,False,0.0,,none,False,none,,rss,True
429c4081a123,https://www.thedesertreview.com/online_features/press_releases/pet-legacy-portraits-creates-museum-quality-ai-watercolor-pet-portraits-from-northern-virginia/article_c100f4fb-ea10-5518-8015-b54fb3f4a21a.html,Pet Legacy Portraits Creates Museum-Quality AI Watercolor Pet Portraits From Northern Virginia,Desert Review,2026-08-05T00:43:52+00:00,2026-08-05T12:02:02.715280+00:00,0,False,0.0,,none,False,none,,rss,True
b58056693fe7,https://kyma.com/news/imperial-county/2026/08/05/severe-specialist-shortage-forces-imperial-valley-patients-to-choose-between-long-travels-or-no-care/,Severe specialist shortage forces Imperial Valley patients to choose between long travels or no care,KYMA,2026-08-06T01:56:21+00:00,2026-08-06T12:04:50.617941+00:00,6,False,0.1,,none,False,city,,rss,True
a8f852a4fdac,https://kyma.com/news/imperial-county/2026/08/05/summer-heat-drives-dangerous-spikes-in-ground-level-ozone-across-imperial-county/,Summer heat drives dangerous spikes in ground-level ozone across Imperial County,KYMA,2026-08-05T22:16:54+00:00,2026-08-06T12:04:50.618055+00:00,6,False,0.1,,none,False,city,,rss,True
afed56d784fa,https://kyma.com/news/imperial-county/2026/08/05/imperial-valley-9-11-memorial-stair-climb-happening-next-month/,Imperial Valley 9/11 Memorial Stair Climb happening next month,KYMA,2026-08-05T18:58:20+00:00,2026-08-06T12:04:50.618120+00:00,6,False,0.1,,none,False,city,,rss,True
260743d54ae6,https://kyma.com/education/imperial-education/2026/08/06/back-to-school-supply-drive-and-fashion-show-coming-to-the-imperial-valley-mall/,Back to school supply drive and fashion show coming to the Imperial valley Mall,KYMA,2026-08-07T01:27:38+00:00,2026-08-07T10:57:06.344259+00:00,6,False,0.1,,none,False,city,,rss,True
5a87ca7131d3,https://kyma.com/education/imperial-education/2026/08/06/brawley-high-student-takes-local-leadership-to-national-stage/,Brawley High student takes local leadership to national stage,KYMA,2026-08-07T00:21:30+00:00,2026-08-07T10:57:06.344340+00:00,6,False,0.1,,none,False,city,,rss,True
635d354eee5b,https://www.thedesertreview.com/online_features/press_releases/avenroth-hybrid-publishers-launches-as-premium-hybrid-publishing-imprint-of-mindstir-media/article_351821cc-cf2b-5f12-a753-7d3f9755f38e.html,Avenroth Hybrid Publishers Launches as Premium Hybrid Publishing Imprint of MindStir Media,Desert Review,2026-08-07T04:25:03+00:00,2026-08-07T10:57:11.178290+00:00,0,False,0.0,,none,False,none,,rss,False
15442eec9832,https://www.thedesertreview.com/online_features/press_releases/divine-design-landscaping-sees-year-round-demand-shift-in-phoenix-az-yards/article_8b012da8-e58f-5c70-a278-6e6a279a5002.html,Divine Design Landscaping Sees Year Round Demand Shift in Phoenix AZ Yards,Desert Review,2026-08-07T04:25:03+00:00,2026-08-07T10:57:11.178325+00:00,0,False,0.0,,none,False,none,,rss,False
47deb89a698f,https://www.thedesertreview.com/online_features/press_releases/embark-behavioral-health-expands-specialized-ocd-treatment-in-greenwood-village/article_84d11c35-83e7-53b6-9320-c9efbd72cf4d.html,Embark Behavioral Health Expands Specialized OCD Treatment in Greenwood Village,Desert Review,2026-08-07T04:15:03+00:00,2026-08-07T10:57:11.178355+00:00,0,False,0.0,,none,False,none,,rss,False
c800a0a8c012,https://www.thedesertreview.com/online_features/press_releases/devco-development-engineering-welcomes-directional-boring-san-diego-into-the-devco-family/article_8e233c94-564e-5f24-8b3a-37ce051e8f50.html,DEVCO Development & Engineering Welcomes Directional Boring San Diego Into the DEVCO Family,Desert Review,2026-08-07T04:15:03+00:00,2026-08-07T10:57:11.178386+00:00,0,False,0.0,,none,False,none,,rss,False
8841828f7dd7,https://www.thedesertreview.com/online_features/press_releases/dallas-dwi-lawyer-helps-drivers-address-the-alr-hearing-deadline/article_58a30758-4b90-5745-b0a4-92c409bffcb9.html,Dallas DWI Lawyer Helps Drivers Address The ALR Hearing Deadline,Desert Review,2026-08-07T04:10:02+00:00,2026-08-07T10:57:11.178413+00:00,0,False,0.0,,none,False,none,,rss,False
1ca004fae15a,https://www.thedesertreview.com/online_features/press_releases/what-negotiating-his-first-big-deal-taught-dee-agarwal-about-preparation/article_3d5bc410-23f6-5569-b7fb-054adfe913e4.html,What Negotiating His First Big Deal Taught Dee Agarwal About Preparation,Desert Review,2026-08-07T04:10:02+00:00,2026-08-07T10:57:11.178450+00:00,0,False,0.0,,none,False,none,,rss,True
ad2dfafb8cc1,https://www.thedesertreview.com/online_features/press_releases/grip-it-twist-it-glide-it-flip-it-ladyspot-launches-spinduo-a-body-shaver-built/article_af0bb336-209a-58ec-bb9f-11347c1fffcc.html,"Grip it. Twist it. Glide it. Flip it – LADYSPOT Launches SpinDuo, a Body Shaver Built for Women’s Geometry",Desert Review,2026-08-07T04:10:02+00:00,2026-08-07T10:57:11.178496+00:00,0,False,0.0,,none,False,none,,rss,True
85cd305eae9d,https://www.thedesertreview.com/online_features/press_releases/studyremote-expands-free-anki-study-resource-library-for-premed-and-medical-students/article_b76a6cd1-6a2c-5a2c-b977-a316ff2d5094.html,StudyRemote Expands Free Anki Study Resource Library for Premed and Medical Students,Desert Review,2026-08-07T04:10:02+00:00,2026-08-07T10:57:11.178550+00:00,0,False,0.0,,none,False,none,,rss,True
97ae050d4034,https://www.thedesertreview.com/online_features/press_releases/how-to-sell-a-construction-company-quickly-guide-released-for-us-consumers-by-experts/article_3c100495-d388-5fcc-8efa-1dcbcf9cb30d.html,How to Sell a Construction Company Quickly Guide Released for US Consumers by Experts,Desert Review,2026-08-07T04:05:01+00:00,2026-08-07T10:57:11.178579+00:00,0,False,0.0,,none,False,none,,rss,False
2f35fab01f35,https://www.thedesertreview.com/online_features/press_releases/dfr-launches-mapf-to-recover-payment-processing-costs-for-eligible-u-s-small-businesses/article_40f4b22d-494b-5723-bb44-1988a6fd50d7.html,DFR Launches MAPF to Recover Payment Processing Costs for Eligible U.S. Small Businesses,Desert Review,2026-08-07T03:50:02+00:00,2026-08-07T10:57:11.178619+00:00,0,False,0.0,,none,False,none,,rss,True
b08394fe115e,https://www.thedesertreview.com/online_features/press_releases/why-hidden-pipe-leaks-matter-now-eden-prairie-leak-repair-combats-aging-pipes/article_c2a14724-2214-5ee5-b380-e3eb282494f6.html,Why Hidden Pipe Leaks Matter Now: Eden Prairie leak repair combats aging pipes.,Desert Review,2026-08-07T03:10:03+00:00,2026-08-07T10:57:11.178646+00:00,0,False,0.0,,none,False,none,,rss,False
7ea2e6a55b02,https://www.thedesertreview.com/online_features/press_releases/a-robot-wins-industrial-truck-of-the-year-and-redraws-the-pallet-jack-category/article_4fd4da9d-4b57-5c13-bb1e-530368b82fae.html,A robot wins Industrial Truck of the Year – and redraws the pallet-jack category,Desert Review,2026-08-07T02:45:03+00:00,2026-08-07T10:57:11.178679+00:00,0,False,0.0,,none,False,none,,rss,False
fd82d9ea455f,https://www.thedesertreview.com/online_features/press_releases/plumbing-supply-and-more-addresses-repair-delays-with-broad-inventory-and-same-day-shipping/article_22cc2a76-c1e4-5bc6-8d8b-004a9d0bf50e.html,Plumbing Supply and More Addresses Repair Delays With Broad Inventory and Same-Day Shipping,Desert Review,2026-08-07T02:27:36+00:00,2026-08-07T10:57:11.178707+00:00,0,False,0.0,,none,False,none,,rss,False
927a8ea29ab5,https://www.thedesertreview.com/news/national/tennessee-poised-to-have-its-first-female-governor/article_62f4c00b-0617-5156-901d-11eba91e06ee.html,Tennessee poised to have its first female governor,Desert Review,2026-08-07T02:00:00+00:00,2026-08-07T10:57:11.178773+00:00,0,False,0.0,,none,False,none,,rss,True
a391da4e19d0,https://www.thedesertreview.com/online_features/press_releases/pacegram-introduces-ai-story-architecture-that-tracks-story-setups-and-payoffs-across-an-entire-novel/article_09cdf4e1-6e36-5865-bfa2-8122525b1fd8.html,Pacegram Introduces AI Story Architecture That Tracks Story Setups and Payoffs Across an Entire Novel,Desert Review,2026-08-07T02:00:02+00:00,2026-08-07T10:57:11.178805+00:00,0,False,0.0,,none,False,none,,rss,False
0a06b61c4052,https://www.thedesertreview.com/online_features/press_releases/prime-medical-evaluators-welcomes-dr-steven-wang-m-d-m-p-h-board-certified-in/article_4681e62c-cd7a-510d-804c-17e4baa4d2d8.html,"Prime Medical Evaluators Welcomes Dr. Steven Wang, M.D., M.P.H., Board-Certified in Physical Medicine & Rehabilitation and Pain Medicine, to Its Distinguished Panel of Physicians",Desert Review,2026-08-07T01:55:02+00:00,2026-08-07T10:57:11.178839+00:00,0,False,0.0,,none,False,none,,rss,False
bea8d94fc62b,https://www.thedesertreview.com/online_features/press_releases/prime-medical-evaluators-welcomes-dr-trevor-a-daniels-psy-d-q-m-e-licensed-clinical/article_996e50f0-e5f1-5fdc-85ee-d649a94ca2d0.html,"Prime Medical Evaluators Welcomes Dr. Trevor A. Daniels, Psy.D., Q.M.E., Licensed Clinical Psychologist, to Its Distinguished Panel of Psychological Evaluators",Desert Review,2026-08-07T01:55:02+00:00,2026-08-07T10:57:11.178870+00:00,0,False,0.0,,none,False,none,,rss,False
0641986f074d,https://www.thedesertreview.com/online_features/press_releases/prime-medical-evaluators-welcomes-dr-sylvia-e-kim-m-d-board-certified-adult-and-geriatric/article_2f7e8b57-2d9c-5158-ab69-597368c2e551.html,"Prime Medical Evaluators Welcomes Dr. Sylvia E. Kim, M.D., Board-Certified Adult and Geriatric Psychiatrist, to Its Distinguished Panel of Physicians",Desert Review,2026-08-07T01:55:02+00:00,2026-08-07T10:57:11.178900+00:00,0,False,0.0,,none,False,none,,rss,False
46eaef70a013,https://www.thedesertreview.com/news/national/trump-endorsed-ogles-loses-his-tennessee-primary/article_dbd455df-48db-5d73-9507-bd0ded771ceb.html,Trump-endorsed Ogles loses his Tennessee primary,Desert Review,2026-08-07T01:40:00+00:00,2026-08-07T10:57:11.178946+00:00,0,False,0.0,,none,False,none,,rss,True
07582810989c,https://www.thedesertreview.com/news/national/what-you-can-learn-from-the-nerds-home-improvement-projects/article_d4eae7c7-5bc7-5018-9912-eee6bfad7403.html,What You Can Learn From the Nerds’ Home Improvement Projects,Desert Review,2026-08-07T01:34:33+00:00,2026-08-07T10:57:11.178993+00:00,0,False,0.0,,none,False,none,,rss,True
f94f55aabd08,https://www.thedesertreview.com/online_features/press_releases/from-the-science-classroom-to-skincare-educator-kim-stanage-launches-glowlab-5-16-and-its/article_54669217-e1f3-5095-94e0-4c2a78df8649.html,From the Science Classroom to Skincare: Educator Kim Stanage Launches GlowLab 5:16 and Its First Vitamin C Serum,Desert Review,2026-08-07T01:30:02+00:00,2026-08-07T10:57:11.179022+00:00,0,False,0.0,,none,False,none,,rss,False
8b05a4951ae7,https://www.thedesertreview.com/online_features/press_releases/zero-six-reveille-officially-launches-on-july-31-2026-bringing-together-premium-coffee-purpose-driven/article_26138faf-fc34-51fc-b6a3-4ada396b21cd.html,"Zero Six Reveille Officially Launches on July 31, 2026, Bringing Together Premium Coffee, Purpose-Driven Apparel, and a Mission-Driven Lifestyle Brand",Desert Review,2026-08-07T01:25:03+00:00,2026-08-07T10:57:11.179054+00:00,0,False,0.0,,none,False,none,,rss,False
dfeac74cf4b0,https://www.thedesertreview.com/online_features/press_releases/veteran-beans-coffee-and-tea-brings-purpose-driven-mission-to-every-cup-founded-by-decorated/article_974e352a-62bc-583a-9b6d-5ff69cd9c0fd.html,"Veteran Beans Coffee and Tea Brings Purpose-Driven Mission to Every Cup, Founded by Decorated Military and Law Enforcement Professional",Desert Review,2026-08-07T01:25:03+00:00,2026-08-07T10:57:11.179084+00:00,0,False,0.0,,none,False,none,,rss,False
81869e7f4a59,https://www.thedesertreview.com/online_features/press_releases/billionverify-launches-business-contact-intelligence-platform-to-help-growing-companies-find-the-right-person-before/article_4d80350d-20b6-58d4-9475-978219925139.html,BillionVerify Launches Business Contact Intelligence Platform to Help Growing Companies Find the Right Person Before Making Outreach,Desert Review,2026-08-07T01:25:03+00:00,2026-08-07T10:57:11.179114+00:00,0,False,0.0,,none,False,none,,rss,False
a5f21837dd1e,https://www.thedesertreview.com/news/state/top-25-songs-in-fresno-on-shazam-in-the-past-week/article_064080cb-9a8b-53e8-8fb4-2760d8f183a3.html,Top 25 songs in Fresno on Shazam in the past week,Desert Review,2026-08-07T00:58:59+00:00,2026-08-07T10:57:11.179143+00:00,0,False,0.0,,none,False,none,,rss,True
96c7444f01f7,https://kyma.com/decision-politics/2026/08/07/alexis-rangel-runs-for-calexico-city-council/,Alexis Rangel runs for Calexico City Council,KYMA,2026-08-08T00:58:23+00:00,2026-08-08T10:38:12.473779+00:00,3,False,0.05,,none,False,city,,rss,True
30eae4df6ca0,https://kyma.com/education/imperial-education/2026/08/07/new-principal-eager-to-lead-el-centro-alternative-high-schools/,New principal eager to lead El Centro alternative high schools,KYMA,2026-08-08T00:06:42+00:00,2026-08-08T10:38:12.473884+00:00,6,False,0.1,,none,False,city,,rss,True
a3b2cade4a25,https://kyma.com/news/top-stories/2026/08/07/coffee-shop-in-winterhaven-earns-certification/,Coffee shop in Winterhaven earns certification,KYMA,2026-08-07T22:42:09+00:00,2026-08-08T10:38:12.473952+00:00,3,False,0.05,,none,False,city,,rss,True
e581a5a5a4a5,https://www.thedesertreview.com/online_features/press_releases/residential-painting-contractors-in-omaha-ne-see-growing-demand-as-homeowners-prioritize-quality-over-price/article_1c82e73a-37e1-5e3b-ace5-42f52fef476c.html,"Residential Painting Contractors in Omaha, NE, See Growing Demand as Homeowners Prioritize Quality Over Price",Desert Review,2026-08-08T03:15:02+00:00,2026-08-08T10:38:17.041858+00:00,0,False,0.0,,none,False,none,,rss,False
5567878d4b90,https://www.thedesertreview.com/news/state/hot-spring-summer-hurt-cherries-grapes-and-now-pistachios-john-lindt/article_3340c8ec-9c52-5dcb-a325-2d9d56f6b144.html,"Hot spring, summer hurt cherries, grapes and now pistachios | John Lindt",Desert Review,2026-08-08T01:30:00+00:00,2026-08-08T10:38:17.041929+00:00,5,False,0.083,extreme heat,illness,False,none,,rss,True
2a5173b3d400,https://www.thedesertreview.com/online_features/press_releases/fne-electrical-services-spotlights-reliable-electrician-expertise-for-electrical-repairs-and-upgrades-in-austin-tx/article_227daae5-fa7f-5629-9605-7e4dcf2043be.html,"FNE Electrical Services Spotlights Reliable Electrician Expertise for Electrical Repairs and Upgrades in Austin, TX",Desert Review,2026-08-08T01:00:02+00:00,2026-08-08T10:38:17.041979+00:00,0,False,0.0,,none,False,none,,rss,True
a60227953350,https://www.thedesertreview.com/news/state/lawmakers-respond-to-voter-id-lawsuit-decided-in-california-court-this-week/article_d5d00995-813e-540d-9735-81901098a881.html,Lawmakers respond to voter ID lawsuit decided in California court this week,Desert Review,2026-08-07T22:28:00+00:00,2026-08-08T10:38:17.042034+00:00,0,False,0.0,,none,False,none,,rss,True
a13473cc59ab,https://www.thedesertreview.com/online_features/press_releases/foster-chiropractic-highlights-benefits-of-chiropractic-care-for-back-pain-in-denton-county-tx/article_98a70212-98f5-5e16-bca9-81cae9fa5192.html,"Foster Chiropractic Highlights Benefits of Chiropractic Care for Back Pain in Denton County, TX",Desert Review,2026-08-07T22:06:48+00:00,2026-08-08T10:38:17.042065+00:00,0,False,0.0,,none,False,none,,rss,False
f41aea7ab82a,https://www.thedesertreview.com/online_features/press_releases/houston-clinic-says-published-research-does-not-establish-how-long-knee-stem-cell-therapy-lasts/article_65e6f72f-e8c2-578a-9f40-004dfc384a25.html,Houston Clinic Says Published Research Does Not Establish How Long Knee Stem Cell Therapy Lasts,Desert Review,2026-08-07T21:49:35+00:00,2026-08-08T10:38:17.042097+00:00,0,False,0.0,,none,False,none,,rss,False
10c054db394b,https://www.thedesertreview.com/online_features/press_releases/award-winning-travel-memoir-managing-the-bucket-list-the-journey-begins-earns-literary-titan-gold/article_6d66fe1b-da08-5f86-b800-4bb7e356c864.html,Award-Winning Travel Memoir “Managing the Bucket List: The Journey Begins” Earns Literary Titan Gold Book Award,Desert Review,2026-08-07T21:35:03+00:00,2026-08-08T10:38:17.042134+00:00,0,False,0.0,,none,False,none,,rss,False
a6be5040effe,https://www.thedesertreview.com/online_features/press_releases/aixcrypto-holdings-reports-second-quarter-2026-results/article_24ec1830-deba-508f-a1d3-627db24b88fa.html,AIxCrypto Holdings Reports Second Quarter 2026 Results,Desert Review,2026-08-07T21:37:00+00:00,2026-08-08T10:38:17.042172+00:00,0,False,0.0,,none,False,none,,rss,True
0995f638f692,https://www.thedesertreview.com/online_features/press_releases/board-certified-behavior-analyst-alyssa-ciarrocchi-says-parents-are-looking-for-more-partnership-not-more/article_1e8980e7-2adc-5e60-b8b9-4b388cce0546.html,"Board Certified Behavior Analyst Alyssa Ciarrocchi Says Parents Are Looking for More Partnership, Not More Perfection",Desert Review,2026-08-07T21:30:04+00:00,2026-08-08T10:38:17.042205+00:00,0,False,0.0,,none,False,none,,rss,False
203e60dc8dbc,https://www.thedesertreview.com/online_features/press_releases/tozo-open-x2-pro-gains-strong-consumer-recognition-with-premium-audio-experience-following-global-launch/article_ae79025a-9650-54cc-a95a-5beca861eee2.html,TOZO Open X2 Pro Gains Strong Consumer Recognition with Premium Audio Experience Following Global Launch,Desert Review,2026-08-07T21:30:04+00:00,2026-08-08T10:38:17.042235+00:00,0,False,0.0,,none,False,none,,rss,False
2f3d7240325f,https://www.thedesertreview.com/online_features/press_releases/11-year-old-published-author-kamryn-smith-inspires-the-next-generation-of-storytellers-at-historic/article_054391aa-854c-57cd-a4f1-6e72518f6c68.html,11-Year-Old Published Author Kamryn Smith Inspires the Next Generation of Storytellers at Historic Obama Presidential Center Workshop,Desert Review,2026-08-07T21:25:03+00:00,2026-08-08T10:38:17.042284+00:00,0,False,0.0,,none,False,none,,rss,True
1dd1180a2a1c,https://www.thedesertreview.com/online_features/press_releases/cedar-park-tx-homes-get-a-stylish-upgrade-with-frameless-glass-company/article_d34f3a85-bbaf-55eb-95ab-438a183bcebd.html,"Cedar Park, TX Homes Get a Stylish Upgrade With Frameless Glass Company",Desert Review,2026-08-07T21:25:02+00:00,2026-08-08T10:38:17.042311+00:00,0,False,0.0,,none,False,none,,rss,False
2c5e95720bc4,https://www.thedesertreview.com/online_features/press_releases/le-comble-unveils-exclusive-access-to-banyan-tree-beach-residences-varuna-on-bang-tao-beach/article_e65fff8f-705c-5115-aa12-0e2b2ed0c6b4.html,Le Comble Unveils Exclusive Access to Banyan Tree Beach Residences Varuna on Bang Tao Beach,Desert Review,2026-08-07T21:10:03+00:00,2026-08-08T10:38:17.042339+00:00,0,False,0.0,,none,False,none,,rss,False
19a8ab60cb8d,https://www.thedesertreview.com/news/state/medicaid-cuts-stand-to-hit-everyone-yes-even-you-here-s-why/article_45516a4e-fbad-52d3-87bc-cb8fbe78646f.html,"Medicaid cuts stand to hit everyone (yes, even you). Here’s why",Desert Review,2026-08-07T21:04:00+00:00,2026-08-08T10:38:17.042390+00:00,0,False,0.0,,none,False,none,,rss,True
2555c35ae6f3,https://www.thedesertreview.com/news/national/watchdog-ideological-money-sources-connected-to-amicus-briefs-in-climate-case/article_bf6957bf-7f65-5132-be71-081d95659a02.html,Watchdog: Ideological money sources connected to amicus briefs in climate case,Desert Review,2026-08-07T21:03:00+00:00,2026-08-08T10:38:17.042439+00:00,0,False,0.0,,none,False,none,,rss,True
3f234efe25d3,https://www.thedesertreview.com/online_features/press_releases/when-tameka-clark-could-not-find-enough-natural-hair-representation-she-put-it-on-the/article_484198e6-ba5c-56a5-8a08-873ae0ab7748.html,"When Tameka Clark Could Not Find Enough Natural-Hair Representation, She Put It on the Page",Desert Review,2026-08-07T21:05:02+00:00,2026-08-08T10:38:17.042483+00:00,0,False,0.0,,none,False,none,,rss,True
a0a67405b396,https://www.thedesertreview.com/obituaries/arturo-romo-sandoval/article_2034c13e-e808-4708-9072-350f6b727c6c.html,Arturo Romo Sandoval,Desert Review,2026-08-07T20:57:00+00:00,2026-08-08T10:38:17.042507+00:00,0,False,0.0,,none,False,none,,rss,True
f9787c6a4df1,https://www.thedesertreview.com/online_features/press_releases/houston-personal-injury-attorney-jose-calderon-honored-with-2026-top-40-under-40-recognition/article_2f8fef19-2366-5aa2-bbee-e0080f48633f.html,Houston Personal Injury Attorney Jose Calderon Honored with 2026 Top 40 Under 40 Recognition,Desert Review,2026-08-07T20:55:02+00:00,2026-08-08T10:38:17.042556+00:00,0,False,0.0,,none,False,none,,rss,True
658e0bba919c,https://www.thedesertreview.com/online_features/press_releases/best-immigration-lawyers-in-tbilisi-georgia-2026-myresidencepermit-ge-named-the-top-pick/article_530151bf-f906-5fe1-a98c-4a9d0edbab23.html,"Best Immigration Lawyers in Tbilisi, Georgia (2026): MyResidencePermit.ge Named the Top Pick",Desert Review,2026-08-07T20:55:02+00:00,2026-08-08T10:38:17.042584+00:00,0,False,0.0,,none,False,none,,rss,False
49eb53dcd847,https://www.thedesertreview.com/online_features/press_releases/prime-dumpster-increases-support-for-dumpster-rental-in-danville-va-amid-construction-and-development-boom/article_d8b4e540-d7af-5e8f-aa72-aa511dafdef6.html,"Prime Dumpster Increases Support for Dumpster Rental in Danville, VA, Amid Construction and Development Boom",Desert Review,2026-08-07T20:55:02+00:00,2026-08-08T10:38:17.042614+00:00,0,False,0.0,,none,False,none,,rss,False
c9fc3e046c21,https://www.thedesertreview.com/obituaries/lidia-sepulveda/article_7929d22c-6d6c-477e-8a0e-9eee1f669c56.html,Lidia Sepulveda,Desert Review,2026-08-07T20:50:00+00:00,2026-08-08T10:38:17.042638+00:00,0,False,0.0,,none,False,none,,rss,True
ab2c4165136d,https://www.thedesertreview.com/online_features/press_releases/pawira-expands-into-dog-hydration-with-new-fountain-launching-this-year/article_608d1e0c-2d80-585a-b7f7-93476ece9505.html,Pawira Expands Into Dog Hydration With New Fountain Launching This Year,Desert Review,2026-08-07T20:50:02+00:00,2026-08-08T10:38:17.042665+00:00,0,False,0.0,,none,False,none,,rss,False
56ad9b3f2fdd,https://www.thedesertreview.com/online_features/press_releases/champions-group-expands-southern-california-footprint-with-acquisition-of-powell-electric/article_97e0f225-d6aa-56fc-830e-33b12e962c08.html,CHAMPIONS GROUP EXPANDS SOUTHERN CALIFORNIA FOOTPRINT WITH ACQUISITION OF POWELL ELECTRIC,Desert Review,2026-08-07T20:52:00+00:00,2026-08-08T10:38:17.042719+00:00,0,False,0.0,,none,False,none,,rss,True
42acea8dda2a,https://www.thedesertreview.com/online_features/press_releases/pawira-cat-fountain-surpasses-50-000-customers-worldwide/article_5b8456a9-0aac-5c47-bec0-b016ce05895d.html,"Pawira Cat Fountain Surpasses 50,000 Customers Worldwide",Desert Review,2026-08-07T20:50:02+00:00,2026-08-08T10:38:17.042744+00:00,0,False,0.0,,none,False,none,,rss,False
3ae8d7e53702,https://www.thedesertreview.com/online_features/press_releases/alldocube-unveils-the-iplay-80-mini-turbo-new-8-8-inch-gaming-tablet-to-debut/article_a638edb7-9bb6-5c1c-9bb3-d403f044bfab.html,ALLDOCUBE Unveils the iPlay 80 mini Turbo – New 8.8-Inch Gaming Tablet to Debut Globally in Japan,Desert Review,2026-08-07T20:45:03+00:00,2026-08-08T10:38:17.042785+00:00,0,False,0.0,,none,False,none,,rss,True
bdd7b66a70cf,https://kyma.com/news/imperial-county/2026/08/10/va-clinic-in-imperial-county-holds-ribbon-cutting-ceremony/,VA clinic in Imperial County holds ribbon-cutting ceremony,KYMA,2026-08-11T00:24:48+00:00,2026-08-11T10:53:39.120471+00:00,6,False,0.1,,none,False,city,,rss,True
d0660b45636a,https://kyma.com/education/imperial-education/2026/08/10/central-union-high-school-district-kicks-off-new-academic-year/,Central Union High School District kicks off new academic year,KYMA,2026-08-10T22:06:02+00:00,2026-08-11T10:53:39.120542+00:00,3,False,0.05,,none,False,city,,rss,True
be5a28953413,https://kyma.com/education/imperial-education/2026/08/10/ivc-names-interim-superintendent-president/,IVC names interim superintendent/president,KYMA,2026-08-10T22:00:50+00:00,2026-08-11T10:53:39.120595+00:00,3,False,0.05,,none,False,city,,rss,True
c4b9950eb528,https://kyma.com/news/imperial-county/2026/08/09/career-day-held-by-quechan-parks-and-recreation/,Career day held by Quechan Parks and Recreation,KYMA,2026-08-09T18:55:39+00:00,2026-08-11T10:53:39.120653+00:00,3,False,0.05,,none,False,city,,rss,True
9072169809d4,https://kyma.com/news/wildfires/2026/08/09/trailer-fire-in-winterhaven-sparks-wild-brush-fire/,Trailer fire in Winterhaven sparks wild brush fire,KYMA,2026-08-09T18:28:52+00:00,2026-08-11T10:53:39.120709+00:00,3,False,0.05,,none,False,city,,rss,True
9b38d43ed036,https://www.ivpressonline.com/opinion/opinion-the-social-safety-net-fails-special-needs-families/article_7108a26f-2391-48ce-b156-333981bf4d2b.html,OPINION: The social safety net fails special-needs families,IV Press,2026-08-11T07:00:00+00:00,2026-08-11T10:53:41.602883+00:00,0,False,0.0,,none,False,none,,rss,True
887be1528aca,https://www.ivpressonline.com/news/iid-invests-in-the-future-of-drop-no-3-on-the-all-american-canal/article_b76ed9cb-47e1-4eef-ad68-808cd76e1888.html,IID invests in the future of Drop No. 3 on the All-American Canal,IV Press,2026-08-11T07:00:00+00:00,2026-08-11T10:53:41.602937+00:00,0,False,0.0,,none,False,none,,rss,True
64f603ef1dc9,https://www.ivpressonline.com/news/navy-veteran-helps-lay-the-foundation-for-uc-san-diego-s-first-physician-assistant-class/article_65513051-9da3-43f6-96b2-12877c7a4689.html,Navy Veteran helps lay the foundation for UC San Diego’s first physician assistant class,IV Press,2026-08-11T07:00:00+00:00,2026-08-11T10:53:41.603019+00:00,0,False,0.0,,none,False,none,,rss,True
ab4bbb656867,https://www.ivpressonline.com/news/candeeland-indoor-playground-set-to-bring-new-family-entertainment-option-to-valley-mall/article_ed8c5191-e896-468e-8d43-8055021eaea6.html,Candeeland Indoor Playground set to bring new family entertainment option to Valley Mall,IV Press,2026-08-11T07:00:00+00:00,2026-08-11T10:53:41.603076+00:00,6,False,0.1,,none,False,city,,rss,True
e80bdb3fda44,https://www.ivpressonline.com/news/candidate-filing-period-extended-for-certain-general-election-contests/article_6b9f8fbd-aba2-48c9-b8d5-5c6d2bf560f4.html,Candidate filing period extended for certain general election contests,IV Press,2026-08-11T07:00:00+00:00,2026-08-11T10:53:41.603127+00:00,6,False,0.1,,none,False,city,,rss,True
6817aebea661,https://www.ivpressonline.com/news/federal-and-local-officials-to-host-public-roundtable-on-new-river-cleanup-efforts-in-calexico/article_ce079d6c-0215-4447-9aba-5616fea7253b.html,Federal and local officials to host public roundtable on New River cleanup efforts in Calexico,IV Press,2026-08-11T07:00:00+00:00,2026-08-11T10:53:41.603185+00:00,3,False,0.05,,none,False,city,,rss,True
f9c3e08e7562,https://www.ivpressonline.com/adelantevalle/oficiales-federales-y-locales-celebrar-n-una-mesa-redonda-p-blica-sobre-los-esfuerzos-de/article_c422283e-a2f5-4356-b3eb-7192b19c7d65.html,Oficiales federales y locales celebrarán una mesa redonda pública sobre los esfuerzos de limpieza del Nuevo Río en Calexico,IV Press,2026-08-11T07:00:00+00:00,2026-08-11T10:53:41.603243+00:00,3,False,0.05,,none,False,city,,rss,True
6225526302e5,https://www.ivpressonline.com/news/ivc-welcomes-interim-superintendent-james-limbaugh/article_64375399-55b7-4d0d-8a3e-943eaee7057b.html,IVC welcomes interim Superintendent James Limbaugh,IV Press,2026-08-11T07:00:00+00:00,2026-08-11T10:53:41.603293+00:00,6,False,0.1,,none,False,city,,rss,True
81336f78edbc,https://www.ivpressonline.com/news/cops-briefs-out-of-county-warrant-leads-to-120-000-bail-for-man/article_b6e261b2-84ee-4c10-a22f-c108a23627bf.html,"COPS BRIEFS: Out-of-county warrant leads to $120,000 bail for man",IV Press,2026-08-11T07:00:00+00:00,2026-08-11T10:53:41.603321+00:00,3,False,0.05,,none,False,city,,rss,True
66f54b47d822,https://www.ivpressonline.com/news/back-to-school-fashion-show-showcases-styles-and-smiles/article_21e34ca8-2166-4078-beae-03f8ef941054.html,Back to school fashion show showcases styles and smiles,IV Press,2026-08-11T07:00:00+00:00,2026-08-11T10:53:41.603365+00:00,3,False,0.05,,none,False,city,,rss,True
8d6042fe967e,https://www.ivpressonline.com/news/county-set-to-address-lithium-valley-strategy-infrastructure-emergencies-and-key-executive-appointments/article_892b3db2-6a9e-4b3b-8cef-c8cd22fbd86f.html,"County set to address ‘Lithium Valley’ strategy, infrastructure emergencies, and key executive appointments",IV Press,2026-08-11T07:00:00+00:00,2026-08-11T10:53:41.603420+00:00,6,False,0.1,,none,False,city,,rss,True
d6871091c60d,https://www.ivpressonline.com/news/cuhsd-welcomes-back-students-and-staff/article_e03caa00-c3b6-4808-9916-0a3da02745e4.html,CUHSD welcomes back students and staff,IV Press,2026-08-11T07:00:00+00:00,2026-08-11T10:53:41.603482+00:00,3,False,0.05,,none,False,city,,rss,True
907d20762c71,https://www.ivpressonline.com/adelantevalle/ivc-le-da-la-bienvenida-al-superintendente-interino-james-limbaugh/article_dbc26b56-fe2b-4d0a-b3ad-8b94643c89bf.html,IVC le da la bienvenida al superintendente interino James Limbaugh,IV Press,2026-08-11T07:00:00+00:00,2026-08-11T10:53:41.603544+00:00,6,False,0.1,,none,False,city,,rss,True
7541a13ad3a8,https://www.ivpressonline.com/adelantevalle/cuhsd-da-la-bienvenida-a-sus-estudiantes-y-personal/article_4d8fd6c5-7164-44bd-ad9d-544b088f19c3.html,CUHSD da la bienvenida a sus estudiantes y personal,IV Press,2026-08-11T07:00:00+00:00,2026-08-11T10:53:41.603588+00:00,3,False,0.05,,none,False,city,,rss,True
4e4902fa5275,https://www.ivpressonline.com/online_features/press_releases/modelworks-direct-establishes-itself-as-america-s-premier-builder-of-large-scale-and-real-size/article_dd7141d2-e173-5c90-b118-392fadb6ae84.html,Modelworks Direct Establishes Itself as America’s Premier Builder of Large Scale and Real-Size Aircraft Replicas,IV Press,2026-08-11T04:10:03+00:00,2026-08-11T10:53:41.603640+00:00,0,False,0.0,,none,False,none,,rss,True
0797bd47400f,https://www.ivpressonline.com/online_features/press_releases/abogado-de-accidentes-en-nueva-york-spanish-directory-covers-188-cities/article_0c155eb3-cdd0-5826-9952-3022a71c2c41.html,Abogado de accidentes en Nueva York: Spanish Directory Covers 188 Cities,IV Press,2026-08-11T04:10:03+00:00,2026-08-11T10:53:41.603676+00:00,0,False,0.0,,none,False,none,,rss,True
cebfaf38d510,https://www.ivpressonline.com/online_features/press_releases/abogado-de-accidentes-en-florida-spanish-resources-added-for-120-cities/article_a319f92e-78f3-5bdc-bd97-06ff2e6b5737.html,Abogado de accidentes en Florida: Spanish Resources Added for 120 Cities,IV Press,2026-08-11T04:05:02+00:00,2026-08-11T10:53:41.603710+00:00,0,False,0.0,,none,False,none,,rss,True
304f80d32b77,https://www.ivpressonline.com/online_features/press_releases/donahugh-highlights-the-modern-reworking-of-retro-design-in-men-s-eyewear-for-2026/article_502ae76b-3079-5bb3-bdf7-f54b5bfa0530.html,Donahugh Highlights the Modern Reworking of Retro Design in Men’s Eyewear for 2026,IV Press,2026-08-11T04:05:02+00:00,2026-08-11T10:53:41.603759+00:00,0,False,0.0,,none,False,none,,rss,True
626d59de36e9,https://www.ivpressonline.com/online_features/press_releases/real-time-visa-platform-issa-compass-joins-singapore-thai-chamber-of-commerce-and-thai-italian/article_cc51c35c-830a-5597-aab2-988177acce49.html,Real-Time Visa Platform Issa Compass Joins Singapore-Thai Chamber of Commerce and Thai-Italian Chamber of Commerce,IV Press,2026-08-11T04:05:02+00:00,2026-08-11T10:53:41.603790+00:00,0,False,0.0,,none,False,none,,rss,False
fd651eafbf4f,https://www.ivpressonline.com/online_features/press_releases/philips-television-expands-ambilight-tv-lineup-with-new-qled-series-featuring-enhanced-color-brightness-and/article_4ec5cf1a-5a17-5a96-a0c7-228bacf757a4.html,"Philips Television Expands Ambilight TV Lineup with New QLED Series Featuring Enhanced Color, Brightness, and Picture Performance",IV Press,2026-08-11T04:00:00+00:00,2026-08-11T10:53:41.603835+00:00,0,False,0.0,,none,False,none,,rss,True
00c58025dc14,https://www.ivpressonline.com/online_features/press_releases/mitac-computing-technology-usa-corporation-announces-grand-opening-of-expanded-newark-office-to-drive-u/article_bf64a171-3565-58b6-945a-9e2040cff5b6.html,MiTAC Computing Technology USA Corporation Announces Grand Opening of Expanded Newark Office to Drive U.S. Infrastructure Growth,IV Press,2026-08-11T03:30:00+00:00,2026-08-11T10:53:41.603893+00:00,0,False,0.0,,none,False,none,,rss,True
7997e1f824c3,https://www.ivpressonline.com/online_features/press_releases/pr-uperfect-unveils-brand-upgrade-and-expanded-portable-display-ecosystem-at-ifa-2026/article_dd4e3ef6-9f7a-5121-a30e-ab9e9d10d98a.html,PR-UPERFECT Unveils Brand Upgrade and Expanded Portable Display Ecosystem at IFA 2026,IV Press,2026-08-11T03:20:00+00:00,2026-08-11T10:53:41.603946+00:00,0,False,0.0,,none,False,none,,rss,True
f2896c5dc28a,https://www.ivpressonline.com/online_features/press_releases/yves-bissouma-makes-history-as-the-first-footballer-of-african-descent-to-own-his-own/article_b0e380d9-ae08-577b-b8fc-d9f8d7112cce.html,Yves Bissouma Makes History As The First Footballer Of African Descent To Own His Own Perfume Brand,IV Press,2026-08-11T02:25:02+00:00,2026-08-11T10:53:41.604008+00:00,0,False,0.0,,none,False,none,,rss,True
5b4fc9ecb639,https://www.ivpressonline.com/online_features/press_releases/the-line-at-black-hat-wasnt-for-the-keynote----it-was-for/article_b3606fc4-f73d-5075-8975-eb6641b6a532.html,The line at Black Hat wasn't for the keynote -- it was for this.,IV Press,2026-08-11T02:11:00+00:00,2026-08-11T10:53:41.604040+00:00,0,False,0.0,,none,False,none,,rss,True
569dc46d3de1,https://www.ivpressonline.com/online_features/press_releases/a1-garage-doors-gold-coast-expands-services-to-helensvale-and-northern-suburbs/article_8e7b3abd-b79c-5b8a-8fc8-32a45fbefdb3.html,A1 Garage Doors Gold Coast Expands Services to Helensvale and Northern Suburbs,IV Press,2026-08-11T01:50:36+00:00,2026-08-11T10:53:41.604072+00:00,0,False,0.0,,none,False,none,,rss,True
615c0fdfd7e0,https://kyma.com/news/imperial-county/2026/08/11/lithium-valley-program-approved/,Lithium Valley Program approved,KYMA,2026-08-12T00:57:43+00:00,2026-08-12T11:02:22.641242+00:00,6,False,0.1,,none,False,city,,rss,True
e83e423f59d9,https://kyma.com/news/imperial-county/2026/08/11/el-centros-star-wars-themed-program-hits-the-international-stage/,El Centro’s Star Wars-themed program hits the international stage,KYMA,2026-08-11T23:53:15+00:00,2026-08-12T11:02:22.641331+00:00,6,False,0.1,,none,False,city,,rss,True
0bcbf2afb35c,https://kyma.com/education/imperial-education/2026/08/11/imperial-county-office-of-education-to-open-new-testing-hub/,Imperial County Office of Education to open new testing hub,KYMA,2026-08-11T23:10:15+00:00,2026-08-12T11:02:22.641393+00:00,6,False,0.1,,none,False,city,,rss,True
2d6635a256ac,https://kyma.com/news/imperial-county/2026/08/12/iid-reports-power-outages-in-imperial-county/,IID reports power outages in Imperial County,KYMA,2026-08-13T00:24:50+00:00,2026-08-13T11:02:55.279789+00:00,6,False,0.1,,none,False,city,,rss,True
9213850eb261,https://kyma.com/news/imperial-county/2026/08/12/imperial-county-pushes-for-8-5-million-to-fix-crumbling-bridges-under-state-of-emergency/,Imperial County pushes for $8.5 million to fix crumbling bridges under state of emergency,KYMA,2026-08-12T23:41:16+00:00,2026-08-13T11:02:55.279869+00:00,6,False,0.1,,none,False,city,,rss,True
bdf77ce7f1e0,https://kyma.com/decision-politics/local-politics/2026/08/12/blanca-morales-runs-for-calexico-city-council/,Blanca Morales runs for Calexico City Council,KYMA,2026-08-12T23:16:48+00:00,2026-08-13T11:02:55.279926+00:00,3,False,0.05,,none,False,city,,rss,True
78aea0fbc00b,https://kyma.com/crashes/2026/08/12/two-injured-in-semi-crash-on-i-8-in-winterhaven/,Two injured in semi crash on I-8 in Winterhaven,KYMA,2026-08-12T21:42:31+00:00,2026-08-13T11:02:55.279982+00:00,3,False,0.05,,none,False,city,,rss,True
f2c987870bb5,https://www.thedesertreview.com/online_features/press_releases/pointskash-announces-expanded-up-to-100-million-strategic-capital-commitment-from-hawk-capital/article_18897897-4573-56ad-9a2b-8965f6c12c63.html,PointsKash Announces Expanded Up to $100 Million Strategic Capital Commitment from Hawk Capital,Desert Review,2026-08-13T04:02:00+00:00,2026-08-13T11:03:00.035023+00:00,0,False,0.0,,none,False,none,,rss,True
cf5db829a485,https://www.thedesertreview.com/online_features/press_releases/ace-handyman-services-helps-west-austin-tx-homeowners-tackle-repairs-with-skilled-handyman-services/article_1834270a-697e-51b8-959c-84c556850b07.html,"Ace Handyman Services Helps West Austin, TX Homeowners Tackle Repairs With Skilled Handyman Services",Desert Review,2026-08-13T01:05:02+00:00,2026-08-13T11:03:00.035063+00:00,3,False,0.05,,none,False,none,,rss,False
52a2667e6ae8,https://www.thedesertreview.com/news/national/hellgate-elementary-opens-on-site-childcare-in-missoula-for-school-staff/article_8175352e-6f86-53d8-8fa0-124e7bc0e13f.html,Hellgate Elementary opens on-site childcare in Missoula for school staff,Desert Review,2026-08-12T23:52:00+00:00,2026-08-13T11:03:00.035115+00:00,0,False,0.0,,none,False,none,,rss,True
92485a9fe1d1,https://www.thedesertreview.com/online_features/press_releases/samsonite-group-s-a-to-acquire-b-is-expanding-its-lifestyle-portfolio-and-enhancing-digital/article_2b9b7840-be91-5f53-9281-588d0c4c6fe5.html,"Samsonite Group S.A. to Acquire BÉIS, Expanding its Lifestyle Portfolio and Enhancing Digital Capabilities",Desert Review,2026-08-12T23:45:00+00:00,2026-08-13T11:03:00.035154+00:00,0,False,0.0,,none,False,none,,rss,True
919375ad51ea,https://www.thedesertreview.com/online_features/press_releases/blue-wash-cleaning-launches-new-website-to-streamline-booking-for-home-cleaning-services-in-nassau/article_83e91469-b6b1-5e32-ab3b-7c0ca0481109.html,Blue Wash Cleaning Launches New Website to Streamline Booking for Home Cleaning Services in Nassau County,Desert Review,2026-08-12T23:36:43+00:00,2026-08-13T11:03:00.035185+00:00,0,False,0.0,,none,False,none,,rss,False
76d4a523d3e4,https://www.thedesertreview.com/online_features/press_releases/blue-water-jewelers-announces-relocation-and-august-inventory-reduction/article_ad2ec28c-490b-5b2d-9371-a51ddda6066d.html,Blue Water Jewelers Announces Relocation and August Inventory Reduction,Desert Review,2026-08-12T23:28:08+00:00,2026-08-13T11:03:00.035213+00:00,0,False,0.0,,none,False,none,,rss,False
7de171573c97,https://www.thedesertreview.com/online_features/press_releases/shadow-lake-collision-publishes-parking-lot-collision-guide/article_ac04d352-7408-506f-94c7-6781e3168578.html,Shadow Lake Collision Publishes Parking Lot Collision Guide,Desert Review,2026-08-12T23:30:58+00:00,2026-08-13T11:03:00.035239+00:00,0,False,0.0,,none,False,none,,rss,False
c4ec36026bfb,https://www.thedesertreview.com/online_features/press_releases/shadow-lake-collision-publishes-guide-to-post-collision-vehicle-changes/article_f75797ef-f797-5f61-a27f-5c2d42be029c.html,Shadow Lake Collision Publishes Guide to Post-Collision Vehicle Changes,Desert Review,2026-08-12T23:30:58+00:00,2026-08-13T11:03:00.035266+00:00,0,False,0.0,,none,False,none,,rss,False
93801050bae6,https://www.thedesertreview.com/online_features/press_releases/anfesas-jewelers-hosts-annual-wedding-band-extravaganza/article_bf86ad47-d61d-5e29-a121-f11c8104da7c.html,Anfesa's Jewelers Hosts Annual Wedding Band Extravaganza,Desert Review,2026-08-12T23:28:30+00:00,2026-08-13T11:03:00.035291+00:00,0,False,0.0,,none,False,none,,rss,False
efcc8fae3e2b,https://www.thedesertreview.com/online_features/press_releases/kidtropolis-sees-growing-demand-for-play-based-early-childhood-programs-in-richmond/article_b3f31216-a3d1-5fa8-aca7-9d8874652feb.html,Kidtropolis Sees Growing Demand for Play-Based Early Childhood Programs in Richmond,Desert Review,2026-08-12T23:24:46+00:00,2026-08-13T11:03:00.035319+00:00,0,False,0.0,,none,False,none,,rss,False
883ec4a8e6d4,https://www.thedesertreview.com/online_features/press_releases/aeo-engine-launches-the-answer-index-a-free-public-ranking-of-the-law-firms-ai/article_6d0879d1-2f49-5a9a-a20b-7ef74e44094d.html,"AEO Engine Launches The Answer Index, a Free Public Ranking of the Law Firms AI Assistants Recommend Most",Desert Review,2026-08-12T23:26:04+00:00,2026-08-13T11:03:00.035349+00:00,0,False,0.0,,none,False,none,,rss,False
72cb3be2d4f1,https://www.thedesertreview.com/online_features/press_releases/ingersolls-refrigeration-air-conditioning-heating-highlights-ac-repair-services-ahead-of-summer-cooling-season/article_2bfedb58-d77b-5e06-aedc-fb610efead04.html,Ingersoll's Refrigeration Air Conditioning & Heating Highlights AC Repair Services Ahead of Summer Cooling Season,Desert Review,2026-08-12T23:21:41+00:00,2026-08-13T11:03:00.035379+00:00,0,False,0.0,,none,False,none,,rss,False
89ffbb4b67b1,https://www.thedesertreview.com/online_features/press_releases/nasdaq-entrepreneurial-center-launches-northwest-arkansas-program-to-help-small-businesses-grow-and-connect-students/article_bda60975-1909-5117-a56a-f180d5e30af3.html,Nasdaq Entrepreneurial Center launches Northwest Arkansas program to help small businesses grow and connect students to paid internships,Desert Review,2026-08-12T23:14:00+00:00,2026-08-13T11:03:00.035420+00:00,0,False,0.0,,none,False,none,,rss,True
f0001dd67ce8,https://www.thedesertreview.com/news/state/lawmakers-hear-update-on-health-of-california-s-downtowns/article_13f3a324-de3b-5e16-927f-b700dea234c1.html,Lawmakers hear update on health of California’s downtowns,Desert Review,2026-08-12T23:10:00+00:00,2026-08-13T11:03:00.035469+00:00,0,False,0.0,,none,False,none,,rss,True
70e770c0e248,https://www.thedesertreview.com/online_features/press_releases/st-paul-clinics-play-therapy-program-adds-a-nationally-credentialed-clinician-after-350-plus-hours/article_79490107-d1fc-5e15-b1ec-8c348bc6d2ef.html,St. Paul Clinic's Play Therapy Program Adds A Nationally Credentialed Clinician After 350-Plus Hours Of Supervised Practice,Desert Review,2026-08-12T22:30:56+00:00,2026-08-13T11:03:00.035499+00:00,0,False,0.0,,none,False,none,,rss,False
6619d20016a4,https://www.thedesertreview.com/online_features/press_releases/alexandria-real-estate-equities-inc-announces-pricing-of-public-offering-of-1-000-000-000/article_94e8c128-d95c-57a0-9241-22763f322193.html,"Alexandria Real Estate Equities, Inc. Announces Pricing of Public Offering of $1,000,000,000 of Series A Fixed-to-Fixed Reset Rate Junior Subordinated Notes due 2057",Desert Review,2026-08-12T22:20:00+00:00,2026-08-13T11:03:00.035556+00:00,0,False,0.0,,none,False,none,,rss,True
b8355e3c3fe4,https://www.thedesertreview.com/business/county-passes-linc-program-advancing-incentives-to-lithium-developers/article_a8ba6e1b-a7d2-4b8c-bf1a-71ef6abddf55.html,County passes LiNC program advancing incentives to lithium developers,Desert Review,2026-08-12T22:15:00+00:00,2026-08-13T11:03:00.035629+00:00,3,False,0.05,,none,False,city,,rss,True
4dd54115699b,https://www.thedesertreview.com/online_features/press_releases/c-o-r-r-e-c-t-i-o-n----green-evolution/article_29af3d30-63d7-50d7-bf1b-2e962ae41565.html,/C O R R E C T I O N -- Green Evolution Technologies/,Desert Review,2026-08-12T22:09:00+00:00,2026-08-13T11:03:00.035679+00:00,0,False,0.0,,none,False,none,,rss,True
e7240eabe619,https://www.thedesertreview.com/online_features/press_releases/honeywell-aerospace-announces-completion-of-exchange-offer/article_1ac39feb-8857-5713-88da-df89a198cc86.html,Honeywell Aerospace announces completion of exchange offer,Desert Review,2026-08-12T22:00:00+00:00,2026-08-13T11:03:00.035721+00:00,0,False,0.0,,none,False,none,,rss,True
9649f35f1093,https://www.thedesertreview.com/online_features/press_releases/advanced-plastiform-inc-offers-custom-plastics-shipping-to-georgia-manufacturers/article_251c8865-cb54-59ca-ada5-97cc86acf2c3.html,"Advanced Plastiform, Inc. Offers Custom Plastics Shipping to Georgia Manufacturers",Desert Review,2026-08-12T21:55:02+00:00,2026-08-13T11:03:00.035749+00:00,0,False,0.0,,none,False,none,,rss,False
fdc07958f162,https://www.thedesertreview.com/education/padilla-senate-colleagues-urge-state-department-to-address-student-visa-delays/article_2c6a8fd4-3dc7-4a75-a6d6-053ec830db71.html,"Padilla, Senate colleagues urge State Department to address student visa delays",Desert Review,2026-08-12T21:46:00+00:00,2026-08-13T11:03:00.035794+00:00,0,False,0.0,,none,False,none,,rss,True
0dfae14c64fc,https://www.thedesertreview.com/online_features/press_releases/bow-river-law-wins-clawbies-award-for-best-canadian-law-blog/article_cf007c21-1a2d-50c8-ab00-ece4de782fbf.html,Bow River Law Wins Clawbies Award for Best Canadian Law Blog,Desert Review,2026-08-12T21:46:45+00:00,2026-08-13T11:03:00.035822+00:00,0,False,0.0,,none,False,none,,rss,True
a92920a75028,https://www.thedesertreview.com/news/national/michigan-s-local-election-officials-are-confident-in-voting-integrity-ahead-of-november-s-midterm/article_185e2d22-12c7-590c-9339-376b59e78779.html,Michigan’s local election officials are confident in voting integrity ahead of November’s midterm election,Desert Review,2026-08-12T21:32:10+00:00,2026-08-13T11:03:00.035866+00:00,0,False,0.0,,none,False,none,,rss,True
e48ff0fb0e0b,https://www.thedesertreview.com/news/national/gop-lawmaker-targets-fed-interest-payments-to-banks-as-way-to-fund-healthcare/article_765f1492-a807-5078-bafb-717f5e2bda62.html,GOP lawmaker targets Fed interest payments to banks as way to fund healthcare,Desert Review,2026-08-12T21:24:00+00:00,2026-08-13T11:03:00.035911+00:00,0,False,0.0,,none,False,none,,rss,True
4ee5cfb1b436,https://www.thedesertreview.com/news/state/nick-reiner-indicted-pleads-not-guilty-to-parents-murders/article_4fe6ed76-4570-5a1a-b292-b8e5ee0580a5.html,"Nick Reiner indicted, pleads not guilty to parents' murders",Desert Review,2026-08-12T21:20:00+00:00,2026-08-13T11:03:00.035948+00:00,0,False,0.0,,none,False,none,,rss,True
4b7634a3a6e9,https://kyma.com/news/imperial-county/2026/08/13/brawley-back-to-school-event-helps-families-heat-high-cost-of-supplies/,Brawley back-to-school event helps families heat high cost of supplies,KYMA,2026-08-14T00:44:04+00:00,2026-08-14T11:00:09.065245+00:00,6,False,0.1,,none,False,city,,rss,True
51810f9fa14a,https://kyma.com/news/imperial-county/2026/08/13/crews-in-imperial-county-work-to-repair-damage-left-behind-by-storms/,Crews in Imperial County work to repair damage left behind by storms,KYMA,2026-08-13T23:49:25+00:00,2026-08-14T11:00:09.065319+00:00,6,False,0.1,,none,False,city,,rss,True
36ea4b5aa2b2,https://kyma.com/decision-politics/local-politics/2026/08/14/brawley-city-council-member-gil-rebollar-wont-seek-reelection/,Brawley City Council member Gil Rebollar won’t seek reelection,KYMA,2026-08-15T00:29:58+00:00,2026-08-15T10:26:50.959096+00:00,3,False,0.05,,none,False,city,,rss,True
7f2c770e1cba,https://kyma.com/decision-politics/local-politics/2026/08/14/carlos-yogi-fonseca-runs-for-calexico-city-council/,Carlos ‘Yogi’ Fonseca runs for Calexico City Council,KYMA,2026-08-14T22:42:58+00:00,2026-08-15T10:26:50.959179+00:00,3,False,0.05,,none,False,city,,rss,True
fdf1ef9007bf,https://kyma.com/crashes/2026/08/14/two-injured-in-crash-on-highway-111-in-calexico/,Two injured in crash on Highway 111 in Calexico,KYMA,2026-08-14T22:33:22+00:00,2026-08-15T10:26:50.959237+00:00,3,False,0.05,,none,False,city,,rss,True
a7ff6071ba34,https://www.ivpressonline.com/online_features/espanol/qu-buscar-al-considerar-un-pr-stamo-personal-con-garant-a-de-auto/article_ed4f92ec-add6-5a64-949d-1c722a5e1d8a.html,Qué buscar al considerar un préstamo personal con garantía de auto,IV Press,2026-08-17T05:00:00+00:00,2026-08-17T10:35:53.463701+00:00,0,False,0.0,,none,False,none,,rss,False
635e8edcc1aa,https://www.ivpressonline.com/online_features/espanol/4-h-bitos-diarios-para-mantener-un-cerebro-sano-y-mejorar-la-funci-n-cognitive/article_8457be3d-4ed9-52f6-a185-d4c1cfecc5e2.html,4 hábitos diarios para mantener un cerebro sano y mejorar la función cognitive,IV Press,2026-08-17T05:00:00+00:00,2026-08-17T10:35:53.463741+00:00,0,False,0.0,,none,False,none,,rss,False
d7fc875bfcef,https://www.ivpressonline.com/online_features/family_living/more-than-hair-how-the-back-to-school-haircut-impacts-confidence/article_7559ef0d-63f2-5649-95e0-762a9df6de84.html,More Than Hair: How the Back-to-School Haircut Impacts Confidence,IV Press,2026-08-17T05:00:00+00:00,2026-08-17T10:35:53.463770+00:00,0,False,0.0,,none,False,none,,rss,False
03c285e8a87e,https://www.ivpressonline.com/online_features/family_living/3-must-dos-before-your-next-road-trip/article_c4b57093-ed9a-58d3-a8a2-2c872f2dc462.html,3 Must-Dos Before Your Next Road Trip,IV Press,2026-08-17T05:00:00+00:00,2026-08-17T10:35:53.463796+00:00,0,False,0.0,,none,False,none,,rss,False
4a76039a100c,https://www.ivpressonline.com/online_features/family_living/forever-to-for-sale-the-resilient-flooring-benefits-for-short--and-long-term-homeowners/article_d94c2d81-7d6e-50ac-9e7a-1c1260686b4d.html,Forever to For Sale: The Resilient Flooring Benefits for Short- and Long-Term Homeowners,IV Press,2026-08-17T05:00:00+00:00,2026-08-17T10:35:53.463825+00:00,0,False,0.0,,none,False,none,,rss,False
e46fbfe05c00,https://www.ivpressonline.com/online_features/home_decorating/5-summer-safety-risks-homeowners-often-overlook-when-hosting/article_7170e8b3-97b2-5b66-a525-5e0b28082bca.html,5 Summer Safety Risks Homeowners Often Overlook When Hosting,IV Press,2026-08-17T05:00:00+00:00,2026-08-17T10:35:53.463851+00:00,0,False,0.0,,none,False,none,,rss,False
77080c79b974,https://www.ivpressonline.com/online_features/food_recipes_entertaining/school-night-meals-that-help-busy-families-share-time-together/article_543ca455-13ef-5898-a51d-b0435ffe872e.html,School Night Meals That Help Busy Families Share Time Together,IV Press,2026-08-17T05:00:00+00:00,2026-08-17T10:35:53.463877+00:00,0,False,0.0,,none,False,none,,rss,False
9c0c1110e594,https://www.ivpressonline.com/online_features/health_and_wellness/pediatric-cancer-goes-beyond-a-victory-bell-how-research-and-innovation-improve-survivorship-rates/article_5b5f979f-42fc-57c2-804d-db0876ade0d1.html,Pediatric Cancer Goes Beyond a Victory Bell: How Research and Innovation Improve Survivorship Rates,IV Press,2026-08-17T05:00:00+00:00,2026-08-17T10:35:53.463906+00:00,0,False,0.0,,none,False,none,,rss,False
9ad256bba4be,https://www.ivpressonline.com/online_features/home_improvement/fall-tree-planting-expert-guidance-for-optimal-growth/article_fb156da8-55fe-5097-8b8b-07c938902106.html,Fall Tree Planting: Expert Guidance for Optimal Growth,IV Press,2026-08-17T05:00:00+00:00,2026-08-17T10:35:53.463930+00:00,0,False,0.0,,none,False,none,,rss,False
52bbe20d9c11,https://www.ivpressonline.com/online_features/money_and_finance/top-5-tips-for-teaching-kids-modern-money-lessons-in-the-digital-age/article_630d9422-4043-5e2f-9a69-25c191103d6e.html,Top 5 Tips for Teaching Kids Modern Money Lessons in the Digital Age,IV Press,2026-08-17T05:00:00+00:00,2026-08-17T10:35:53.463955+00:00,0,False,0.0,,none,False,none,,rss,False
99846a7883f6,https://www.ivpressonline.com/online_features/press_releases/xppen-marks-its-21st-anniversary-with-doodle-the-world-bringing-creativity-beyond-boundaries/article_c7ab7dd5-fc95-5ea0-97c8-0cffcaa757c0.html,"XPPen Marks Its 21st Anniversary with ""DOODLE THE WORLD"", Bringing Creativity Beyond Boundaries",IV Press,2026-08-16T14:04:00+00:00,2026-08-17T10:35:53.464008+00:00,0,False,0.0,,none,False,none,,rss,True
174700946e74,https://www.ivpressonline.com/online_features/press_releases/independent-etsy-brand-naughty-chicken-tees-proves-small-business-creativity-can-compete-in-the-mainstream/article_e85a8929-270e-56d8-a311-0d503d703690.html,Independent Etsy Brand Naughty Chicken Tees Proves Small Business Creativity Can Compete in the Mainstream Fashion Conversation,IV Press,2026-08-16T03:35:01+00:00,2026-08-17T10:35:53.464040+00:00,0,False,0.0,,none,False,none,,rss,False
3043fa2f09db,https://www.ivpressonline.com/online_features/press_releases/getprboost-starts-same-week-press-release-distribution/article_c578b9ae-bb29-5f2e-9a5b-96fda721c895.html,GetPRBoost Starts Same-Week Press Release Distribution,IV Press,2026-08-15T16:31:16+00:00,2026-08-17T10:35:53.464065+00:00,0,False,0.0,,none,False,none,,rss,False
04f7613c867b,https://www.ivpressonline.com/online_features/press_releases/xstrastar-launches-219-page-bilingual-reference-library-for-ai-search-visibility/article_da5e2754-1ade-5844-91f1-0fa30103ea79.html,XstraStar Launches 219-Page Bilingual Reference Library for AI Search Visibility,IV Press,2026-08-15T13:05:03+00:00,2026-08-17T10:35:53.464104+00:00,0,False,0.0,,none,False,none,,rss,True
a8c8a83907dd,https://www.ivpressonline.com/online_features/press_releases/manhattan-24-hour-live-in-care-swaps-fear-for-peace-of-mind-at-touching-hearts/article_bec7d34c-645c-5cda-84f8-0462e30cee8c.html,Manhattan 24 Hour Live-In Care Swaps Fear for Peace of Mind at Touching Hearts at Home NYC,IV Press,2026-08-15T13:05:03+00:00,2026-08-17T10:35:53.464140+00:00,0,False,0.0,,none,False,none,,rss,True
b356b827cb93,https://www.ivpressonline.com/online_features/press_releases/international-influencers-explore-beihai-discovering-its-azure-seas-rich-heritage-and-warm-local-life/article_e755e422-196d-542a-b9a5-e377fc3b6806.html,"International Influencers Explore Beihai, Discovering Its Azure Seas, Rich Heritage and Warm Local Life",IV Press,2026-08-15T11:45:02+00:00,2026-08-17T10:35:53.464168+00:00,0,False,0.0,,none,False,none,,rss,False
924d49b07dac,https://www.ivpressonline.com/online_features/press_releases/ambrosia-belle-cosmetics-sponsors-global-millionaires-success-summit/article_54bb99c5-420f-5a2f-b5c6-08f44908e02e.html,Ambrosia Belle Cosmetics Sponsors Global Millionaires Success Summit,IV Press,2026-08-15T11:35:03+00:00,2026-08-17T10:35:53.464202+00:00,0,False,0.0,,none,False,none,,rss,True
3746978fc31e,https://www.ivpressonline.com/online_features/press_releases/robotics-ai-global-showcase-2026-brings-robotics-ai-investment-leaders-to-silicon-valley/article_142c293a-66e3-596f-abc2-66d8c0213f84.html,"Robotics & AI Global Showcase 2026 Brings Robotics, AI & Investment Leaders to Silicon Valley",IV Press,2026-08-15T11:35:03+00:00,2026-08-17T10:35:53.464229+00:00,0,False,0.0,,none,False,none,,rss,False
24d51e07b15a,https://www.ivpressonline.com/online_features/press_releases/thebean-ai-launches-ai-personal-trainer-to-make-personalized-fitness-coaching-accessible-to-everyone/article_96d49c38-7f71-55b5-bfff-3c38cfa9f631.html,TheBean.ai Launches AI Personal Trainer to Make Personalized Fitness Coaching Accessible to Everyone,IV Press,2026-08-15T11:30:01+00:00,2026-08-17T10:35:53.464258+00:00,0,False,0.0,,none,False,none,,rss,False
17a5c9524cf9,https://www.ivpressonline.com/online_features/press_releases/sino-adhesive-showcases-pur-hot-melt-and-tpu-lamination-solutions-at-itm-2026-in-istanbul/article_b125fc28-2081-5597-82df-58e0edf8fd79.html,Sino-Adhesive showcases PUR hot melt and TPU lamination solutions at ITM 2026 in Istanbul,IV Press,2026-08-15T11:30:01+00:00,2026-08-17T10:35:53.464284+00:00,0,False,0.0,,none,False,none,,rss,False
92f0e845b4a0,https://www.ivpressonline.com/online_features/press_releases/garage-door-repairs-san-diego-expands-local-service-coverage-across-san-diego/article_2845b5e8-ed36-5c07-87e2-b88a27baf4bd.html,Garage Door Repairs San Diego expands local service coverage across San Diego,IV Press,2026-08-15T11:15:03+00:00,2026-08-17T10:35:53.464311+00:00,0,False,0.0,,none,False,none,,rss,False
3e81148d6702,https://www.ivpressonline.com/online_features/press_releases/simaia-details-ai-search-visibility-geo-for-textile-suppliers-and-manufacturers/article_d025ac1e-f4c0-5bba-8697-328eff8865fc.html,Simaia Details AI Search Visibility (GEO) for Textile Suppliers and Manufacturers,IV Press,2026-08-15T11:15:03+00:00,2026-08-17T10:35:53.464362+00:00,0,False,0.0,,none,False,none,,rss,True
b813b4856b54,https://www.ivpressonline.com/online_features/press_releases/rising-fuel-costs-push-lawn-mowing-prices-up-roughly-5-in-major-u-s-markets/article_05926840-26f4-5c3d-b785-f2267a325213.html,Rising Fuel Costs Push Lawn Mowing Prices Up Roughly 5% in Major U.S. Markets,IV Press,2026-08-15T11:15:03+00:00,2026-08-17T10:35:53.464387+00:00,0,False,0.0,,none,False,none,,rss,False
db6b74bd5f54,https://www.ivpressonline.com/online_features/press_releases/new-jersey-medigap-rates-for-identical-plan-g-coverage-run-147-88-to-260-98/article_95eae52e-2972-56c7-abba-ee27615e1d72.html,"New Jersey Medigap Rates for Identical Plan G Coverage Run $147.88 to $260.98 a Month, Filed-Rate Review Finds",IV Press,2026-08-15T11:15:03+00:00,2026-08-17T10:35:53.464415+00:00,0,False,0.0,,none,False,none,,rss,False
4a7198c50a99,https://www.ivpressonline.com/online_features/press_releases/the-beach-street-inn-publishes-gps-guided-driving-tour-app/article_abead91d-6a29-5e68-b90c-7a0fc16026cb.html,The Beach Street Inn Publishes GPS-Guided Driving Tour App,IV Press,2026-08-15T11:10:40+00:00,2026-08-17T10:35:53.464441+00:00,0,False,0.0,,none,False,none,,rss,False
82453d83c2a6,https://kyma.com/news/imperial-county/2026/08/17/el-centro-goodwill-celebrates-national-thrift-shop-day/,El Centro Goodwill celebrates National Thrift Shop Day,KYMA,2026-08-17T22:49:42+00:00,2026-08-18T10:33:10.829141+00:00,6,False,0.1,,none,False,city,,rss,True
b9dca2135ba0,https://kyma.com/news/imperial-county/2026/08/17/cbp-to-install-facial-recognition-technology-at-calexico-port-of-entry/,CBP to install facial recognition technology at Calexico Port of Entry,KYMA,2026-08-17T19:47:34+00:00,2026-08-18T10:33:10.829220+00:00,6,False,0.1,,none,False,city,,rss,True
2264ab76df87,https://kyma.com/news/imperial-county/2026/08/18/icfd-staffing-shortages-and-excessive-overtime-reach-board-of-supervisors/,ICFD staffing shortages and excessive overtime reach Board of Supervisors,KYMA,2026-08-19T01:08:38+00:00,2026-08-19T10:33:08.793133+00:00,3,False,0.05,,none,False,city,,rss,True
744323eece5e,https://kyma.com/news/imperial-county/2026/08/18/leaders-converge-in-calexico-to-push-for-permanent-new-river-fix/,Leaders converge in Calexico to push for permanent New River fix,KYMA,2026-08-18T23:02:26+00:00,2026-08-19T10:33:08.793214+00:00,6,False,0.1,,none,False,city,,rss,True
2d166a38e674,https://kyma.com/news/imperial-county/2026/08/18/theresa-caputo-live-the-experience-happening-this-weekend/,Theresa Caputo Live! The Experience happening this weekend,KYMA,2026-08-18T20:05:32+00:00,2026-08-19T10:33:08.793275+00:00,3,False,0.05,,none,False,city,,rss,True
4544fe5d3312,https://kyma.com/news/imperial-county/2026/08/18/traffic-stop-in-el-centro-turns-into-high-speed-chase/,Traffic stop in El Centro turns into high-speed chase,KYMA,2026-08-18T19:48:11+00:00,2026-08-19T10:33:08.793336+00:00,6,False,0.1,,none,False,city,,rss,True
cca58681f881,https://kyma.com/news/imperial-county/2026/08/18/police-chase-in-imperial-county-ends-in-arrest/,Police chase in Imperial County ends in arrest,KYMA,2026-08-18T21:44:43+00:00,2026-08-19T10:33:08.793392+00:00,6,False,0.1,,none,False,city,,rss,True
46bd3662f355,https://kyma.com/news/imperial-county/2026/08/19/food-bank-expands-weekend-backpack-program-to-fight-childhood-hunger-in-imperial-county/,Food bank expands ‘Weekend Backpack Program’ to fight childhood hunger in Imperial County,KYMA,2026-08-20T00:26:39+00:00,2026-08-20T10:34:52.915094+00:00,6,False,0.1,,none,False,city,,rss,True
a2006dd8edbf,https://kyma.com/decision-politics/local-politics/2026/08/19/diana-nuricumbo-seeks-reelection-for-calexico-city-council/,Diana Nuricumbo seeks reelection for Calexico City Council,KYMA,2026-08-20T00:02:49+00:00,2026-08-20T10:34:52.915171+00:00,3,False,0.05,,none,False,city,,rss,True
61917d9e21e9,https://kyma.com/news/imperial-county/2026/08/19/citrus-tree-in-calexico-tests-positive-for-deadly-disease/,Citrus tree in Calexico tests positive for deadly disease,KYMA,2026-08-19T21:57:43+00:00,2026-08-20T10:34:52.915246+00:00,6,False,0.1,,none,False,city,,rss,True
2f77829b3f09,https://kyma.com/decision-politics/local-politics/2026/08/19/city-of-calexico-updates-housing-plan-following-lawsuit/,City of Calexico updates housing plan following lawsuit,KYMA,2026-08-19T21:43:09+00:00,2026-08-20T10:34:52.915306+00:00,3,False,0.05,,none,False,city,,rss,True
dc2ebc34fc34,https://www.thedesertreview.com/online_features/press_releases/faith-beyond-exclusion-historic-earl-lectures-gather-leaders-for-an-urgent-moment/article_35624d86-b26a-55fa-80c9-6f99806f44d7.html,"""Faith Beyond Exclusion"": Historic Earl Lectures Gather Leaders for an Urgent Moment",Desert Review,2026-08-20T04:06:00+00:00,2026-08-20T10:34:57.813488+00:00,0,False,0.0,,none,False,none,,rss,True
637ed132de13,https://www.thedesertreview.com/online_features/press_releases/necrobrew-rises-from-the-shadows-to-deliver-roasted-to-order-coffee-with-a-dark-alternative/article_859761ec-e44c-57df-8a64-ead4d88cc218.html,"NecroBrew Rises From the Shadows to Deliver Roasted-to-Order Coffee With a Dark, Alternative Edge",Desert Review,2026-08-20T03:30:04+00:00,2026-08-20T10:34:57.813526+00:00,0,False,0.0,,none,False,none,,rss,False
7333fd0286f2,https://www.thedesertreview.com/online_features/press_releases/crazy-beanies-redefines-headwear-fashion-with-domestically-manufactured-designs-that-appeal-to-every-age-and/article_d27ff877-b907-5a82-b9b0-5b2d657de451.html,Crazy Beanies Redefines Headwear Fashion With Domestically Manufactured Designs That Appeal to Every Age and Style,Desert Review,2026-08-20T03:20:02+00:00,2026-08-20T10:34:57.813560+00:00,0,False,0.0,,none,False,none,,rss,False
800b8fe9ba62,https://www.thedesertreview.com/online_features/press_releases/email-encryption-market-to-reach-usd-23-33-billion-by-2030-driven-by-rising-cyber/article_33678c35-4e8d-506e-9c19-90a5d93d8c5f.html,"Email Encryption Market to Reach USD 23.33 Billion by 2030, Driven by Rising Cyber Threats and Data Privacy Regulations | Report by MarketsandMarkets™",Desert Review,2026-08-20T03:15:02+00:00,2026-08-20T10:34:57.813601+00:00,0,False,0.0,,none,False,none,,rss,False
3485f825cb88,https://www.thedesertreview.com/online_features/press_releases/a-new-icons-arrival-genesis-unveils-gv90-flagship-suv/article_76a6d1cd-f9f2-53fa-8da4-72b449981715.html,A NEW ICON'S ARRIVAL: GENESIS UNVEILS GV90 FLAGSHIP SUV,Desert Review,2026-08-20T03:00:00+00:00,2026-08-20T10:34:57.813652+00:00,0,False,0.0,,none,False,none,,rss,True
e143ebd119a8,https://www.thedesertreview.com/online_features/press_releases/from-bean-belt-to-break-room-how-bluecollar-brewing-co-sources-the-finest-coffee-from/article_ee1ce71c-b674-504c-ab58-d5e6fa4120e7.html,From Bean Belt to Break Room: How Bluecollar-Brewing Co Sources the Finest Coffee From Global Growing Regions for Everyday Drinkers,Desert Review,2026-08-20T02:55:03+00:00,2026-08-20T10:34:57.813683+00:00,0,False,0.0,,none,False,none,,rss,False
7dcc346b163c,https://www.thedesertreview.com/online_features/press_releases/roam2rescue-brings-adventure-ready-apparel-and-gear-to-the-rescue-animal-community/article_f149fd57-c84b-54d3-8ecb-91a9e5bbb59e.html,Roam2Rescue Brings Adventure-Ready Apparel and Gear to the Rescue-Animal Community,Desert Review,2026-08-20T02:45:02+00:00,2026-08-20T10:34:57.813711+00:00,0,False,0.0,,none,False,none,,rss,False
a764aa81d3b9,https://www.thedesertreview.com/online_features/press_releases/central-plumbing-heating-air-conditioning-expands-rapid-ac-repair-response-across-bucks-and-montgomery-county/article_349c9aa0-7a37-538c-a49b-d56e131d0376.html,"Central Plumbing, Heating & Air Conditioning Expands Rapid AC Repair Response Across Bucks and Montgomery County",Desert Review,2026-08-20T02:46:20+00:00,2026-08-20T10:34:57.813741+00:00,0,False,0.0,,none,False,none,,rss,False
2cc550cc1077,https://www.thedesertreview.com/online_features/press_releases/docomo-to-end-the-manga-mirai-digital-comic-distribution-service-and-migrate-purchased-titles-to/article_3950da8d-7227-5873-8ed4-adf24c609c32.html,"DOCOMO to End the ""MANGA MIRAI"" Digital Comic Distribution Service and Migrate Purchased Titles to ""MangaPlaza""",Desert Review,2026-08-20T02:42:00+00:00,2026-08-20T10:34:57.813792+00:00,0,False,0.0,,none,False,none,,rss,True
f427da7e375b,https://www.thedesertreview.com/online_features/press_releases/new-apparel-brand-selfless-elixir-challenges-fashion-norms-by-putting-positive-values-ahead-of-hype/article_c9d9e6e9-a484-5fa1-a73d-c86999046a86.html,New Apparel Brand Selfless Elixir Challenges Fashion Norms by Putting Positive Values Ahead of Hype and Status Symbols,Desert Review,2026-08-20T02:30:03+00:00,2026-08-20T10:34:57.813822+00:00,0,False,0.0,,none,False,none,,rss,False
cf8dc522eac2,https://www.thedesertreview.com/online_features/press_releases/how-neurodivergent-focus-fuels-the-intricate-wall-sculptures-of-natasha-kanevski-rewriting-the-narrative-on/article_00180400-c666-5a4b-b9d7-95257e068017.html,"How Neurodivergent Focus Fuels the Intricate Wall Sculptures of Natasha Kanevski, Rewriting the Narrative on Repetition in Fine Art.",Desert Review,2026-08-20T02:30:03+00:00,2026-08-20T10:34:57.813853+00:00,0,False,0.0,,none,False,none,,rss,False
aa358471ae78,https://www.thedesertreview.com/online_features/press_releases/best-ai-search-geo-aeo-agencies-for-universities-2026-report-published-by-lockhart-research/article_027d3c86-380e-57bf-bf0a-7dd26489d690.html,Best AI Search (GEO/AEO) Agencies for Universities (2026) Report Published by Lockhart Research,Desert Review,2026-08-20T02:30:03+00:00,2026-08-20T10:34:57.813881+00:00,0,False,0.0,,none,False,none,,rss,False
deb93f52429f,https://www.thedesertreview.com/online_features/press_releases/best-ai-search-geo-aeo-agencies-for-law-firms-2026-report-published-by-lockhart-research/article_e95c7a52-ca69-5615-9d3b-56f5c648ebb6.html,Best AI Search (GEO/AEO) Agencies for Law Firms (2026) Report Published by Lockhart Research,Desert Review,2026-08-20T02:25:02+00:00,2026-08-20T10:34:57.813909+00:00,0,False,0.0,,none,False,none,,rss,False
8a74524754fd,https://www.thedesertreview.com/online_features/press_releases/chicago-child-support-attorney-molly-e-caesar-explains-how-illinois-calculates-and-enforces-support-orders/article_372d37f1-06bd-5a3a-89a1-f496b4c66cc1.html,Chicago Child Support Attorney Molly E. Caesar Explains How Illinois Calculates and Enforces Support Orders,Desert Review,2026-08-20T02:25:02+00:00,2026-08-20T10:34:57.813938+00:00,0,False,0.0,,none,False,none,,rss,False
5587f7f1b18f,https://www.thedesertreview.com/online_features/press_releases/best-ai-search-geo-aeo-agencies-for-real-estate-2026-report-published-by-lockhart-research/article_2be52bbd-b3cd-515e-86a0-9a9d504400f3.html,Best AI Search (GEO/AEO) Agencies for Real Estate (2026) Report Published by Lockhart Research,Desert Review,2026-08-20T02:25:02+00:00,2026-08-20T10:34:57.813966+00:00,0,False,0.0,,none,False,none,,rss,False
68b760cbc98e,https://www.thedesertreview.com/online_features/press_releases/bergen-county-firearm-defense-attorney-adam-m-lustberg-explains-fopa-protections-for-travelers-transporting-firearms/article_30ea3f22-1dd7-5080-a81e-e53412fcdcc9.html,Bergen County Firearm Defense Attorney Adam M. Lustberg Explains FOPA Protections for Travelers Transporting Firearms Through New Jersey,Desert Review,2026-08-20T02:20:03+00:00,2026-08-20T10:34:57.813997+00:00,0,False,0.0,,none,False,none,,rss,False
8193cbe57e7d,https://www.thedesertreview.com/online_features/press_releases/practically-magic-brings-farm-grown-skincare-to-women-seeking-natural-solutions-from-head-to-toe/article_0829e3d0-6585-55c9-81ee-85e0f68fefa4.html,Practically Magic Brings Farm-Grown Skincare to Women Seeking Natural Solutions From Head to Toe Across the United States,Desert Review,2026-08-20T02:20:03+00:00,2026-08-20T10:34:57.814028+00:00,0,False,0.0,,none,False,none,,rss,False
db8ae7dedc39,https://www.thedesertreview.com/online_features/press_releases/kwati-ai-develops-ai-native-erp-platform-to-unify-enterprise-workflows-data-and-decision-making/article_18c96af8-10d4-5237-ba0d-113693ce9dff.html,"Kwati AI Develops AI-Native ERP Platform to Unify Enterprise Workflows, Data and Decision-Making",Desert Review,2026-08-20T02:15:02+00:00,2026-08-20T10:34:57.814067+00:00,0,False,0.0,,none,False,none,,rss,True
0546f75626e1,https://www.thedesertreview.com/online_features/press_releases/how-petsupplies-hq-llc-is-redefining-customer-confidence-in-pet-products-with-a-100-satisfaction/article_fc799d45-05a5-553e-b066-f6b4dc4b36a0.html,How Petsupplies HQ LLC Is Redefining Customer Confidence in Pet Products With a 100% Satisfaction Guarantee and American Values,Desert Review,2026-08-20T02:10:01+00:00,2026-08-20T10:34:57.814098+00:00,0,False,0.0,,none,False,none,,rss,False
d23b375ba121,https://www.thedesertreview.com/online_features/press_releases/foodpang-south-korea-s-largest-ai-powered-b2b-food-commerce-platform-expands-into-global-k/article_4a36ade3-f806-5e9a-b651-3496a188f2ec.html,"FOODPANG, South Korea’s Largest AI-Powered B2B Food Commerce Platform, Expands into Global K-Food Reverse Commerce Philippines Service Live, Series C Fundraising Underway",Desert Review,2026-08-20T02:10:01+00:00,2026-08-20T10:34:57.814136+00:00,0,False,0.0,,none,False,none,,rss,False
52f5398a5fdd,https://www.thedesertreview.com/online_features/press_releases/mims-motors-corporation-and-electronergy-announce-strategic-joint-venture-to-establish-global-ev-manufacturing-platform/article_86adc8e7-4e92-54b0-9304-0eadba28e652.html,MIMS Motors Corporation and Electronergy Announce Strategic Joint Venture to Establish Global EV Manufacturing Platform,Desert Review,2026-08-20T02:05:02+00:00,2026-08-20T10:34:57.814175+00:00,0,False,0.0,,none,False,none,,rss,True
59cf4fc1f1a3,https://www.thedesertreview.com/online_features/press_releases/leash-the-wilderness-introduces-all-in-one-catfish-angler-starter-kit-giving-beginners-everything-they/article_187fc47f-c5fe-5d6e-8f8b-811f1506055b.html,Leash The Wilderness Introduces All-in-One Catfish Angler Starter Kit Giving Beginners Everything They Need to Hit the Water,Desert Review,2026-08-20T02:05:02+00:00,2026-08-20T10:34:57.814206+00:00,0,False,0.0,,none,False,none,,rss,False
77b4bf9d8a31,https://www.thedesertreview.com/online_features/press_releases/from-military-service-to-coffee-mastery-how-eager-beaver-roasters-llc-turned-a-lifelong-obsession/article_2fcd5651-fb25-5376-8392-a0ad344bec1c.html,From Military Service to Coffee Mastery: How Eager Beaver Roasters LLC Turned a Lifelong Obsession Into a Thriving San Diego Business,Desert Review,2026-08-20T01:55:04+00:00,2026-08-20T10:34:57.814237+00:00,0,False,0.0,,none,False,none,,rss,False
a0cfe141b5ee,https://www.thedesertreview.com/online_features/press_releases/east-coast-boxing-apparel-co-relaunches-iconic-local-brand-bringing-fighting-spirit-from-the-ring/article_f27e7b38-17e2-5de7-88d1-0f53e7228828.html,"East Coast Boxing Apparel Co. Relaunches Iconic Local Brand, Bringing Fighting Spirit from the Ring to the Wardrobe",Desert Review,2026-08-20T01:55:04+00:00,2026-08-20T10:34:57.814265+00:00,0,False,0.0,,none,False,none,,rss,False
29ef555408b1,https://www.thedesertreview.com/online_features/press_releases/iconic-jeep-grows-from-hobby-roots-into-award-winning-jeep-customization-destination-in-tampa-bay/article_7b394bd5-d98b-5fa7-a456-69639311dfb6.html,Iconic Jeep Grows From Hobby Roots Into Award-Winning Jeep Customization Destination in Tampa Bay,Desert Review,2026-08-20T01:35:01+00:00,2026-08-20T10:34:57.814293+00:00,0,False,0.0,,none,False,none,,rss,False
d4de60ea9ecb,https://kyma.com/education/2026/08/20/imperial-valley-college-and-university-of-arizona-yuma-announce-new-partnership/,IVC and University of Arizona Yuma announce new partnership,KYMA,2026-08-21T01:10:09+00:00,2026-08-21T10:34:25.572413+00:00,6,False,0.1,,none,False,city,,rss,True
fe4463138a0b,https://kyma.com/news/imperial-county/2026/08/20/imperial-county-declares-local-emergency-due-to-storm-damage/,Imperial County declares local emergency due to storm damage,KYMA,2026-08-20T22:47:48+00:00,2026-08-21T10:34:25.572491+00:00,6,False,0.1,,none,False,city,,rss,True
b7f44b44dd07,https://kyma.com/news/imperial-county/2026/08/20/man-with-gun-forces-two-salton-city-schools-to-go-into-lockdown/,Man with gun forces two Salton City schools to go into lockdown,KYMA,2026-08-20T22:38:27+00:00,2026-08-21T10:34:25.572553+00:00,6,False,0.1,,none,False,city,,rss,True
1293e79d4954,https://kyma.com/news/imperial-county/2026/08/20/court-orders-environmental-review-fixes-for-imperial-county-lithium-project/,Court orders environmental review fixes for Imperial County Lithium Project,KYMA,2026-08-20T21:42:59+00:00,2026-08-21T10:34:25.572622+00:00,6,False,0.1,,none,False,city,,rss,True
c6769078f2ee,https://kyma.com/decision-politics/2026/08/20/jason-jackson-is-running-for-el-centro-city-council/,Jason Jackson is running for El Centro City Council,KYMA,2026-08-20T19:24:16+00:00,2026-08-21T10:34:25.572677+00:00,3,False,0.05,,none,False,city,,rss,True
4ff88a784750,https://www.ivpressonline.com/online_features/tech_talk_and_innovation/reinventing-business-internet-from-the-ground-up-and-the-sky-down/article_5213f245-0272-5d04-b1d4-7ed426e97efe.html,Reinventing Business Internet from the Ground Up and the Sky Down,IV Press,2026-08-21T08:00:00+00:00,2026-08-21T10:34:28.055010+00:00,0,False,0.0,,none,False,none,,rss,True
8f999c5d28a4,https://www.ivpressonline.com/online_features/food_recipes_entertaining/how-playing-a-quick-puzzle-can-improve-your-workday/article_549d2185-7e13-5d1d-91f4-7cd098f926bd.html,How Playing A Quick Puzzle Can Improve Your Workday,IV Press,2026-08-21T08:00:00+00:00,2026-08-21T10:34:28.055054+00:00,0,False,0.0,,none,False,none,,rss,True
9608de33b707,https://www.ivpressonline.com/online_features/green_living/clearing-the-air-for-the-next-school-year/article_9bb12f71-0413-53c7-828c-d86e9c105352.html,Clearing the Air For the Next School Year,IV Press,2026-08-21T08:00:00+00:00,2026-08-21T10:34:28.055100+00:00,0,False,0.0,,none,False,none,,rss,True
14d7572d331d,https://www.ivpressonline.com/online_features/green_living/dorm-room-and-apartment-shopping-how-to-pick-upholstered-furniture-and-bedding/article_89b8b242-3291-55b0-93b4-27c3059406d8.html,Dorm Room and Apartment Shopping:  How to Pick Upholstered Furniture and Bedding,IV Press,2026-08-21T08:00:00+00:00,2026-08-21T10:34:28.055156+00:00,0,False,0.0,,none,False,none,,rss,True
e5405a8987d1,https://www.ivpressonline.com/adelantevalle/equipos-locales-de-voleibol-toman-impulso-con-victorias-a-principios-de-temporada/article_2dbaa9b4-e805-4c98-9c59-51f6f8c72ad9.html,Equipos locales de voleibol toman impulso con victorias a principios de temporada,IV Press,2026-08-21T07:00:00+00:00,2026-08-21T10:34:28.055201+00:00,0,False,0.0,,none,False,none,,rss,True
5b8fbc931a76,https://www.ivpressonline.com/adelantevalle/cuando-el-r-o-suena-candidatos/article_bc8521ca-4d16-4960-b2ce-152ae6319377.html,CUANDO EL RÍO SUENA: Candidatos,IV Press,2026-08-21T07:00:00+00:00,2026-08-21T10:34:28.055250+00:00,6,False,0.1,,none,False,city,,rss,True
1093d01806c9,https://www.ivpressonline.com/adelantevalle/realiza-hpud-reuni-n-comunitaria-sobre-las-tarifas-propuestas-de-agua-y-alcantarillado/article_0ba130cc-dd17-476f-9ba3-54312397a349.html,Realiza HPUD reunión comunitaria sobre las tarifas propuestas de agua y alcantarillado,IV Press,2026-08-21T07:00:00+00:00,2026-08-21T10:34:28.055300+00:00,3,False,0.05,,none,False,city,,rss,True
9dedf267c6d7,https://www.ivpressonline.com/news/valley-briefs-california-highway-patrol-opening-new-el-centro-office/article_70774e64-6492-46c0-bcce-363348d04dc9.html,VALLEY BRIEFS: California Highway Patrol opening new El Centro office,IV Press,2026-08-21T07:00:00+00:00,2026-08-21T10:34:28.055330+00:00,3,False,0.05,,none,False,city,,rss,True
ae75c7c9c371,https://www.ivpressonline.com/news/mexicali-briefs-mexicali-police-launch-heat-relief-drive-as-summer-temperatures-surge-past-109-degrees/article_e1abdb1f-5934-4964-a91d-19fdc382b548.html,MEXICALI BRIEFS: Mexicali Police launch heat relief drive as summer temperatures surge past 109 degrees,IV Press,2026-08-21T07:00:00+00:00,2026-08-21T10:34:28.055361+00:00,0,False,0.0,,none,False,none,,rss,True
76106b65e318,https://www.ivpressonline.com/happeningtoday/happening-tomorrow---august-22/article_8023aff1-cc1d-42f0-9759-c23095c33245.html,Happening Tomorrow - August 22,IV Press,2026-08-21T07:00:00+00:00,2026-08-21T10:34:28.055385+00:00,0,False,0.0,,none,False,none,,rss,True
006e9c9128e6,https://www.ivpressonline.com/news/el-centro-library-launches-imperial-valley-community-archive-to-preserve-local-history/article_2c3abee0-6e96-4f2f-a41a-41ca73a14e5e.html,El Centro Library launches Imperial Valley Community Archive to preserve local history,IV Press,2026-08-21T07:00:00+00:00,2026-08-21T10:34:28.055433+00:00,6,False,0.1,,none,False,city,,rss,True
82dd7e8c8754,https://www.ivpressonline.com/news/cops-briefs-woman-booked-in-connection-with-robbery-conspiracy/article_9972367c-a7e2-4ec0-bc1a-bbe5946548fc.html,COPS BRIEFS: Woman booked in connection with robbery conspiracy,IV Press,2026-08-21T07:00:00+00:00,2026-08-21T10:34:28.055460+00:00,3,False,0.05,,none,False,city,,rss,True
b7807e54bcd6,https://www.ivpressonline.com/news/county-declares-local-emergency-after-severe-storm-batters-infrastructure/article_9116b081-f1d4-493e-89fe-dc8cf38a799f.html,County declares local emergency after severe storm batters infrastructure,IV Press,2026-08-21T07:00:00+00:00,2026-08-21T10:34:28.055508+00:00,6,False,0.1,,none,False,city,,rss,True
c7466678f0ed,https://www.ivpressonline.com/news/assemblyman-warns-new-california-tire-efficiency-rules-could-drive-up-driver-costs/article_6dd89d6e-e0b2-4db7-8479-ea029a7ff8ab.html,Assemblyman warns new California tire efficiency rules could drive up driver costs,IV Press,2026-08-21T07:00:00+00:00,2026-08-21T10:34:28.055558+00:00,0,False,0.0,,none,False,none,,rss,True
88a0708cc5bb,https://www.ivpressonline.com/news/california-lawmakers-pass-bill-capping-commissary-prices-at-private-ice-detention-centers/article_58e6c2af-f379-4efc-8b41-69732b8a02a0.html,California lawmakers pass bill capping commissary prices at private ICE detention centers,IV Press,2026-08-21T07:00:00+00:00,2026-08-21T10:34:28.055608+00:00,0,False,0.0,,none,False,none,,rss,True
6cb1bd4ee301,https://www.ivpressonline.com/news/el-centro-names-marine-veteran-rene-mcnish-as-deputy-police-chief/article_b24ce1f7-835a-451b-a9d6-4b3935834404.html,El Centro names Marine Veteran Rene McNish as deputy police chief,IV Press,2026-08-21T07:00:00+00:00,2026-08-21T10:34:28.055659+00:00,3,False,0.05,,none,False,city,,rss,True
2bc55f612e5a,https://www.ivpressonline.com/opinion/the-mex-factor-candidate-reflections/article_81f98a3c-caed-4211-8076-b14918b976d2.html,THE MEX FACTOR: Candidate reflections,IV Press,2026-08-21T07:00:00+00:00,2026-08-21T10:34:28.055709+00:00,6,False,0.1,,none,False,city,,rss,True
3207b788ed13,https://www.ivpressonline.com/news/state-briefs-authorities-seek-information-surrounding-mysterious-death-of-escondido-man/article_f9bf9324-420e-4f03-968b-d0f608bbcdc2.html,STATE BRIEFS: Authorities seek information surrounding mysterious death of Escondido man,IV Press,2026-08-21T07:00:00+00:00,2026-08-21T10:34:28.055738+00:00,3,False,0.05,,none,False,none,,rss,True
99b61a286e48,https://www.ivpressonline.com/life/home-and-garden-plant-a-tree-for-years-of-beauty-environmental-benefits/article_39cad3b1-608f-454a-b483-bb8b37dae029.html,HOME AND GARDEN: Plant a tree for years of beauty & environmental benefits,IV Press,2026-08-21T07:00:00+00:00,2026-08-21T10:34:28.055790+00:00,0,False,0.0,,none,False,none,,rss,True
28ef305f7f19,https://www.ivpressonline.com/news/gone-too-soon-aunt-molly-s-bbq-soul-food-bids-farewell-to-el-centro/article_6f360733-b060-466d-ad53-260fe20ebca3.html,Gone too soon: Aunt Molly’s BBQ & Soul Food bids farewell to El Centro,IV Press,2026-08-21T07:00:00+00:00,2026-08-21T10:34:28.055834+00:00,3,False,0.05,,none,False,city,,rss,True
1e0d376d80ed,https://www.ivpressonline.com/news/armed-male-report-triggers-brief-precautionary-lockdowns-at-salton-city-schools/article_c2b7e434-5660-4de0-ae9b-8d38ee642bbe.html,Armed male report triggers brief precautionary lockdowns at Salton City schools,IV Press,2026-08-21T07:00:00+00:00,2026-08-21T10:34:28.055911+00:00,0,False,0.0,,none,False,none,,rss,True
d565b82fdcdf,https://www.ivpressonline.com/news/how-iid-has-met-summer-s-highest-energy-demand-so-far/article_4d0fdea7-96af-4869-89d5-b5388c7e4956.html,How IID has met summer’s highest energy demand so far,IV Press,2026-08-21T07:00:00+00:00,2026-08-21T10:34:28.055963+00:00,3,False,0.05,,none,False,city,,rss,True
db18fc9155cb,https://www.ivpressonline.com/news/bos-hones-in-on-county-budget/article_037529d7-1a99-4034-b47b-8b815cd26884.html,BOS hones in on County budget,IV Press,2026-08-21T07:00:00+00:00,2026-08-21T10:34:28.056008+00:00,6,False,0.1,,none,False,city,,rss,True
c5a6b4e75a6c,https://www.ivpressonline.com/news/menifee-names-rodolfo-aguayo-as-new-assistant-city-manager/article_a4dfa5bc-c007-4035-8362-f48cd47b03fc.html,Menifee names Rodolfo Aguayo as new assistant city manager,IV Press,2026-08-21T07:00:00+00:00,2026-08-21T10:34:28.056054+00:00,0,False,0.0,,none,False,none,,rss,True
665607c1a7d4,https://kyma.com/news/imperial-county/2026/08/21/sensory-xplorers-opens-new-location-in-imperial/,Sensory Xplorers opens new location in Imperial,KYMA,2026-08-21T23:17:32+00:00,2026-08-22T10:28:18.983908+00:00,3,False,0.05,,none,False,city,,rss,True
e9fb954a0799,https://kyma.com/news/imperial-county/2026/08/21/california-highway-patrol-upgrades-to-new-el-centro-headquarters/,CHP upgrades to new El Centro Headquarters,KYMA,2026-08-21T22:09:10+00:00,2026-08-22T10:28:18.983982+00:00,6,False,0.1,,none,False,city,,rss,True
7fd13c7ab47d,https://kyma.com/news/imperial-county/2026/08/21/el-centro-library-launches-community-archive-for-imperial-valley/,El Centro Library launches Community Archive for Imperial Valley,KYMA,2026-08-21T22:00:49+00:00,2026-08-22T10:28:18.984069+00:00,6,False,0.1,,none,False,city,,rss,True
d0c553252819,https://kyma.com/news/imperial-county/2026/08/21/theresa-caputo-long-island-medium-talks-about-upcoming-show-at-quechan-casino-resort/,"Theresa Caputo, ‘Long Island Medium,’ talks about upcoming show at Quechan Casino Resort",KYMA,2026-08-21T19:46:50+00:00,2026-08-22T10:28:18.984147+00:00,3,False,0.05,,none,False,city,,rss,True
4120f8befd43,https://kyma.com/news/special-reports/2026/08/21/what-care-looks-like-in-immigration-detention/,What care looks like in immigration detention,KYMA,2026-08-21T17:14:38+00:00,2026-08-22T10:28:18.984206+00:00,3,False,0.05,,none,False,city,,rss,True
027a96dd6391,https://www.ivpressonline.com/online_features/family_living/abcs-for-school-zone-safety-tips-for-drivers-pedestrians-and-bicyclists/article_f1f19546-9c67-5121-bd9b-a4736b3bf7e8.html,"ABCs for School Zone Safety: Tips for Drivers, Pedestrians and Bicyclists",IV Press,2026-08-24T05:00:00+00:00,2026-08-24T10:40:53.008085+00:00,0,False,0.0,,none,False,none,,rss,False
122eae77dc2e,https://www.ivpressonline.com/online_features/travel/escape-the-everyday-routine-summer-travel-experiences-worth-logging-off-for/article_e417b9ef-087c-5174-a8a2-844ecb84f2c0.html,Escape the Everyday Routine: Summer Travel Experiences Worth Logging Off For,IV Press,2026-08-24T05:00:00+00:00,2026-08-24T10:40:53.008122+00:00,0,False,0.0,,none,False,none,,rss,False
e0787399fa00,https://www.ivpressonline.com/online_features/family_living/kia-and-its-dealers-expand-community-giving-nationwide/article_34409e7a-d274-531a-9493-259181987948.html,Kia and its Dealers Expand Community Giving Nationwide,IV Press,2026-08-24T05:00:00+00:00,2026-08-24T10:40:53.008152+00:00,0,False,0.0,,none,False,none,,rss,False
85d71a50541e,https://www.ivpressonline.com/online_features/food_recipes_entertaining/expert-entertaining-advice-for-hosting-summer-soirees/article_6c32d71a-7124-5292-b020-71a19f6034c8.html,Expert Entertaining Advice for Hosting Summer Soirees,IV Press,2026-08-24T05:00:00+00:00,2026-08-24T10:40:53.008180+00:00,0,False,0.0,,none,False,none,,rss,False
195c10c95884,https://www.ivpressonline.com/online_features/money_and_finance/vacation-hangover-the-financial-stress-travelers-feel-after-the-trip/article_5b311b42-1bfa-5b06-bce4-bee81abadc91.html,Vacation Hangover: The Financial Stress Travelers Feel After the Trip,IV Press,2026-08-24T05:00:00+00:00,2026-08-24T10:40:53.008209+00:00,0,False,0.0,,none,False,none,,rss,False
1fc5a864db61,https://www.ivpressonline.com/online_features/money_and_finance/beyond-the-sticker-price-identifying-the-most-affordable-new-vehicles-to-insure-for-2026/article_0f63efd3-a65c-57d3-8d2b-473be3b7fa09.html,Beyond the Sticker Price: Identifying the Most Affordable New Vehicles to Insure for 2026,IV Press,2026-08-24T05:00:00+00:00,2026-08-24T10:40:53.008238+00:00,0,False,0.0,,none,False,none,,rss,False
f1cd389071fc,https://www.ivpressonline.com/online_features/money_and_finance/ev-interest-climbs-as-gas-price-uncertainty-pushes-families-toward-electric-suvs/article_d98c26d9-f8a3-5cb7-a1ac-3454290b3ee3.html,EV Interest Climbs as Gas Price Uncertainty Pushes Families Toward Electric SUVs,IV Press,2026-08-24T05:00:00+00:00,2026-08-24T10:40:53.008300+00:00,0,False,0.0,,none,False,none,,rss,False
773179e0b497,https://www.ivpressonline.com/online_features/money_and_finance/covering-basic-expenses-with-credit-cards-adds-to-the-growing-debt-cycle/article_7863c624-b51e-566e-a447-4117e6290c4a.html,Covering Basic Expenses with Credit Cards Adds to the Growing Debt Cycle,IV Press,2026-08-24T05:00:00+00:00,2026-08-24T10:40:53.008327+00:00,0,False,0.0,,none,False,none,,rss,False
ad0aedf1e367,https://www.ivpressonline.com/online_features/travel/driving-in-wet-summer-conditions-the-impact-of-worn-tires-on-stopping-distance/article_8f920a0f-7c92-5d10-89d5-f553b3c1f865.html,Driving in Wet Summer Conditions: The Impact of Worn Tires on Stopping Distance,IV Press,2026-08-24T05:00:00+00:00,2026-08-24T10:40:53.008354+00:00,0,False,0.0,,none,False,none,,rss,False
b41d34842a52,https://www.ivpressonline.com/online_features/press_releases/rznomics-joins-lilly-gateway-labs-in-san-diego-to-accelerate-rna-therapeutics/article_89e183f3-daab-5719-a0d7-bf112eb6ae33.html,Rznomics Joins Lilly Gateway Labs in San Diego to Accelerate RNA Therapeutics,IV Press,2026-08-24T01:54:00+00:00,2026-08-24T10:40:53.008401+00:00,0,False,0.0,,none,False,none,,rss,True
4b5409c69abc,https://www.ivpressonline.com/online_features/press_releases/veteran-owned-denver-hvac-firm-eyes-dallas-expansion-after-record-first-year/article_04d87e31-34a5-52ad-a372-1c3e260fba71.html,Veteran-Owned Denver HVAC Firm Eyes Dallas Expansion After Record First Year,IV Press,2026-08-23T18:00:01+00:00,2026-08-24T10:40:53.008429+00:00,0,False,0.0,,none,False,none,,rss,False
a2a783ce238b,https://www.ivpressonline.com/online_features/press_releases/40-acres-and-a-profit-launches-the-levi-bean-lake-real-estate-course-built-on/article_ffa32a9e-1d49-5eec-9f99-792a872bc243.html,40 Acres And A Profit Launches The Levi Bean Lake Real Estate Course Built on Real Houses and $1M+ in Capital,IV Press,2026-08-23T10:05:02+00:00,2026-08-24T10:40:53.008460+00:00,0,False,0.0,,none,False,none,,rss,False
412f34eafb03,https://www.ivpressonline.com/online_features/press_releases/glamping-with-hot-tubs-why-britain-s-2026-wellness-trend-is-a-field-not-a/article_6b634752-440e-5dc5-adb8-98a4d7fcd8c1.html,"Glamping With Hot Tubs: Why Britain’s 2026 Wellness Trend Is a Field, Not a Spa",IV Press,2026-08-22T21:05:02+00:00,2026-08-24T10:40:53.008494+00:00,0,False,0.0,,none,False,none,,rss,False
8cef70bd940e,https://www.ivpressonline.com/online_features/press_releases/dsc-web-services-says-website-redesign-is-no-longer-just-about-looks-it-s-about/article_5d4fcfb9-0123-5570-99b9-62f98d83fb41.html,DSC Web Services Says Website Redesign Is No Longer Just About Looks – It’s About AI,IV Press,2026-08-22T21:05:02+00:00,2026-08-24T10:40:53.008526+00:00,0,False,0.0,,none,False,none,,rss,False
5f4dc1b61347,https://www.ivpressonline.com/online_features/press_releases/air-today-heating-cooling-named-south-carolina-s-best-hvac-sales-and-service-company-for/article_8d278183-df59-5e35-91ef-fd105de92278.html,Air Today Heating & Cooling Named South Carolina’s Best HVAC Sales and Service Company for the Second Year in a Row,IV Press,2026-08-22T21:00:03+00:00,2026-08-24T10:40:53.008562+00:00,0,False,0.0,,none,False,none,,rss,False
80c228fd9091,https://www.ivpressonline.com/online_features/press_releases/2026-s-top-window-covering-trends-and-the-sister-owned-store-carrying-them-all/article_5a9f0c26-7ede-50d1-b2f2-375daab61eaf.html,"2026’s Top Window Covering Trends, and the Sister-Owned Store Carrying Them All",IV Press,2026-08-22T21:00:03+00:00,2026-08-24T10:40:53.008595+00:00,0,False,0.0,,none,False,none,,rss,False
a9a7a165f23c,https://www.ivpressonline.com/online_features/press_releases/pete-s-tire-barns-introduces-actn-commercial-truck-tires-a-quality-economic-option-for-fleet/article_407e81fa-186a-5279-8140-e90b070539eb.html,"Pete’s Tire Barns Introduces ACTN Commercial Truck Tires – A Quality, Economic Option for Fleet Operators and Owner-Operators",IV Press,2026-08-22T21:00:03+00:00,2026-08-24T10:40:53.008631+00:00,0,False,0.0,,none,False,none,,rss,False
3aa06da2d43f,https://www.ivpressonline.com/online_features/press_releases/broadway-broadcasting-s-2026-telly-award-winning-5th-row-center-with-roma-torre-returns-for/article_a00ae3b9-44c5-5912-8bbf-768ecef47e37.html,Broadway Broadcasting’s 2026 Telly Award-Winning 5th Row Center …with Roma Torre Returns for Season Two,IV Press,2026-08-22T21:00:03+00:00,2026-08-24T10:40:53.008679+00:00,0,False,0.0,,none,False,none,,rss,False
cdf627f7db97,https://www.ivpressonline.com/online_features/press_releases/nereus-sponsored-no-47-indycar-ready-for-historic-freedom-250-grand-prix-in-washington-d/article_3c5cbe3d-1858-5d1b-80af-af79ce5e8277.html,"NEREUS™ Sponsored No. 47 IndyCar Ready for Historic Freedom 250 Grand Prix in Washington, D.C.",IV Press,2026-08-22T19:16:00+00:00,2026-08-24T10:40:53.008734+00:00,0,False,0.0,,none,False,none,,rss,True
507e998d3558,https://www.ivpressonline.com/online_features/press_releases/genye-technology-opens-new-la-area-branch-and-technology-demonstration-center-in-southern-california/article_5eba8024-ec1a-5600-bd1a-999852975873.html,Genye Technology Opens New LA-Area Branch and Technology Demonstration Center in Southern California,IV Press,2026-08-22T16:00:00+00:00,2026-08-24T10:40:53.008791+00:00,0,False,0.0,,none,False,none,,rss,True
2ae9bc006ede,https://www.ivpressonline.com/online_features/press_releases/selling-a-business-in-raleigh-valuation-preparation-best-brokers-guide-released/article_98b5c2d3-e751-5083-b337-c7d82f0e28c4.html,"Selling a Business in Raleigh: Valuation, Preparation, Best Brokers (Guide Released)",IV Press,2026-08-22T15:15:02+00:00,2026-08-24T10:40:53.008820+00:00,0,False,0.0,,none,False,none,,rss,False
3cf3f6e79648,https://www.ivpressonline.com/online_features/press_releases/universe-colorbond-fencing-brisbane-launches-dedicated-colorbond-service-across-brisbane-s-western-suburbs/article_28abc009-494b-594f-93a5-40ec7f9ff71d.html,Universe Colorbond Fencing Brisbane launches dedicated Colorbond service across Brisbane’s western suburbs,IV Press,2026-08-22T14:20:04+00:00,2026-08-24T10:40:53.008853+00:00,0,False,0.0,,none,False,none,,rss,False
f86f74daf554,https://www.ivpressonline.com/online_features/press_releases/kurly-expands-its-chef-driven-food-collection-with-udon-kadens-u-s-retail-launch/article_4212d613-3dc9-5ee5-91fb-4f59ec36c267.html,Kurly Expands Its Chef-Driven Food Collection with Udon Kaden's U.S. Retail Launch,IV Press,2026-08-22T12:44:00+00:00,2026-08-24T10:40:53.008903+00:00,0,False,0.0,,none,False,none,,rss,True
4ac7f2d60db5,https://www.ivpressonline.com/online_features/press_releases/sledgeback-verifies-velotric-discount-code-ref602492-for-us-shoppers/article_2a9a5f7d-eb70-5484-b36c-008250a3e8a1.html,Sledgeback Verifies Velotric Discount Code REF602492 for US Shoppers,IV Press,2026-08-22T12:20:03+00:00,2026-08-24T10:40:53.008930+00:00,0,False,0.0,,none,False,none,,rss,False
7406ed7f0120,https://kyma.com/news/imperial-county/2026/08/24/cold-treats-offer-quick-break-for-imperial-county-residents/,Cold treats offer quick break for Imperial County residents,KYMA,2026-08-25T00:22:09+00:00,2026-08-25T10:37:14.637061+00:00,6,False,0.1,,none,False,city,,rss,True
9d4f158be6c1,https://kyma.com/education/imperial-education/2026/08/24/imperial-valley-college-welcomes-interim-president-dr-james-limbaugh/,IVC welcomes interim president Dr. James Limbaugh,KYMA,2026-08-24T23:26:17+00:00,2026-08-25T10:37:14.637141+00:00,3,False,0.05,,none,False,city,,rss,True
dc6657ef08de,https://www.ivpressonline.com/news/adrianne-dorsey-lawson-recognized-as-senate-district-18-constituent-of-the-month/article_d2b1c2c7-f25e-4275-90c4-f54504d14e2e.html,Adrianne Dorsey-Lawson recognized as Senate District 18 Constituent of the Month,IV Press,2026-08-25T07:00:00+00:00,2026-08-25T10:37:16.968310+00:00,6,False,0.1,,none,False,city,,rss,True
94bb3d64768e,https://www.ivpressonline.com/news/nevada-sues-federal-government-over-devastating-colorado-river-water-cuts/article_e35bb8a9-1feb-4f57-afc9-4f38329f4fcb.html,Nevada sues federal government over ‘devastating’ Colorado River water cuts,IV Press,2026-08-25T07:00:00+00:00,2026-08-25T10:37:16.968375+00:00,0,False,0.0,,none,False,none,,rss,True
4dfcd6019283,https://www.ivpressonline.com/opinion/110-in-the-shade-immigrant-help/article_e92aaea3-c32a-4929-8e10-ebb5ddf98947.html,110 IN THE SHADE: Immigrant help,IV Press,2026-08-25T07:00:00+00:00,2026-08-25T10:37:16.968424+00:00,0,False,0.0,,none,False,none,,rss,True
d37ceee7d0bd,https://www.ivpressonline.com/news/valley-briefs-new-weekly-farmers-market-to-launch-on-sept-5/article_486a9c5b-72e8-4508-9349-19f6eefc1068.html,VALLEY BRIEFS: New weekly farmers market to launch on Sept. 5,IV Press,2026-08-25T07:00:00+00:00,2026-08-25T10:37:16.968453+00:00,3,False,0.05,,none,False,city,,rss,True
889059563864,https://www.ivpressonline.com/news/border-patrol-agents-rescue-dehydrated-migrant-stranded-two-days-in-california-mountains/article_1fc9b185-d1c8-4f2c-be33-449d8ec7815f.html,Border Patrol agents rescue dehydrated migrant stranded two days in California mountains,IV Press,2026-08-25T07:00:00+00:00,2026-08-25T10:37:16.968504+00:00,3,False,0.05,,none,False,city,,rss,True
f8795aab76c6,https://www.ivpressonline.com/news/el-centro-police-department-welcomes-four-new-personnel/article_9f7a997a-f6e3-41d1-a804-629e53c63388.html,El Centro Police Department welcomes four new personnel,IV Press,2026-08-25T07:00:00+00:00,2026-08-25T10:37:16.968547+00:00,3,False,0.05,,none,False,city,,rss,True
c43f98e65029,https://www.ivpressonline.com/news/mexicali-briefs-mexican-trucking-group-urges-u-s-border-officials-to-clarify-visa-revocations/article_d8528b1b-f615-412e-b20e-6c3b28742a89.html,MEXICALI BRIEFS: Mexican trucking group urges U.S. border officials to clarify visa revocations,IV Press,2026-08-25T07:00:00+00:00,2026-08-25T10:37:16.968577+00:00,0,False,0.0,,none,False,none,,rss,True
798ffd7c0edd,https://www.ivpressonline.com/news/health-officials-urge-covid-19-vaccinations-as-california-faces-expected-late-summer-surge/article_9611e604-33b3-4515-a06e-1dd0590a9288.html,Health officials urge COVID-19 vaccinations as California faces expected late-summer surge,IV Press,2026-08-25T07:00:00+00:00,2026-08-25T10:37:16.968623+00:00,0,False,0.0,,none,False,none,,rss,True
7f6852e87b53,https://www.ivpressonline.com/news/cops-briefs-suspect-booked-facing-multiple-allegations/article_69eea790-2806-49f0-8108-2234db21e9b0.html,COPS BRIEFS: Suspect booked facing multiple allegations,IV Press,2026-08-25T07:00:00+00:00,2026-08-25T10:37:16.968650+00:00,3,False,0.05,,none,False,city,,rss,True
a511d7896b0b,https://www.ivpressonline.com/news/lawmakers-demand-answers-over-plan-to-house-migrant-children-at-contaminated-louisiana-military-site/article_9f35c601-13e2-4dfd-b23b-abae78c178e5.html,Lawmakers demand answers over plan to house migrant children at contaminated Louisiana military site,IV Press,2026-08-25T07:00:00+00:00,2026-08-25T10:37:16.968701+00:00,0,False,0.0,,none,False,none,,rss,True
2b20c6684749,https://www.ivpressonline.com/news/supervisors-to-review-budget-augmentations-ceqa-updates/article_4b110324-d202-4586-9d1e-4edd5450723b.html,"Supervisors to review budget augmentations, CEQA updates",IV Press,2026-08-25T07:00:00+00:00,2026-08-25T10:37:16.968750+00:00,6,False,0.1,,none,False,city,,rss,True
755ebcfbf480,https://www.ivpressonline.com/news/assembly-gop-demands-independent-cost-review/article_85e5bca3-e32a-4cd8-bb3d-e5cc7739fdd6.html,Assembly GOP demands independent cost review,IV Press,2026-08-25T07:00:00+00:00,2026-08-25T10:37:16.968781+00:00,0,False,0.0,,none,False,none,,rss,True
7c7c1ba4b4e8,https://www.ivpressonline.com/news/hydro-works-here-iid-recognizes-national-hydropower-day/article_77e20120-af7a-404f-90c6-28b6f7cae982.html,Hydro works here: IID recognizes National Hydropower Day,IV Press,2026-08-25T07:00:00+00:00,2026-08-25T10:37:16.968815+00:00,3,False,0.05,,none,False,city,,rss,True
75aacd80ed43,https://www.ivpressonline.com/news/state-briefs-california-man-sentenced-to-3-years-in-meth-trafficking-scheme/article_74741a16-2e01-4b70-9ebf-2073babc1969.html,STATE BRIEFS: California man sentenced to 3 years in meth trafficking scheme,IV Press,2026-08-25T07:00:00+00:00,2026-08-25T10:37:16.968843+00:00,0,False,0.0,,none,False,none,,rss,True
56a84a1e6368,https://www.ivpressonline.com/opinion/opinion-patients-benefit-when-medicines-keep-improving-patents-make-that-progress-possible/article_f43c5871-86ea-4583-8d4b-df0ebfc8d98e.html,OPINION: Patients benefit when medicines keep improving — patents make that progress possible,IV Press,2026-08-25T07:00:00+00:00,2026-08-25T10:37:16.968889+00:00,0,False,0.0,,none,False,none,,rss,True
c3b375c3c4b9,https://www.ivpressonline.com/adelantevalle/legisladores-exigen-respuestas-sobre-el-plan-para-albergar-a-ni-os-migrantes-en-un-sitio/article_92ec1de6-960d-4241-9837-966efc339c92.html,Legisladores exigen respuestas sobre el plan para albergar a niños migrantes en un sitio militar contaminado en Luisiana,IV Press,2026-08-25T07:00:00+00:00,2026-08-25T10:37:16.968942+00:00,0,False,0.0,,none,False,none,,rss,True
f18a70ab58ed,https://www.ivpressonline.com/news/sensory-xplorers-expands-to-imperial/article_0816b560-8fc7-4a0d-8177-3c5d77c4f912.html,Sensory Xplorers expands to Imperial,IV Press,2026-08-25T07:00:00+00:00,2026-08-25T10:37:16.968980+00:00,3,False,0.05,,none,False,city,,rss,True
4ef12a294231,https://www.ivpressonline.com/sports/sports-girls-volleyball-returns-to-action-after-weekend-tournament-battles/article_c6546a7f-9cf3-4252-afbc-6bbe0a567e84.html,SPORTS: Girls’ volleyball returns to action after weekend tournament battles,IV Press,2026-08-25T07:00:00+00:00,2026-08-25T10:37:16.969029+00:00,6,False,0.1,,none,False,city,,rss,True
1952675e1271,https://www.ivpressonline.com/online_features/press_releases/kitchen-goodies-4-u-llc-reaffirms-commitment-to-fast-customer-focused-online-shopping-for-home/article_e18a1f30-c823-5da9-84d2-b5912cd5bb4a.html,"Kitchen Goodies 4 U LLC Reaffirms Commitment to Fast, Customer-Focused Online Shopping for Home Cooks Across the United States",IV Press,2026-08-25T03:45:02+00:00,2026-08-25T10:37:16.969060+00:00,0,False,0.0,,none,False,none,,rss,False
3d078a5c7650,https://www.ivpressonline.com/online_features/press_releases/foxfire-canoes-merges-artisan-woodworking-with-paddle-sport-performance-to-create-the-ultimate-fly-fishing/article_cde30f84-2f81-5fba-ab85-5be1ebc68503.html,Foxfire Canoes Merges Artisan Woodworking With Paddle Sport Performance to Create the Ultimate Fly Fishing Watercraft,IV Press,2026-08-25T03:40:02+00:00,2026-08-25T10:37:16.969089+00:00,0,False,0.0,,none,False,none,,rss,False
d6f6c8e05cbc,https://www.ivpressonline.com/online_features/press_releases/hrh-candle-introduces-revolutionary-crystal-wax-candle-system-that-empowers-consumers-to-customize-their-home/article_9ca8ca54-3458-5e92-8732-39230b69358f.html,HRH Candle Introduces Revolutionary Crystal Wax Candle System That Empowers Consumers to Customize Their Home Fragrance Experience,IV Press,2026-08-25T03:40:02+00:00,2026-08-25T10:37:16.969120+00:00,0,False,0.0,,none,False,none,,rss,False
c1044c99a8cb,https://www.ivpressonline.com/online_features/press_releases/ethiopia-prime-leads-purelight-coffee-lineup-as-bootstrapped-brand-redefines-online-specialty-coffee-for-a/article_4795095a-8fc7-550c-ba12-b7867b018e11.html,Ethiopia Prime Leads Purelight Coffee Lineup as Bootstrapped Brand Redefines Online Specialty Coffee for a New Generation,IV Press,2026-08-25T03:35:04+00:00,2026-08-25T10:37:16.969169+00:00,0,False,0.0,,none,False,none,,rss,False
346001f91871,https://www.ivpressonline.com/online_features/press_releases/veteran-founded-house-of-enough-bridges-mental-health-expertise-and-body-care-to-serve-women/article_61125988-520c-59ce-87e7-8bbcd4a6df58.html,Veteran-Founded House of Enough Bridges Mental Health Expertise and Body Care to Serve Women Often Overlooked by Beauty Brands,IV Press,2026-08-25T03:35:04+00:00,2026-08-25T10:37:16.969201+00:00,0,False,0.0,,none,False,none,,rss,False
850b4c718cd3,https://www.ivpressonline.com/online_features/press_releases/prv-tree-service-highlights-efficient-land-clearing-solutions-for-austin-tx-property-development/article_f2698e30-d2e9-5bf3-b5fe-f9e14324714e.html,"PRV Tree Service Highlights Efficient Land Clearing Solutions for Austin, TX Property Development",IV Press,2026-08-25T03:30:02+00:00,2026-08-25T10:37:16.969229+00:00,0,False,0.0,,none,False,none,,rss,False
0074d761eb8d,https://www.ivpressonline.com/online_features/press_releases/the-estate-lawyers-attorneys-carl-l-jones-and-michael-c-mcdonald-recognized-in-2027-best/article_fba9bc5b-efa1-5cbf-91c0-b02ba028c434.html,The Estate Lawyers Attorneys Carl L. Jones and Michael C. McDonald Recognized in 2027 Best Lawyers: Ones to Watch® in America,IV Press,2026-08-25T03:30:02+00:00,2026-08-25T10:37:16.969262+00:00,0,False,0.0,,none,False,none,,rss,False
8ed2836db74c,https://kyma.com/news/2026/08/25/imperial-county-fire-department-gets-much-needed-funding/,Imperial County Fire Department gets much needed funding,KYMA,2026-08-26T02:52:02+00:00,2026-08-26T10:38:49.066692+00:00,6,False,0.1,,none,False,city,,rss,True
523a16f06566,https://kyma.com/decision-politics/local-politics/2026/08/25/el-centro-hosts-virtual-forum-to-detail-proposed-measure-t-sales-tax-increase/,El Centro hosts virtual forum to detail proposed Measure T sales tax increase,KYMA,2026-08-26T00:23:12+00:00,2026-08-26T10:38:49.066813+00:00,3,False,0.05,,none,False,city,,rss,True
1c7f0697515d,https://kyma.com/news/imperial-county/2026/08/25/federal-agents-on-scene-at-home-belonging-to-man-accused-of-murdering-missing-teen/,Federal agents on scene at home belonging to man accused of murdering missing teen,KYMA,2026-08-25T17:30:14+00:00,2026-08-26T10:38:49.066885+00:00,6,False,0.1,,none,False,city,,rss,True
87c81e5ee215,https://kyma.com/news/imperial-county/2026/08/25/city-of-el-centro-announces-street-work-for-this-week/,City of El Centro announces street work for this week,KYMA,2026-08-25T22:25:47+00:00,2026-08-26T10:38:49.066946+00:00,6,False,0.1,,none,False,city,,rss,True
202ee1e8b36d,https://kyma.com/decision-politics/2026/08/24/ruben-villa-runs-for-brawley-elementary-school-district-board-of-trustees/,Ruben Villa runs for Brawley Elementary School District Board of Trustees,KYMA,2026-08-25T01:11:23+00:00,2026-08-26T10:38:49.067012+00:00,3,False,0.05,,none,False,city,,rss,True
a41ab45b6410,https://kyma.com/news/top-stories/2026/08/26/dangerous-desert-heat-pushes-imperial-county-emergency-rooms-to-the-brink/,Dangerous desert heat pushes Imperial County emergency rooms to the brink,KYMA,2026-08-26T21:15:56+00:00,2026-08-27T20:13:48.005507+00:00,9,False,0.15,,none,False,city,,rss,True
d1516898a1b7,https://kyma.com/news/imperial-county/2026/08/26/officials-identify-citrus-disease-symptoms-and-in-imperial-county/,Officials identify citrus disease symptoms and  in Imperial County,KYMA,2026-08-26T20:15:40+00:00,2026-08-27T20:13:48.005587+00:00,6,False,0.1,,none,False,city,,rss,True
debaade71bce,https://kyma.com/news/imperial-county/2026/08/25/imperial-county-fire-department-gets-much-needed-funding/,ICFD gets much needed funding,KYMA,2026-08-26T02:52:02+00:00,2026-08-27T20:13:48.005646+00:00,3,False,0.05,,none,False,city,,rss,True
eb3de48a0160,https://kyma.com/news/imperial-county/2026/08/28/raising-canes-celebrates-30-years/,Raising Cane’s celebrates 30 years,KYMA,2026-08-28T18:42:25+00:00,2026-08-28T21:08:24.589763+00:00,6,False,0.1,,none,False,city,,rss,True
1db5e856fd3d,https://kyma.com/news/imperial-county/2026/08/28/imperial-county-district-attorney-launches-first-ever-summer-post-bar-program/,Imperial County D.A.’s Office launches first-ever ‘Summer Post-Bar’ Program,KYMA,2026-08-28T17:39:47+00:00,2026-08-28T21:08:24.589860+00:00,6,False,0.1,,none,False,city,,rss,True
8d3c5cddbec1,https://kyma.com/decision-politics/local-politics/2026/08/28/u-s-and-mexico-trade-talks-continue/,U.S. and Mexico trade talks continue,KYMA,2026-08-28T18:52:26+00:00,2026-08-28T21:08:24.589921+00:00,0,False,0.0,,none,False,none,,rss,True
0e3e68021bfb,https://kyma.com/news/imperial-county/2026/08/27/date-shake-turns-local-harvest-into-treats/,‘Date Shake’ turns local harvest into treats,KYMA,2026-08-28T01:21:28+00:00,2026-08-28T21:08:24.590006+00:00,3,False,0.05,,none,False,city,,rss,True
1a1dbce05469,https://kyma.com/news/imperial-county/2026/08/27/humane-society-of-imperial-county-to-host-community-fundraisers/,Humane Society of Imperial County to host community fundraisers,KYMA,2026-08-28T00:26:02+00:00,2026-08-28T21:08:24.590074+00:00,6,False,0.1,,none,False,city,,rss,True
eb8728261603,https://kyma.com/news/imperial-county/2026/08/27/el-centro-seeks-10-million-for-new-emergency-hub-and-upgraded-fire-station/,El Centro seeks $10 million for new emergency hub and upgraded fire station,KYMA,2026-08-27T23:05:06+00:00,2026-08-28T21:08:24.590143+00:00,6,False,0.1,,none,False,city,,rss,True
ea64049d72dd,https://kyma.com/news/imperial-county/2026/08/27/composer-arturo-marquez-to-perform-in-el-centro/,Composer Arturo Márquez to perform in El Centro,KYMA,2026-08-27T22:30:05+00:00,2026-08-28T21:08:24.590218+00:00,6,False,0.1,,none,False,city,,rss,True
7bc31a192ef7,https://kyma.com/news/local-news/2026/08/27/national-dog-day-celebrated-in-imperial-valley/,Imperial Valley celebrates National Dog Day,KYMA,2026-08-27T14:04:07+00:00,2026-08-28T21:08:24.590284+00:00,6,False,0.1,,none,False,city,,rss,True
e052ea6c4709,https://kyma.com/news/imperial-county/2026/08/28/how-smartphones-are-transforming-el-centro-police-patrols/,How smartphones are transforming El Centro police patrols,KYMA,2026-08-28T23:04:03+00:00,2026-08-29T14:58:19.292749+00:00,6,False,0.1,,none,False,city,,rss,True
14a6d4fa9f5a,https://kyma.com/news/imperial-county/2026/08/31/water-restored-for-brawley-residents-following-pipe-burst/,Water restored for Brawley residents following pipe burst,KYMA,2026-09-01T00:14:23+00:00,2026-09-01T14:38:33.915029+00:00,6,False,0.1,,none,False,city,,rss,True
c9125ce6b266,https://kyma.com/decision-politics/2026/08/31/john-canaris-runs-for-calexico-city-council/,John Canaris runs for Calexico City Council,KYMA,2026-08-31T23:23:48+00:00,2026-09-01T14:38:33.915090+00:00,3,False,0.05,,none,False,city,,rss,True
330cfbfb9547,https://kyma.com/news/imperial-county/2026/08/31/ecrmcs-bridge-program-battles-addiction-and-stigma-on-international-overdose-awareness-day/,ECRMC’s ‘Bridge Program’ battles addiction and stigma on International Overdose Awareness Day,KYMA,2026-08-31T22:29:47+00:00,2026-09-01T14:38:33.915158+00:00,3,False,0.05,,none,False,city,,rss,True
ce7cd043261d,https://kyma.com/news/imperial-county/2026/08/31/icfd-welcomes-new-emotional-support-dog-named-courage/,ICFD welcomes new emotional support dog named Courage,KYMA,2026-08-31T21:35:34+00:00,2026-09-01T14:38:33.915208+00:00,6,False,0.1,,none,False,city,,rss,True
a1d60913b80e,https://kyma.com/news/imperial-county/2026/09/01/local-nonprofit-best-s-t-e-p-forward-expands-regional-reach-with-brand-new-brawley-facility/,Local nonprofit expands regional reach with brand-new Brawley facility,KYMA,2026-09-02T00:15:20+00:00,2026-09-02T14:12:58.016772+00:00,6,False,0.1,,none,False,city,,rss,True
e8eef319f814,https://kyma.com/news/top-stories/2026/09/01/chp-to-conduct-labor-day-holiday-enforcement-period/,CHP to conduct Labor Day Holiday Enforcement Period,KYMA,2026-09-01T22:41:05+00:00,2026-09-02T14:12:58.016848+00:00,0,False,0.0,,none,False,none,,rss,True
66d77a3999a2,https://kyma.com/dsw-living/data-centers/2026/09/01/judge-rules-data-center-project-must-undergo-full-environmental-review/,Judge rules data center project must undergo full environmental review,KYMA,2026-09-01T21:46:34+00:00,2026-09-02T14:12:58.016913+00:00,0,False,0.0,,none,False,none,,rss,True
369ac3150509,https://kyma.com/news/2026/09/01/brawley-takes-center-stage-for-a-lowrider-magazine-video-shoot/,Brawley takes center stage for a Lowrider Magazine video shoot,KYMA,2026-09-01T19:44:11+00:00,2026-09-02T14:12:58.016976+00:00,3,False,0.05,,none,False,city,,rss,True
2246f3219736,https://kyma.com/news/imperial-county/2026/09/01/imperial-pd-arrests-teen-for-attempted-murder/,Imperial PD arrests teen for attempted murder,KYMA,2026-09-01T19:35:30+00:00,2026-09-02T14:12:58.017035+00:00,3,False,0.05,,none,False,city,,rss,True
cd2bafafc9e4,https://kyma.com/news/imperial-county/2026/09/02/activate-imperial-aims-to-give-residents-a-voice-amid-green-energy-and-data-center-boom/,‘Activate Imperial’ aims to give residents a voice amid green energy and data center boom,KYMA,2026-09-02T22:57:55+00:00,2026-09-03T14:16:18.728623+00:00,3,False,0.05,,none,False,city,,rss,True
497089fbb262,https://kyma.com/decision-politics/local-politics/2026/09/02/election-signs-in-calexico-vandalized/,Election signs in Calexico vandalized,KYMA,2026-09-02T23:19:26+00:00,2026-09-03T14:16:18.728690+00:00,6,False,0.1,,none,False,city,,rss,True
b108115b5b21,https://kyma.com/news/imperial-county/2026/09/02/imperial-county-student-faces-felony-ammo-charges/,Imperial County student faces felony ammo charges,KYMA,2026-09-02T20:14:05+00:00,2026-09-03T14:16:18.728746+00:00,6,False,0.1,,none,False,city,,rss,True
b2ce9f151615,https://kyma.com/news/imperial-county/2026/09/02/blue-envelope-program-aims-to-make-interactions-with-law-enforcement-safer/,Blue Envelope Program aims to make interactions with law enforcement safer,KYMA,2026-09-02T18:56:28+00:00,2026-09-03T14:16:18.728809+00:00,6,False,0.1,,none,False,city,,rss,True
2ed1bd5648e6,https://kyma.com/news/imperial-county/2026/09/02/vehicle-theft-suspect-apprehended-at-circle-k-in-calipatria/,Man arrested in Imperial County for allegedly stealing a vehicle,KYMA,2026-09-02T19:04:20+00:00,2026-09-03T14:16:18.728933+00:00,6,False,0.1,,none,False,city,,rss,True
2e216d6b0fce,https://kyma.com/decision-politics/2026/09/03/sara-solorzano-runs-for-imperial-city-council/,Sara Solorzano runs for Imperial City Council,KYMA,2026-09-03T23:46:41+00:00,2026-09-04T14:06:01.330396+00:00,3,False,0.05,,none,False,city,,rss,True
8e9280a73ba3,https://kyma.com/news/imperial-county/2026/09/03/new-weekly-farmers-market-launches-in-brawley/,New weekly farmers market launches in Brawley,KYMA,2026-09-03T22:41:04+00:00,2026-09-04T14:06:01.330471+00:00,6,False,0.1,,none,False,city,,rss,True
df2d94a3b0d6,https://kyma.com/news/imperial-county/2026/09/03/firefighters-battle-fire-at-solar-plant-in-imperial-county/,Firefighters battle fire at solar plant in Imperial County,KYMA,2026-09-03T16:48:50+00:00,2026-09-04T14:06:01.330531+00:00,6,False,0.1,,none,False,city,,rss,True
